2026-09-18 16:19:00,925 - INFO - Adding date features
2026-09-18 16:19:00,931 - INFO - Calculating haversine distance
2026-09-18 16:19:00,934 - INFO - Calculating haversine distance
2026-09-18 16:19:00,935 - INFO - Calculating haversine distance
2026-09-18 16:19:00,939 - INFO - Project root resolved to: D:\MlOps_tasks\task_3
2026-09-18 16:19:00,982 - INFO - Loading pickle artifact: ..\models\trained_model.pkl
2026-09-18 16:19:01,682 - INFO - Loading pickle artifact: ..\models\transformers\imputer.pkl
2026-09-18 16:19:01,779 - INFO - Loading feature list: ..\feature_list.txt
2026-09-18 16:19:01,779 - INFO - Feature list loaded with 117 columns
2026-09-18 16:19:01,814 - INFO - Prediction request Received
2026-09-18 16:19:01,814 - INFO - Preparing features for prediction
2026-09-18 16:19:01,821 - INFO - Building order features for order_id=9e6bc602a2466daa94736f31d1319c5d
2026-09-18 16:19:04,501 - INFO - Order feature creation completed for order_id=9e6bc602a2466daa94736f31d1319c5d
2026-09-18 16:19:04,571 - INFO - Dropping unused columns from the dataset
2026-09-18 16:19:04,571 - INFO - Adding date features
2026-09-18 16:19:04,580 - INFO - Calculating haversine distance
2026-09-18 16:19:04,580 - INFO - Calculating haversine distance
2026-09-18 16:19:04,582 - INFO - Creating missing value indicators for specific columns
2026-09-18 16:19:04,590 - INFO - Validating input data for required columns and non-empty DataFrame
2026-09-18 16:19:04,590 - INFO - Applying imputer to missing values
2026-09-18 16:19:04,606 - INFO - Aligning features to match model's expected input
2026-09-18 16:19:04,608 - INFO - Making predictions using the provided model
2026-09-18 16:19:04,686 - INFO - Prediction request: input=   num_sellers  num_items  ...  customer_lat_missing  customer_lng_missing
0            2          2  ...                     0                     0

[1 rows x 117 columns] output={'prediction': 0, 'probability': 0.168917715549469} latency=2.872 model_version=1
2026-09-18 16:19:04,922 - INFO - Prediction request Received
2026-09-18 16:19:04,922 - INFO - Preparing features for prediction
2026-09-18 16:19:04,923 - INFO - Building order features for order_id=c0e57db4a4a6ef32aa28911d1c07df81
2026-09-18 16:19:07,227 - INFO - Order feature creation completed for order_id=c0e57db4a4a6ef32aa28911d1c07df81
2026-09-18 16:19:07,299 - INFO - Dropping unused columns from the dataset
2026-09-18 16:19:07,299 - INFO - Adding date features
2026-09-18 16:19:07,306 - INFO - Calculating haversine distance
2026-09-18 16:19:07,306 - INFO - Calculating haversine distance
2026-09-18 16:19:07,307 - INFO - Creating missing value indicators for specific columns
2026-09-18 16:19:07,312 - INFO - Validating input data for required columns and non-empty DataFrame
2026-09-18 16:19:07,312 - INFO - Applying imputer to missing values
2026-09-18 16:19:07,318 - INFO - Aligning features to match model's expected input
2026-09-18 16:19:07,321 - INFO - Making predictions using the provided model
2026-09-18 16:19:07,346 - INFO - Prediction request: input=   num_sellers  num_items  ...  customer_lat_missing  customer_lng_missing
0            1          1  ...                     0                     0

[1 rows x 117 columns] output={'prediction': 0, 'probability': 0.17624437808990479} latency=2.424 model_version=1
2026-09-18 16:19:07,600 - INFO - Prediction request Received
2026-09-18 16:19:07,601 - INFO - Preparing features for prediction
2026-09-18 16:19:07,601 - INFO - Building order features for order_id=88a78af246c6c2db88e72b384796c98c
2026-09-18 16:19:10,359 - INFO - Order feature creation completed for order_id=88a78af246c6c2db88e72b384796c98c
2026-09-18 16:19:10,415 - INFO - Dropping unused columns from the dataset
2026-09-18 16:19:10,415 - INFO - Adding date features
2026-09-18 16:19:10,415 - INFO - Calculating haversine distance
2026-09-18 16:19:10,415 - INFO - Calculating haversine distance
2026-09-18 16:19:10,429 - INFO - Creating missing value indicators for specific columns
2026-09-18 16:19:10,434 - INFO - Validating input data for required columns and non-empty DataFrame
2026-09-18 16:19:10,434 - INFO - Applying imputer to missing values
2026-09-18 16:19:10,439 - INFO - Aligning features to match model's expected input
2026-09-18 16:19:10,443 - INFO - Making predictions using the provided model
2026-09-18 16:19:10,468 - INFO - Prediction request: input=   num_sellers  num_items  ...  customer_lat_missing  customer_lng_missing
0            1          1  ...                     0                     0

[1 rows x 117 columns] output={'prediction': 0, 'probability': 0.246858149766922} latency=2.866 model_version=1
2026-09-18 16:19:10,706 - INFO - Prediction request Received
2026-09-18 16:19:10,706 - INFO - Preparing features for prediction
2026-09-18 16:19:10,707 - INFO - Building order features for order_id=8fb4e4bd46f9802e9179726dd20019a5
2026-09-18 16:19:13,344 - INFO - Order feature creation completed for order_id=8fb4e4bd46f9802e9179726dd20019a5
2026-09-18 16:19:13,411 - INFO - Dropping unused columns from the dataset
2026-09-18 16:19:13,413 - INFO - Adding date features
2026-09-18 16:19:13,413 - INFO - Calculating haversine distance
2026-09-18 16:19:13,413 - INFO - Calculating haversine distance
2026-09-18 16:19:13,420 - INFO - Creating missing value indicators for specific columns
2026-09-18 16:19:13,424 - INFO - Validating input data for required columns and non-empty DataFrame
2026-09-18 16:19:13,424 - INFO - Applying imputer to missing values
2026-09-18 16:19:13,431 - INFO - Aligning features to match model's expected input
2026-09-18 16:19:13,435 - INFO - Making predictions using the provided model
2026-09-18 16:19:13,460 - INFO - Prediction request: input=   num_sellers  num_items  ...  customer_lat_missing  customer_lng_missing
0            1          1  ...                     0                     0

[1 rows x 117 columns] output={'prediction': 0, 'probability': 0.20972174406051636} latency=2.754 model_version=1
2026-09-18 16:19:13,695 - INFO - Prediction request Received
2026-09-18 16:19:13,695 - INFO - Preparing features for prediction
2026-09-18 16:19:13,695 - INFO - Building order features for order_id=d7c663de1470a2d3671791d3f093991c
2026-09-18 16:19:16,289 - INFO - Order feature creation completed for order_id=d7c663de1470a2d3671791d3f093991c
2026-09-18 16:19:16,352 - INFO - Dropping unused columns from the dataset
2026-09-18 16:19:16,355 - INFO - Adding date features
2026-09-18 16:19:16,357 - INFO - Calculating haversine distance
2026-09-18 16:19:16,358 - INFO - Calculating haversine distance
2026-09-18 16:19:16,360 - INFO - Creating missing value indicators for specific columns
2026-09-18 16:19:16,366 - INFO - Validating input data for required columns and non-empty DataFrame
2026-09-18 16:19:16,366 - INFO - Applying imputer to missing values
2026-09-18 16:19:16,370 - INFO - Aligning features to match model's expected input
2026-09-18 16:19:16,376 - INFO - Making predictions using the provided model
2026-09-18 16:19:16,398 - INFO - Prediction request: input=   num_sellers  num_items  ...  customer_lat_missing  customer_lng_missing
0            1          1  ...                     0                     0

[1 rows x 117 columns] output={'prediction': 0, 'probability': 0.17072728276252747} latency=2.704 model_version=1
2026-09-18 16:19:16,642 - INFO - Prediction request Received
2026-09-18 16:19:16,643 - INFO - Preparing features for prediction
2026-09-18 16:19:16,643 - INFO - Building order features for order_id=e4309eeca1cfe3c6df5a187c38817a5c
2026-09-18 16:19:19,033 - INFO - Order feature creation completed for order_id=e4309eeca1cfe3c6df5a187c38817a5c
2026-09-18 16:19:19,092 - INFO - Dropping unused columns from the dataset
2026-09-18 16:19:19,092 - INFO - Adding date features
2026-09-18 16:19:19,092 - INFO - Calculating haversine distance
2026-09-18 16:19:19,092 - INFO - Calculating haversine distance
2026-09-18 16:19:19,100 - INFO - Creating missing value indicators for specific columns
2026-09-18 16:19:19,106 - INFO - Validating input data for required columns and non-empty DataFrame
2026-09-18 16:19:19,107 - INFO - Applying imputer to missing values
2026-09-18 16:19:19,111 - INFO - Aligning features to match model's expected input
2026-09-18 16:19:19,111 - INFO - Making predictions using the provided model
2026-09-18 16:19:19,137 - INFO - Prediction request: input=   num_sellers  num_items  ...  customer_lat_missing  customer_lng_missing
0            1          1  ...                     0                     0

[1 rows x 117 columns] output={'prediction': 1, 'probability': 0.5412375926971436} latency=2.495 model_version=1
2026-09-18 16:19:19,419 - INFO - Project root resolved to: D:\MlOps_tasks\task_3
2026-09-18 16:19:19,422 - INFO - Loading pickle artifact: ..\models\trained_model.pkl
2026-09-18 16:19:19,425 - INFO - Loading pickle artifact: ..\models\transformers\imputer.pkl
2026-09-18 16:19:19,426 - INFO - Loading feature list: ..\feature_list.txt
2026-09-18 16:19:19,426 - INFO - Feature list loaded with 117 columns
2026-09-18 16:19:19,427 - INFO - Prediction request Received
2026-09-18 16:19:19,427 - INFO - Preparing features for prediction
2026-09-18 16:19:19,427 - INFO - Building order features for order_id=test-order-001
2026-09-18 16:19:21,781 - INFO - Order feature creation completed for order_id=test-order-001
2026-09-18 16:19:21,839 - INFO - Dropping unused columns from the dataset
2026-09-18 16:19:21,842 - INFO - Adding date features
2026-09-18 16:19:21,845 - INFO - Calculating haversine distance
2026-09-18 16:19:21,845 - INFO - Calculating haversine distance
2026-09-18 16:19:21,847 - INFO - Creating missing value indicators for specific columns
2026-09-18 16:19:21,853 - INFO - Validating input data for required columns and non-empty DataFrame
2026-09-18 16:19:21,854 - INFO - Applying imputer to missing values
2026-09-18 16:19:21,858 - INFO - Aligning features to match model's expected input
2026-09-18 16:19:21,862 - INFO - Making predictions using the provided model
2026-09-18 16:19:21,882 - INFO - Prediction request: input=   num_sellers  num_items  ...  customer_lat_missing  customer_lng_missing
0          NaN        NaN  ...                     1                     1

[1 rows x 117 columns] output={'prediction': 0, 'probability': 0.4786165952682495} latency=2.453 model_version=1
2026-09-18 16:19:22,128 - INFO - Creating missing value indicators for specific columns
2026-09-18 16:19:22,135 - INFO - Aligning features to match model's expected input
2026-09-18 16:25:41,343 - INFO - Adding date features
2026-09-18 16:25:41,350 - INFO - Calculating haversine distance
2026-09-18 16:25:41,353 - INFO - Calculating haversine distance
2026-09-18 16:25:41,354 - INFO - Calculating haversine distance
2026-09-18 16:25:41,360 - INFO - Project root resolved to: D:\MlOps_tasks\task_3
2026-09-18 16:25:41,401 - INFO - Loading pickle artifact: ..\models\trained_model.pkl
2026-09-18 16:25:41,963 - INFO - Loading pickle artifact: ..\models\transformers\imputer.pkl
2026-09-18 16:25:42,048 - INFO - Loading feature list: ..\feature_list.txt
2026-09-18 16:25:42,048 - INFO - Feature list loaded with 117 columns
2026-09-18 16:25:42,085 - INFO - Prediction request Received
2026-09-18 16:25:42,085 - INFO - Preparing features for prediction
2026-09-18 16:25:42,085 - INFO - Building order features for order_id=9e6bc602a2466daa94736f31d1319c5d
2026-09-18 16:25:44,406 - INFO - Order feature creation completed for order_id=9e6bc602a2466daa94736f31d1319c5d
2026-09-18 16:25:44,475 - INFO - Dropping unused columns from the dataset
2026-09-18 16:25:44,478 - INFO - Adding date features
2026-09-18 16:25:44,481 - INFO - Calculating haversine distance
2026-09-18 16:25:44,482 - INFO - Calculating haversine distance
2026-09-18 16:25:44,483 - INFO - Creating missing value indicators for specific columns
2026-09-18 16:25:44,491 - INFO - Validating input data for required columns and non-empty DataFrame
2026-09-18 16:25:44,491 - INFO - Applying imputer to missing values
2026-09-18 16:25:44,504 - INFO - Aligning features to match model's expected input
2026-09-18 16:25:44,515 - INFO - Making predictions using the provided model
2026-09-18 16:25:44,586 - INFO - Prediction request: input=   num_sellers  num_items  ...  customer_lat_missing  customer_lng_missing
0            2          2  ...                     0                     0

[1 rows x 117 columns] output={'prediction': 0, 'probability': 0.168917715549469} latency=2.501s model_version=1
2026-09-18 16:25:44,827 - INFO - Prediction request Received
2026-09-18 16:25:44,828 - INFO - Preparing features for prediction
2026-09-18 16:25:44,828 - INFO - Building order features for order_id=c0e57db4a4a6ef32aa28911d1c07df81
2026-09-18 16:25:47,286 - INFO - Order feature creation completed for order_id=c0e57db4a4a6ef32aa28911d1c07df81
2026-09-18 16:25:47,345 - INFO - Dropping unused columns from the dataset
2026-09-18 16:25:47,350 - INFO - Adding date features
2026-09-18 16:25:47,352 - INFO - Calculating haversine distance
2026-09-18 16:25:47,352 - INFO - Calculating haversine distance
2026-09-18 16:25:47,354 - INFO - Creating missing value indicators for specific columns
2026-09-18 16:25:47,361 - INFO - Validating input data for required columns and non-empty DataFrame
2026-09-18 16:25:47,362 - INFO - Applying imputer to missing values
2026-09-18 16:25:47,365 - INFO - Aligning features to match model's expected input
2026-09-18 16:25:47,372 - INFO - Making predictions using the provided model
2026-09-18 16:25:47,392 - INFO - Prediction request: input=   num_sellers  num_items  ...  customer_lat_missing  customer_lng_missing
0            1          1  ...                     0                     0

[1 rows x 117 columns] output={'prediction': 0, 'probability': 0.17624437808990479} latency=2.564s model_version=1
2026-09-18 16:25:47,634 - INFO - Prediction request Received
2026-09-18 16:25:47,635 - INFO - Preparing features for prediction
2026-09-18 16:25:47,635 - INFO - Building order features for order_id=88a78af246c6c2db88e72b384796c98c
2026-09-18 16:25:50,217 - INFO - Order feature creation completed for order_id=88a78af246c6c2db88e72b384796c98c
2026-09-18 16:25:50,275 - INFO - Dropping unused columns from the dataset
2026-09-18 16:25:50,279 - INFO - Adding date features
2026-09-18 16:25:50,282 - INFO - Calculating haversine distance
2026-09-18 16:25:50,282 - INFO - Calculating haversine distance
2026-09-18 16:25:50,284 - INFO - Creating missing value indicators for specific columns
2026-09-18 16:25:50,290 - INFO - Validating input data for required columns and non-empty DataFrame
2026-09-18 16:25:50,290 - INFO - Applying imputer to missing values
2026-09-18 16:25:50,296 - INFO - Aligning features to match model's expected input
2026-09-18 16:25:50,300 - INFO - Making predictions using the provided model
2026-09-18 16:25:50,324 - INFO - Prediction request: input=   num_sellers  num_items  ...  customer_lat_missing  customer_lng_missing
0            1          1  ...                     0                     0

[1 rows x 117 columns] output={'prediction': 0, 'probability': 0.246858149766922} latency=2.689s model_version=1
2026-09-18 16:25:50,564 - INFO - Prediction request Received
2026-09-18 16:25:50,564 - INFO - Preparing features for prediction
2026-09-18 16:25:50,564 - INFO - Building order features for order_id=8fb4e4bd46f9802e9179726dd20019a5
2026-09-18 16:25:53,585 - INFO - Order feature creation completed for order_id=8fb4e4bd46f9802e9179726dd20019a5
2026-09-18 16:25:53,684 - INFO - Dropping unused columns from the dataset
2026-09-18 16:25:53,688 - INFO - Adding date features
2026-09-18 16:25:53,692 - INFO - Calculating haversine distance
2026-09-18 16:25:53,693 - INFO - Calculating haversine distance
2026-09-18 16:25:53,695 - INFO - Creating missing value indicators for specific columns
2026-09-18 16:25:53,708 - INFO - Validating input data for required columns and non-empty DataFrame
2026-09-18 16:25:53,708 - INFO - Applying imputer to missing values
2026-09-18 16:25:53,711 - INFO - Aligning features to match model's expected input
2026-09-18 16:25:53,720 - INFO - Making predictions using the provided model
2026-09-18 16:25:53,754 - INFO - Prediction request: input=   num_sellers  num_items  ...  customer_lat_missing  customer_lng_missing
0            1          1  ...                     0                     0

[1 rows x 117 columns] output={'prediction': 0, 'probability': 0.20972174406051636} latency=3.190s model_version=1
2026-09-18 16:25:54,102 - INFO - Prediction request Received
2026-09-18 16:25:54,103 - INFO - Preparing features for prediction
2026-09-18 16:25:54,103 - INFO - Building order features for order_id=d7c663de1470a2d3671791d3f093991c
2026-09-18 16:25:57,074 - INFO - Order feature creation completed for order_id=d7c663de1470a2d3671791d3f093991c
2026-09-18 16:25:57,142 - INFO - Dropping unused columns from the dataset
2026-09-18 16:25:57,142 - INFO - Adding date features
2026-09-18 16:25:57,155 - INFO - Calculating haversine distance
2026-09-18 16:25:57,156 - INFO - Calculating haversine distance
2026-09-18 16:25:57,158 - INFO - Creating missing value indicators for specific columns
2026-09-18 16:25:57,162 - INFO - Validating input data for required columns and non-empty DataFrame
2026-09-18 16:25:57,162 - INFO - Applying imputer to missing values
2026-09-18 16:25:57,171 - INFO - Aligning features to match model's expected input
2026-09-18 16:25:57,179 - INFO - Making predictions using the provided model
2026-09-18 16:25:57,204 - INFO - Prediction request: input=   num_sellers  num_items  ...  customer_lat_missing  customer_lng_missing
0            1          1  ...                     0                     0

[1 rows x 117 columns] output={'prediction': 0, 'probability': 0.17072728276252747} latency=3.101s model_version=1
2026-09-18 16:25:57,464 - INFO - Prediction request Received
2026-09-18 16:25:57,464 - INFO - Preparing features for prediction
2026-09-18 16:25:57,464 - INFO - Building order features for order_id=e4309eeca1cfe3c6df5a187c38817a5c
2026-09-18 16:25:59,988 - INFO - Order feature creation completed for order_id=e4309eeca1cfe3c6df5a187c38817a5c
2026-09-18 16:26:00,055 - INFO - Dropping unused columns from the dataset
2026-09-18 16:26:00,060 - INFO - Adding date features
2026-09-18 16:26:00,063 - INFO - Calculating haversine distance
2026-09-18 16:26:00,063 - INFO - Calculating haversine distance
2026-09-18 16:26:00,065 - INFO - Creating missing value indicators for specific columns
2026-09-18 16:26:00,074 - INFO - Validating input data for required columns and non-empty DataFrame
2026-09-18 16:26:00,078 - INFO - Applying imputer to missing values
2026-09-18 16:26:00,088 - INFO - Aligning features to match model's expected input
2026-09-18 16:26:00,098 - INFO - Making predictions using the provided model
2026-09-18 16:26:00,121 - INFO - Prediction request: input=   num_sellers  num_items  ...  customer_lat_missing  customer_lng_missing
0            1          1  ...                     0                     0

[1 rows x 117 columns] output={'prediction': 1, 'probability': 0.5412375926971436} latency=2.657s model_version=1
2026-09-18 16:26:00,416 - INFO - Project root resolved to: D:\MlOps_tasks\task_3
2026-09-18 16:26:00,419 - INFO - Loading pickle artifact: ..\models\trained_model.pkl
2026-09-18 16:26:00,422 - INFO - Loading pickle artifact: ..\models\transformers\imputer.pkl
2026-09-18 16:26:00,423 - INFO - Loading feature list: ..\feature_list.txt
2026-09-18 16:26:00,423 - INFO - Feature list loaded with 117 columns
2026-09-18 16:26:00,423 - INFO - Prediction request Received
2026-09-18 16:26:00,424 - INFO - Preparing features for prediction
2026-09-18 16:26:00,424 - INFO - Building order features for order_id=test-order-001
2026-09-18 16:26:02,834 - INFO - Order feature creation completed for order_id=test-order-001
2026-09-18 16:26:02,894 - INFO - Dropping unused columns from the dataset
2026-09-18 16:26:02,897 - INFO - Adding date features
2026-09-18 16:26:02,900 - INFO - Calculating haversine distance
2026-09-18 16:26:02,900 - INFO - Calculating haversine distance
2026-09-18 16:26:02,901 - INFO - Creating missing value indicators for specific columns
2026-09-18 16:26:02,902 - INFO - Missing values found in column 'avg_seller_lat'. Created indicator column 'avg_seller_lat_missing'.
2026-09-18 16:26:02,903 - INFO - Missing values found in column 'avg_seller_lng'. Created indicator column 'avg_seller_lng_missing'.
2026-09-18 16:26:02,904 - INFO - Missing values found in column 'distance_km'. Created indicator column 'distance_km_missing'.
2026-09-18 16:26:02,904 - INFO - Missing values found in column 'max_product_weight_grams'. Created indicator column 'max_product_weight_grams_missing'.
2026-09-18 16:26:02,905 - INFO - Missing values found in column 'max_product_length_cm'. Created indicator column 'max_product_length_cm_missing'.
2026-09-18 16:26:02,906 - INFO - Missing values found in column 'max_product_height_cm'. Created indicator column 'max_product_height_cm_missing'.
2026-09-18 16:26:02,907 - INFO - Missing values found in column 'max_product_width_cm'. Created indicator column 'max_product_width_cm_missing'.
2026-09-18 16:26:02,907 - INFO - Missing values found in column 'avg_product_name_length'. Created indicator column 'avg_product_name_length_missing'.
2026-09-18 16:26:02,908 - INFO - Missing values found in column 'avg_product_description_length'. Created indicator column 'avg_product_description_length_missing'.
2026-09-18 16:26:02,909 - INFO - Missing values found in column 'avg_product_photos_qty'. Created indicator column 'avg_product_photos_qty_missing'.
2026-09-18 16:26:02,909 - INFO - Missing values found in column 'num_payments'. Created indicator column 'num_payments_missing'.
2026-09-18 16:26:02,910 - INFO - Missing values found in column 'num_installments'. Created indicator column 'num_installments_missing'.
2026-09-18 16:26:02,910 - INFO - Missing values found in column 'total_payment_value'. Created indicator column 'total_payment_value_missing'.
2026-09-18 16:26:02,911 - INFO - Missing values found in column 'pay_boleto'. Created indicator column 'pay_boleto_missing'.
2026-09-18 16:26:02,912 - INFO - Missing values found in column 'pay_credit_card'. Created indicator column 'pay_credit_card_missing'.
2026-09-18 16:26:02,912 - INFO - Missing values found in column 'pay_debit_card'. Created indicator column 'pay_debit_card_missing'.
2026-09-18 16:26:02,913 - INFO - Missing values found in column 'pay_not_defined'. Created indicator column 'pay_not_defined_missing'.
2026-09-18 16:26:02,914 - INFO - Missing values found in column 'pay_voucher'. Created indicator column 'pay_voucher_missing'.
2026-09-18 16:26:02,914 - INFO - Missing values found in column 'customer_lat'. Created indicator column 'customer_lat_missing'.
2026-09-18 16:26:02,915 - INFO - Missing values found in column 'customer_lng'. Created indicator column 'customer_lng_missing'.
2026-09-18 16:26:02,915 - INFO - Validating input data for required columns and non-empty DataFrame
2026-09-18 16:26:02,916 - INFO - Applying imputer to missing values
2026-09-18 16:26:02,920 - INFO - Aligning features to match model's expected input
2026-09-18 16:26:02,924 - INFO - Making predictions using the provided model
2026-09-18 16:26:02,943 - INFO - Prediction request: input=   num_sellers  num_items  ...  customer_lat_missing  customer_lng_missing
0          NaN        NaN  ...                     1                     1

[1 rows x 117 columns] output={'prediction': 0, 'probability': 0.4786165952682495} latency=2.519s model_version=1
2026-09-18 16:26:03,183 - INFO - Creating missing value indicators for specific columns
2026-09-18 16:26:03,183 - INFO - Missing values found in column 'avg_seller_lat'. Created indicator column 'avg_seller_lat_missing'.
2026-09-18 16:26:03,183 - INFO - Missing values found in column 'distance_km'. Created indicator column 'distance_km_missing'.
2026-09-18 16:26:03,183 - INFO - Missing values found in column 'max_product_length_cm'. Created indicator column 'max_product_length_cm_missing'.
2026-09-18 16:26:03,194 - INFO - Missing values found in column 'avg_product_description_length'. Created indicator column 'avg_product_description_length_missing'.
2026-09-18 16:26:03,195 - INFO - Missing values found in column 'num_payments'. Created indicator column 'num_payments_missing'.
2026-09-18 16:26:03,196 - INFO - Missing values found in column 'total_payment_value'. Created indicator column 'total_payment_value_missing'.
2026-09-18 16:26:03,198 - INFO - Missing values found in column 'customer_lat'. Created indicator column 'customer_lat_missing'.
2026-09-18 16:26:03,201 - INFO - Aligning features to match model's expected input
2026-09-18 16:27:13,990 - INFO - Adding date features
2026-09-18 16:27:14,005 - INFO - Calculating haversine distance
2026-09-18 16:27:14,008 - INFO - Calculating haversine distance
2026-09-18 16:27:14,009 - INFO - Calculating haversine distance
2026-09-18 16:27:14,013 - INFO - Project root resolved to: D:\MlOps_tasks\task_3
2026-09-18 16:27:14,047 - INFO - Loading pickle artifact: ..\models\trained_model.pkl
2026-09-18 16:27:14,608 - INFO - Loading pickle artifact: ..\models\transformers\imputer.pkl
2026-09-18 16:27:14,693 - INFO - Loading feature list: ..\feature_list.txt
2026-09-18 16:27:14,694 - INFO - Feature list loaded with 117 columns
2026-09-18 16:27:14,744 - INFO - Prediction request Received
2026-09-18 16:27:14,744 - INFO - Preparing features for prediction
2026-09-18 16:27:14,745 - INFO - Building order features for order_id=9e6bc602a2466daa94736f31d1319c5d
2026-09-18 16:27:17,091 - INFO - Order feature creation completed for order_id=9e6bc602a2466daa94736f31d1319c5d
2026-09-18 16:27:17,161 - INFO - Dropping unused columns from the dataset
2026-09-18 16:27:17,164 - INFO - Adding date features
2026-09-18 16:27:17,166 - INFO - Calculating haversine distance
2026-09-18 16:27:17,167 - INFO - Calculating haversine distance
2026-09-18 16:27:17,169 - INFO - Creating missing value indicators for specific columns
2026-09-18 16:27:17,176 - INFO - Validating input data for required columns and non-empty DataFrame
2026-09-18 16:27:17,177 - INFO - Applying imputer to missing values
2026-09-18 16:27:17,182 - INFO - Aligning features to match model's expected input
2026-09-18 16:27:17,198 - INFO - Making predictions using the provided model
2026-09-18 16:27:17,271 - INFO - Prediction request: input=   num_sellers  num_items  ...  customer_lat_missing  customer_lng_missing
0            2          2  ...                     0                     0

[1 rows x 117 columns] output={'prediction': 0, 'probability': 0.168917715549469} latency=2.527s model_version=1
2026-09-18 16:27:17,494 - INFO - Prediction request Received
2026-09-18 16:27:17,494 - INFO - Preparing features for prediction
2026-09-18 16:27:17,494 - INFO - Building order features for order_id=c0e57db4a4a6ef32aa28911d1c07df81
2026-09-18 16:27:19,744 - INFO - Order feature creation completed for order_id=c0e57db4a4a6ef32aa28911d1c07df81
2026-09-18 16:27:19,792 - INFO - Dropping unused columns from the dataset
2026-09-18 16:27:19,804 - INFO - Adding date features
2026-09-18 16:27:19,804 - INFO - Calculating haversine distance
2026-09-18 16:27:19,804 - INFO - Calculating haversine distance
2026-09-18 16:27:19,809 - INFO - Creating missing value indicators for specific columns
2026-09-18 16:27:19,814 - INFO - Validating input data for required columns and non-empty DataFrame
2026-09-18 16:27:19,814 - INFO - Applying imputer to missing values
2026-09-18 16:27:19,821 - INFO - Aligning features to match model's expected input
2026-09-18 16:27:19,827 - INFO - Making predictions using the provided model
2026-09-18 16:27:19,848 - INFO - Prediction request: input=   num_sellers  num_items  ...  customer_lat_missing  customer_lng_missing
0            1          1  ...                     0                     0

[1 rows x 117 columns] output={'prediction': 0, 'probability': 0.17624437808990479} latency=2.354s model_version=1
2026-09-18 16:27:20,075 - INFO - Prediction request Received
2026-09-18 16:27:20,075 - INFO - Preparing features for prediction
2026-09-18 16:27:20,075 - INFO - Building order features for order_id=88a78af246c6c2db88e72b384796c98c
2026-09-18 16:27:22,343 - INFO - Order feature creation completed for order_id=88a78af246c6c2db88e72b384796c98c
2026-09-18 16:27:22,391 - INFO - Dropping unused columns from the dataset
2026-09-18 16:27:22,400 - INFO - Adding date features
2026-09-18 16:27:22,400 - INFO - Calculating haversine distance
2026-09-18 16:27:22,400 - INFO - Calculating haversine distance
2026-09-18 16:27:22,406 - INFO - Creating missing value indicators for specific columns
2026-09-18 16:27:22,410 - INFO - Validating input data for required columns and non-empty DataFrame
2026-09-18 16:27:22,410 - INFO - Applying imputer to missing values
2026-09-18 16:27:22,417 - INFO - Aligning features to match model's expected input
2026-09-18 16:27:22,423 - INFO - Making predictions using the provided model
2026-09-18 16:27:22,443 - INFO - Prediction request: input=   num_sellers  num_items  ...  customer_lat_missing  customer_lng_missing
0            1          1  ...                     0                     0

[1 rows x 117 columns] output={'prediction': 0, 'probability': 0.246858149766922} latency=2.369s model_version=1
2026-09-18 16:27:22,672 - INFO - Prediction request Received
2026-09-18 16:27:22,672 - INFO - Preparing features for prediction
2026-09-18 16:27:22,672 - INFO - Building order features for order_id=8fb4e4bd46f9802e9179726dd20019a5
2026-09-18 16:27:25,005 - INFO - Order feature creation completed for order_id=8fb4e4bd46f9802e9179726dd20019a5
2026-09-18 16:27:25,062 - INFO - Dropping unused columns from the dataset
2026-09-18 16:27:25,065 - INFO - Adding date features
2026-09-18 16:27:25,067 - INFO - Calculating haversine distance
2026-09-18 16:27:25,068 - INFO - Calculating haversine distance
2026-09-18 16:27:25,070 - INFO - Creating missing value indicators for specific columns
2026-09-18 16:27:25,075 - INFO - Validating input data for required columns and non-empty DataFrame
2026-09-18 16:27:25,075 - INFO - Applying imputer to missing values
2026-09-18 16:27:25,082 - INFO - Aligning features to match model's expected input
2026-09-18 16:27:25,089 - INFO - Making predictions using the provided model
2026-09-18 16:27:25,108 - INFO - Prediction request: input=   num_sellers  num_items  ...  customer_lat_missing  customer_lng_missing
0            1          1  ...                     0                     0

[1 rows x 117 columns] output={'prediction': 0, 'probability': 0.20972174406051636} latency=2.437s model_version=1
2026-09-18 16:27:25,337 - INFO - Prediction request Received
2026-09-18 16:27:25,337 - INFO - Preparing features for prediction
2026-09-18 16:27:25,337 - INFO - Building order features for order_id=d7c663de1470a2d3671791d3f093991c
2026-09-18 16:27:27,644 - INFO - Order feature creation completed for order_id=d7c663de1470a2d3671791d3f093991c
2026-09-18 16:27:27,687 - INFO - Dropping unused columns from the dataset
2026-09-18 16:27:27,703 - INFO - Adding date features
2026-09-18 16:27:27,705 - INFO - Calculating haversine distance
2026-09-18 16:27:27,706 - INFO - Calculating haversine distance
2026-09-18 16:27:27,708 - INFO - Creating missing value indicators for specific columns
2026-09-18 16:27:27,713 - INFO - Validating input data for required columns and non-empty DataFrame
2026-09-18 16:27:27,713 - INFO - Applying imputer to missing values
2026-09-18 16:27:27,720 - INFO - Aligning features to match model's expected input
2026-09-18 16:27:27,726 - INFO - Making predictions using the provided model
2026-09-18 16:27:27,804 - INFO - Prediction request: input=   num_sellers  num_items  ...  customer_lat_missing  customer_lng_missing
0            1          1  ...                     0                     0

[1 rows x 117 columns] output={'prediction': 0, 'probability': 0.17072728276252747} latency=2.467s model_version=1
2026-09-18 16:27:28,051 - INFO - Prediction request Received
2026-09-18 16:27:28,051 - INFO - Preparing features for prediction
2026-09-18 16:27:28,051 - INFO - Building order features for order_id=e4309eeca1cfe3c6df5a187c38817a5c
2026-09-18 16:27:30,332 - INFO - Order feature creation completed for order_id=e4309eeca1cfe3c6df5a187c38817a5c
2026-09-18 16:27:30,394 - INFO - Dropping unused columns from the dataset
2026-09-18 16:27:30,396 - INFO - Adding date features
2026-09-18 16:27:30,399 - INFO - Calculating haversine distance
2026-09-18 16:27:30,399 - INFO - Calculating haversine distance
2026-09-18 16:27:30,402 - INFO - Creating missing value indicators for specific columns
2026-09-18 16:27:30,406 - INFO - Validating input data for required columns and non-empty DataFrame
2026-09-18 16:27:30,406 - INFO - Applying imputer to missing values
2026-09-18 16:27:30,413 - INFO - Aligning features to match model's expected input
2026-09-18 16:27:30,420 - INFO - Making predictions using the provided model
2026-09-18 16:27:30,440 - INFO - Prediction request: input=   num_sellers  num_items  ...  customer_lat_missing  customer_lng_missing
0            1          1  ...                     0                     0

[1 rows x 117 columns] output={'prediction': 1, 'probability': 0.5412375926971436} latency=2.390s model_version=1
2026-09-18 16:27:30,717 - INFO - Project root resolved to: D:\MlOps_tasks\task_3
2026-09-18 16:27:30,717 - INFO - Loading pickle artifact: ..\models\trained_model.pkl
2026-09-18 16:27:30,730 - INFO - Loading pickle artifact: ..\models\transformers\imputer.pkl
2026-09-18 16:27:30,731 - INFO - Loading feature list: ..\feature_list.txt
2026-09-18 16:27:30,731 - INFO - Feature list loaded with 117 columns
2026-09-18 16:27:30,732 - INFO - Prediction request Received
2026-09-18 16:27:30,732 - INFO - Preparing features for prediction
2026-09-18 16:27:30,732 - INFO - Building order features for order_id=test-order-001
2026-09-18 16:27:33,038 - INFO - Order feature creation completed for order_id=test-order-001
2026-09-18 16:27:33,093 - INFO - Dropping unused columns from the dataset
2026-09-18 16:27:33,096 - INFO - Adding date features
2026-09-18 16:27:33,099 - INFO - Calculating haversine distance
2026-09-18 16:27:33,100 - INFO - Calculating haversine distance
2026-09-18 16:27:33,102 - INFO - Creating missing value indicators for specific columns
2026-09-18 16:27:33,102 - WARNING - Missing values found in column 'avg_seller_lat'. Created indicator column 'avg_seller_lat_missing'.
2026-09-18 16:27:33,103 - WARNING - Missing values found in column 'avg_seller_lng'. Created indicator column 'avg_seller_lng_missing'.
2026-09-18 16:27:33,104 - WARNING - Missing values found in column 'distance_km'. Created indicator column 'distance_km_missing'.
2026-09-18 16:27:33,105 - WARNING - Missing values found in column 'max_product_weight_grams'. Created indicator column 'max_product_weight_grams_missing'.
2026-09-18 16:27:33,105 - WARNING - Missing values found in column 'max_product_length_cm'. Created indicator column 'max_product_length_cm_missing'.
2026-09-18 16:27:33,106 - WARNING - Missing values found in column 'max_product_height_cm'. Created indicator column 'max_product_height_cm_missing'.
2026-09-18 16:27:33,107 - WARNING - Missing values found in column 'max_product_width_cm'. Created indicator column 'max_product_width_cm_missing'.
2026-09-18 16:27:33,107 - WARNING - Missing values found in column 'avg_product_name_length'. Created indicator column 'avg_product_name_length_missing'.
2026-09-18 16:27:33,108 - WARNING - Missing values found in column 'avg_product_description_length'. Created indicator column 'avg_product_description_length_missing'.
2026-09-18 16:27:33,109 - WARNING - Missing values found in column 'avg_product_photos_qty'. Created indicator column 'avg_product_photos_qty_missing'.
2026-09-18 16:27:33,109 - WARNING - Missing values found in column 'num_payments'. Created indicator column 'num_payments_missing'.
2026-09-18 16:27:33,110 - WARNING - Missing values found in column 'num_installments'. Created indicator column 'num_installments_missing'.
2026-09-18 16:27:33,110 - WARNING - Missing values found in column 'total_payment_value'. Created indicator column 'total_payment_value_missing'.
2026-09-18 16:27:33,111 - WARNING - Missing values found in column 'pay_boleto'. Created indicator column 'pay_boleto_missing'.
2026-09-18 16:27:33,112 - WARNING - Missing values found in column 'pay_credit_card'. Created indicator column 'pay_credit_card_missing'.
2026-09-18 16:27:33,113 - WARNING - Missing values found in column 'pay_debit_card'. Created indicator column 'pay_debit_card_missing'.
2026-09-18 16:27:33,113 - WARNING - Missing values found in column 'pay_not_defined'. Created indicator column 'pay_not_defined_missing'.
2026-09-18 16:27:33,114 - WARNING - Missing values found in column 'pay_voucher'. Created indicator column 'pay_voucher_missing'.
2026-09-18 16:27:33,114 - WARNING - Missing values found in column 'customer_lat'. Created indicator column 'customer_lat_missing'.
2026-09-18 16:27:33,115 - WARNING - Missing values found in column 'customer_lng'. Created indicator column 'customer_lng_missing'.
2026-09-18 16:27:33,115 - INFO - Validating input data for required columns and non-empty DataFrame
2026-09-18 16:27:33,115 - INFO - Applying imputer to missing values
2026-09-18 16:27:33,117 - INFO - Aligning features to match model's expected input
2026-09-18 16:27:33,124 - INFO - Making predictions using the provided model
2026-09-18 16:27:33,141 - INFO - Prediction request: input=   num_sellers  num_items  ...  customer_lat_missing  customer_lng_missing
0          NaN        NaN  ...                     1                     1

[1 rows x 117 columns] output={'prediction': 0, 'probability': 0.4786165952682495} latency=2.408s model_version=1
2026-09-18 16:27:33,380 - INFO - Creating missing value indicators for specific columns
2026-09-18 16:27:33,380 - WARNING - Missing values found in column 'avg_seller_lat'. Created indicator column 'avg_seller_lat_missing'.
2026-09-18 16:27:33,380 - WARNING - Missing values found in column 'distance_km'. Created indicator column 'distance_km_missing'.
2026-09-18 16:27:33,380 - WARNING - Missing values found in column 'max_product_length_cm'. Created indicator column 'max_product_length_cm_missing'.
2026-09-18 16:27:33,395 - WARNING - Missing values found in column 'avg_product_description_length'. Created indicator column 'avg_product_description_length_missing'.
2026-09-18 16:27:33,396 - WARNING - Missing values found in column 'num_payments'. Created indicator column 'num_payments_missing'.
2026-09-18 16:27:33,398 - WARNING - Missing values found in column 'total_payment_value'. Created indicator column 'total_payment_value_missing'.
2026-09-18 16:27:33,400 - WARNING - Missing values found in column 'customer_lat'. Created indicator column 'customer_lat_missing'.
2026-09-18 16:27:33,403 - INFO - Aligning features to match model's expected input
2026-09-18 16:29:43,873 - INFO - Adding date features
2026-09-18 16:29:43,881 - INFO - Calculating haversine distance
2026-09-18 16:29:43,884 - INFO - Calculating haversine distance
2026-09-18 16:29:43,884 - INFO - Calculating haversine distance
2026-09-18 16:29:43,889 - INFO - Project root resolved to: D:\MlOps_tasks\task_3
2026-09-18 16:29:43,933 - INFO - Loading pickle artifact: ..\models\trained_model.pkl
2026-09-18 16:29:44,493 - INFO - Loading pickle artifact: ..\models\transformers\imputer.pkl
2026-09-18 16:29:44,590 - INFO - Loading feature list: ..\feature_list.txt
2026-09-18 16:29:44,591 - INFO - Feature list loaded with 117 columns
2026-09-18 16:29:44,650 - INFO - Prediction request Received
2026-09-18 16:29:44,650 - INFO - Preparing features for prediction
2026-09-18 16:29:44,650 - INFO - Building order features for order_id=9e6bc602a2466daa94736f31d1319c5d
2026-09-18 16:29:47,031 - INFO - Order feature creation completed for order_id=9e6bc602a2466daa94736f31d1319c5d
2026-09-18 16:29:47,097 - INFO - Dropping unused columns from the dataset
2026-09-18 16:29:47,097 - INFO - Adding date features
2026-09-18 16:29:47,097 - INFO - Calculating haversine distance
2026-09-18 16:29:47,097 - INFO - Calculating haversine distance
2026-09-18 16:29:47,109 - INFO - Creating missing value indicators for specific columns
2026-09-18 16:29:47,115 - INFO - Validating input data for required columns and non-empty DataFrame
2026-09-18 16:29:47,115 - INFO - Applying imputer to missing values
2026-09-18 16:29:47,132 - INFO - Aligning features to match model's expected input
2026-09-18 16:29:47,137 - INFO - Making predictions using the provided model
2026-09-18 16:29:47,211 - INFO - Prediction request: input=   num_sellers  num_items  ...  customer_lat_missing  customer_lng_missing
0            2          2  ...                     0                     0

[1 rows x 117 columns] output={'prediction': 0, 'probability': 0.168917715549469} latency=2.561s model_version=1
2026-09-18 16:29:47,446 - INFO - Prediction request Received
2026-09-18 16:29:47,446 - INFO - Preparing features for prediction
2026-09-18 16:29:47,446 - INFO - Building order features for order_id=c0e57db4a4a6ef32aa28911d1c07df81
2026-09-18 16:29:49,791 - INFO - Order feature creation completed for order_id=c0e57db4a4a6ef32aa28911d1c07df81
2026-09-18 16:29:49,848 - INFO - Dropping unused columns from the dataset
2026-09-18 16:29:49,851 - INFO - Adding date features
2026-09-18 16:29:49,853 - INFO - Calculating haversine distance
2026-09-18 16:29:49,854 - INFO - Calculating haversine distance
2026-09-18 16:29:49,855 - INFO - Creating missing value indicators for specific columns
2026-09-18 16:29:49,895 - INFO - Validating input data for required columns and non-empty DataFrame
2026-09-18 16:29:49,921 - INFO - Applying imputer to missing values
2026-09-18 16:29:49,930 - INFO - Aligning features to match model's expected input
2026-09-18 16:29:49,936 - INFO - Making predictions using the provided model
2026-09-18 16:29:49,967 - INFO - Prediction request: input=   num_sellers  num_items  ...  customer_lat_missing  customer_lng_missing
0            1          1  ...                     0                     0

[1 rows x 117 columns] output={'prediction': 0, 'probability': 0.17624437808990479} latency=2.521s model_version=1
2026-09-18 16:29:50,213 - INFO - Prediction request Received
2026-09-18 16:29:50,213 - INFO - Preparing features for prediction
2026-09-18 16:29:50,214 - INFO - Building order features for order_id=88a78af246c6c2db88e72b384796c98c
2026-09-18 16:29:52,540 - INFO - Order feature creation completed for order_id=88a78af246c6c2db88e72b384796c98c
2026-09-18 16:29:52,603 - INFO - Dropping unused columns from the dataset
2026-09-18 16:29:52,606 - INFO - Adding date features
2026-09-18 16:29:52,608 - INFO - Calculating haversine distance
2026-09-18 16:29:52,609 - INFO - Calculating haversine distance
2026-09-18 16:29:52,611 - INFO - Creating missing value indicators for specific columns
2026-09-18 16:29:52,616 - INFO - Validating input data for required columns and non-empty DataFrame
2026-09-18 16:29:52,616 - INFO - Applying imputer to missing values
2026-09-18 16:29:52,622 - INFO - Aligning features to match model's expected input
2026-09-18 16:29:52,629 - INFO - Making predictions using the provided model
2026-09-18 16:29:52,650 - INFO - Prediction request: input=   num_sellers  num_items  ...  customer_lat_missing  customer_lng_missing
0            1          1  ...                     0                     0

[1 rows x 117 columns] output={'prediction': 0, 'probability': 0.246858149766922} latency=2.436s model_version=1
2026-09-18 16:29:52,907 - INFO - Prediction request Received
2026-09-18 16:29:52,907 - INFO - Preparing features for prediction
2026-09-18 16:29:52,908 - INFO - Building order features for order_id=8fb4e4bd46f9802e9179726dd20019a5
2026-09-18 16:29:55,589 - INFO - Order feature creation completed for order_id=8fb4e4bd46f9802e9179726dd20019a5
2026-09-18 16:29:55,656 - INFO - Dropping unused columns from the dataset
2026-09-18 16:29:55,660 - INFO - Adding date features
2026-09-18 16:29:55,662 - INFO - Calculating haversine distance
2026-09-18 16:29:55,663 - INFO - Calculating haversine distance
2026-09-18 16:29:55,665 - INFO - Creating missing value indicators for specific columns
2026-09-18 16:29:55,675 - INFO - Validating input data for required columns and non-empty DataFrame
2026-09-18 16:29:55,675 - INFO - Applying imputer to missing values
2026-09-18 16:29:55,678 - INFO - Aligning features to match model's expected input
2026-09-18 16:29:55,685 - INFO - Making predictions using the provided model
2026-09-18 16:29:55,710 - INFO - Prediction request: input=   num_sellers  num_items  ...  customer_lat_missing  customer_lng_missing
0            1          1  ...                     0                     0

[1 rows x 117 columns] output={'prediction': 0, 'probability': 0.20972174406051636} latency=2.803s model_version=1
2026-09-18 16:29:55,975 - INFO - Prediction request Received
2026-09-18 16:29:55,975 - INFO - Preparing features for prediction
2026-09-18 16:29:55,975 - INFO - Building order features for order_id=d7c663de1470a2d3671791d3f093991c
2026-09-18 16:29:58,641 - INFO - Order feature creation completed for order_id=d7c663de1470a2d3671791d3f093991c
2026-09-18 16:29:58,705 - INFO - Dropping unused columns from the dataset
2026-09-18 16:29:58,708 - INFO - Adding date features
2026-09-18 16:29:58,710 - INFO - Calculating haversine distance
2026-09-18 16:29:58,710 - INFO - Calculating haversine distance
2026-09-18 16:29:58,712 - INFO - Creating missing value indicators for specific columns
2026-09-18 16:29:58,720 - INFO - Validating input data for required columns and non-empty DataFrame
2026-09-18 16:29:58,720 - INFO - Applying imputer to missing values
2026-09-18 16:29:58,724 - INFO - Aligning features to match model's expected input
2026-09-18 16:29:58,725 - INFO - Making predictions using the provided model
2026-09-18 16:29:58,750 - INFO - Prediction request: input=   num_sellers  num_items  ...  customer_lat_missing  customer_lng_missing
0            1          1  ...                     0                     0

[1 rows x 117 columns] output={'prediction': 0, 'probability': 0.17072728276252747} latency=2.775s model_version=1
2026-09-18 16:29:58,988 - INFO - Prediction request Received
2026-09-18 16:29:58,988 - INFO - Preparing features for prediction
2026-09-18 16:29:58,988 - INFO - Building order features for order_id=e4309eeca1cfe3c6df5a187c38817a5c
2026-09-18 16:30:01,348 - INFO - Order feature creation completed for order_id=e4309eeca1cfe3c6df5a187c38817a5c
2026-09-18 16:30:01,404 - INFO - Dropping unused columns from the dataset
2026-09-18 16:30:01,407 - INFO - Adding date features
2026-09-18 16:30:01,409 - INFO - Calculating haversine distance
2026-09-18 16:30:01,410 - INFO - Calculating haversine distance
2026-09-18 16:30:01,411 - INFO - Creating missing value indicators for specific columns
2026-09-18 16:30:01,419 - INFO - Validating input data for required columns and non-empty DataFrame
2026-09-18 16:30:01,420 - INFO - Applying imputer to missing values
2026-09-18 16:30:01,424 - INFO - Aligning features to match model's expected input
2026-09-18 16:30:01,430 - INFO - Making predictions using the provided model
2026-09-18 16:30:01,451 - INFO - Prediction request: input=   num_sellers  num_items  ...  customer_lat_missing  customer_lng_missing
0            1          1  ...                     0                     0

[1 rows x 117 columns] output={'prediction': 1, 'probability': 0.5412375926971436} latency=2.463s model_version=1
2026-09-18 16:30:01,737 - INFO - Project root resolved to: D:\MlOps_tasks\task_3
2026-09-18 16:30:01,741 - INFO - Loading pickle artifact: ..\models\trained_model.pkl
2026-09-18 16:30:01,743 - INFO - Loading pickle artifact: ..\models\transformers\imputer.pkl
2026-09-18 16:30:01,744 - INFO - Loading feature list: ..\feature_list.txt
2026-09-18 16:30:01,745 - INFO - Feature list loaded with 117 columns
2026-09-18 16:30:01,745 - INFO - Prediction request Received
2026-09-18 16:30:01,745 - INFO - Preparing features for prediction
2026-09-18 16:30:01,746 - INFO - Building order features for order_id=test-order-001
2026-09-18 16:30:04,149 - INFO - Order feature creation completed for order_id=test-order-001
2026-09-18 16:30:04,215 - INFO - Dropping unused columns from the dataset
2026-09-18 16:30:04,217 - INFO - Adding date features
2026-09-18 16:30:04,221 - INFO - Calculating haversine distance
2026-09-18 16:30:04,221 - INFO - Calculating haversine distance
2026-09-18 16:30:04,223 - INFO - Creating missing value indicators for specific columns
2026-09-18 16:30:04,224 - WARNING - Missing values found in column 'avg_seller_lat'. Created indicator column 'avg_seller_lat_missing'.
2026-09-18 16:30:04,224 - WARNING - Missing values found in column 'avg_seller_lng'. Created indicator column 'avg_seller_lng_missing'.
2026-09-18 16:30:04,225 - WARNING - Missing values found in column 'distance_km'. Created indicator column 'distance_km_missing'.
2026-09-18 16:30:04,226 - WARNING - Missing values found in column 'max_product_weight_grams'. Created indicator column 'max_product_weight_grams_missing'.
2026-09-18 16:30:04,226 - WARNING - Missing values found in column 'max_product_length_cm'. Created indicator column 'max_product_length_cm_missing'.
2026-09-18 16:30:04,227 - WARNING - Missing values found in column 'max_product_height_cm'. Created indicator column 'max_product_height_cm_missing'.
2026-09-18 16:30:04,227 - WARNING - Missing values found in column 'max_product_width_cm'. Created indicator column 'max_product_width_cm_missing'.
2026-09-18 16:30:04,228 - WARNING - Missing values found in column 'avg_product_name_length'. Created indicator column 'avg_product_name_length_missing'.
2026-09-18 16:30:04,229 - WARNING - Missing values found in column 'avg_product_description_length'. Created indicator column 'avg_product_description_length_missing'.
2026-09-18 16:30:04,230 - WARNING - Missing values found in column 'avg_product_photos_qty'. Created indicator column 'avg_product_photos_qty_missing'.
2026-09-18 16:30:04,230 - WARNING - Missing values found in column 'num_payments'. Created indicator column 'num_payments_missing'.
2026-09-18 16:30:04,231 - WARNING - Missing values found in column 'num_installments'. Created indicator column 'num_installments_missing'.
2026-09-18 16:30:04,231 - WARNING - Missing values found in column 'total_payment_value'. Created indicator column 'total_payment_value_missing'.
2026-09-18 16:30:04,232 - WARNING - Missing values found in column 'pay_boleto'. Created indicator column 'pay_boleto_missing'.
2026-09-18 16:30:04,233 - WARNING - Missing values found in column 'pay_credit_card'. Created indicator column 'pay_credit_card_missing'.
2026-09-18 16:30:04,234 - WARNING - Missing values found in column 'pay_debit_card'. Created indicator column 'pay_debit_card_missing'.
2026-09-18 16:30:04,234 - WARNING - Missing values found in column 'pay_not_defined'. Created indicator column 'pay_not_defined_missing'.
2026-09-18 16:30:04,235 - WARNING - Missing values found in column 'pay_voucher'. Created indicator column 'pay_voucher_missing'.
2026-09-18 16:30:04,236 - WARNING - Missing values found in column 'customer_lat'. Created indicator column 'customer_lat_missing'.
2026-09-18 16:30:04,236 - WARNING - Missing values found in column 'customer_lng'. Created indicator column 'customer_lng_missing'.
2026-09-18 16:30:04,236 - INFO - Validating input data for required columns and non-empty DataFrame
2026-09-18 16:30:04,237 - INFO - Applying imputer to missing values
2026-09-18 16:30:04,240 - INFO - Aligning features to match model's expected input
2026-09-18 16:30:04,244 - INFO - Making predictions using the provided model
2026-09-18 16:30:04,263 - INFO - Prediction request: input=   num_sellers  num_items  ...  customer_lat_missing  customer_lng_missing
0          NaN        NaN  ...                     1                     1

[1 rows x 117 columns] output={'prediction': 0, 'probability': 0.4786165952682495} latency=2.517s model_version=1
2026-09-18 16:30:04,499 - INFO - Creating missing value indicators for specific columns
2026-09-18 16:30:04,499 - WARNING - Missing values found in column 'avg_seller_lat'. Created indicator column 'avg_seller_lat_missing'.
2026-09-18 16:30:04,499 - WARNING - Missing values found in column 'distance_km'. Created indicator column 'distance_km_missing'.
2026-09-18 16:30:04,515 - WARNING - Missing values found in column 'max_product_length_cm'. Created indicator column 'max_product_length_cm_missing'.
2026-09-18 16:30:04,517 - WARNING - Missing values found in column 'avg_product_description_length'. Created indicator column 'avg_product_description_length_missing'.
2026-09-18 16:30:04,518 - WARNING - Missing values found in column 'num_payments'. Created indicator column 'num_payments_missing'.
2026-09-18 16:30:04,519 - WARNING - Missing values found in column 'total_payment_value'. Created indicator column 'total_payment_value_missing'.
2026-09-18 16:30:04,521 - WARNING - Missing values found in column 'customer_lat'. Created indicator column 'customer_lat_missing'.
2026-09-18 16:30:04,524 - INFO - Aligning features to match model's expected input
2026-09-18 21:21:28,783 - INFO - Project root resolved to: D:\MlOps_tasks\task_3
2026-09-18 21:21:31,587 - INFO - Project root resolved to: D:\MlOps_tasks\task_3
2026-09-18 21:50:09,012 - INFO - Project root resolved to: D:\MlOps_tasks\task_3
2026-09-18 21:50:09,028 - INFO - Project root resolved to: D:\MlOps_tasks\task_3
2026-09-18 21:59:18,340 - INFO - Project root resolved to: D:\MlOps_tasks\task_3
2026-09-18 21:59:24,430 - INFO - Project root resolved to: D:\MlOps_tasks\task_3
2026-09-18 21:59:45,020 - INFO - Project root resolved to: D:\MlOps_tasks\task_3
2026-09-18 22:24:24,472 - INFO - Adding date features
2026-09-18 22:24:24,493 - INFO - Calculating haversine distance
2026-09-18 22:24:24,493 - INFO - Calculating haversine distance
2026-09-18 22:24:24,493 - INFO - Calculating haversine distance
2026-09-18 22:24:24,511 - INFO - Project root resolved to: D:\MlOps_tasks\task_3
2026-09-18 22:24:24,736 - INFO - Project root resolved to: D:\MlOps_tasks\task_3
2026-09-18 22:24:24,739 - INFO - Loading pickle artifact: ..\models\trained_model.pkl
2026-09-18 22:24:24,739 - ERROR - Failed to load pickle artifact: ..\models\trained_model.pkl
Traceback (most recent call last):
  File "D:\MlOps_tasks\task_3\src\data_access.py", line 18, in load_pickle
    return joblib.load(path)
           ^^^^^^^^^^^^^^^^^
  File "C:\Users\acer\AppData\Local\Programs\Python\Python312\Lib\site-packages\joblib\numpy_pickle.py", line 650, in load
    with open(filename, 'rb') as f:
         ^^^^^^^^^^^^^^^^^^^^
FileNotFoundError: [Errno 2] No such file or directory: '..\\models\\trained_model.pkl'
2026-09-18 22:24:24,760 - INFO - Creating missing value indicators for specific columns
2026-09-18 22:24:24,764 - WARNING - Missing values found in column 'avg_seller_lat'. Created indicator column 'avg_seller_lat_missing'.
2026-09-18 22:24:24,764 - WARNING - Missing values found in column 'distance_km'. Created indicator column 'distance_km_missing'.
2026-09-18 22:24:24,768 - WARNING - Missing values found in column 'max_product_length_cm'. Created indicator column 'max_product_length_cm_missing'.
2026-09-18 22:24:24,768 - WARNING - Missing values found in column 'avg_product_description_length'. Created indicator column 'avg_product_description_length_missing'.
2026-09-18 22:24:24,770 - WARNING - Missing values found in column 'num_payments'. Created indicator column 'num_payments_missing'.
2026-09-18 22:24:24,770 - WARNING - Missing values found in column 'total_payment_value'. Created indicator column 'total_payment_value_missing'.
2026-09-18 22:24:24,772 - WARNING - Missing values found in column 'customer_lat'. Created indicator column 'customer_lat_missing'.
2026-09-18 22:24:24,774 - INFO - Aligning features to match model's expected input
2026-09-18 22:28:00,825 - INFO - Adding date features
2026-09-18 22:28:00,825 - INFO - Calculating haversine distance
2026-09-18 22:28:00,836 - INFO - Calculating haversine distance
2026-09-18 22:28:00,836 - INFO - Calculating haversine distance
2026-09-18 22:28:00,842 - INFO - Project root resolved to: D:\MlOps_tasks\task_3
2026-09-18 22:28:00,880 - INFO - Loading pickle artifact: ..\models\trained_model.pkl
2026-09-18 22:28:02,070 - INFO - Loading pickle artifact: ..\models\transformers\imputer.pkl
2026-09-18 22:28:02,209 - INFO - Loading feature list: ..\feature_list.txt
2026-09-18 22:28:02,210 - INFO - Feature list loaded with 117 columns
2026-09-18 22:28:02,321 - INFO - Prediction request Received
2026-09-18 22:28:02,321 - INFO - Preparing features for prediction
2026-09-18 22:28:02,321 - INFO - Building order features for order_id=9e6bc602a2466daa94736f31d1319c5d
2026-09-18 22:28:05,119 - INFO - Order feature creation completed for order_id=9e6bc602a2466daa94736f31d1319c5d
2026-09-18 22:28:05,177 - INFO - Dropping unused columns from the dataset
2026-09-18 22:28:05,182 - INFO - Adding date features
2026-09-18 22:28:05,182 - INFO - Calculating haversine distance
2026-09-18 22:28:05,182 - INFO - Calculating haversine distance
2026-09-18 22:28:05,182 - INFO - Creating missing value indicators for specific columns
2026-09-18 22:28:05,182 - INFO - Validating input data for required columns and non-empty DataFrame
2026-09-18 22:28:05,182 - INFO - Applying imputer to missing values
2026-09-18 22:28:05,216 - INFO - Aligning features to match model's expected input
2026-09-18 22:28:05,220 - INFO - Making predictions using the provided model
2026-09-18 22:28:05,247 - INFO - Prediction request: input=   num_sellers  num_items  ...  customer_lat_missing  customer_lng_missing
0            2          2  ...                     0                     0

[1 rows x 117 columns] output={'prediction': 0, 'probability': 0.168917715549469} latency=2.926s model_version=1
2026-09-18 22:28:05,441 - INFO - Prediction request Received
2026-09-18 22:28:05,441 - INFO - Preparing features for prediction
2026-09-18 22:28:05,441 - INFO - Building order features for order_id=c0e57db4a4a6ef32aa28911d1c07df81
2026-09-18 22:28:07,745 - INFO - Order feature creation completed for order_id=c0e57db4a4a6ef32aa28911d1c07df81
2026-09-18 22:28:07,799 - INFO - Dropping unused columns from the dataset
2026-09-18 22:28:07,799 - INFO - Adding date features
2026-09-18 22:28:07,799 - INFO - Calculating haversine distance
2026-09-18 22:28:07,799 - INFO - Calculating haversine distance
2026-09-18 22:28:07,799 - INFO - Creating missing value indicators for specific columns
2026-09-18 22:28:07,815 - INFO - Validating input data for required columns and non-empty DataFrame
2026-09-18 22:28:07,815 - INFO - Applying imputer to missing values
2026-09-18 22:28:07,815 - INFO - Aligning features to match model's expected input
2026-09-18 22:28:07,815 - INFO - Making predictions using the provided model
2026-09-18 22:28:07,845 - INFO - Prediction request: input=   num_sellers  num_items  ...  customer_lat_missing  customer_lng_missing
0            1          1  ...                     0                     0

[1 rows x 117 columns] output={'prediction': 0, 'probability': 0.17624437808990479} latency=2.403s model_version=1
2026-09-18 22:28:08,020 - INFO - Prediction request Received
2026-09-18 22:28:08,020 - INFO - Preparing features for prediction
2026-09-18 22:28:08,020 - INFO - Building order features for order_id=88a78af246c6c2db88e72b384796c98c
2026-09-18 22:28:10,320 - INFO - Order feature creation completed for order_id=88a78af246c6c2db88e72b384796c98c
2026-09-18 22:28:10,384 - INFO - Dropping unused columns from the dataset
2026-09-18 22:28:10,384 - INFO - Adding date features
2026-09-18 22:28:10,384 - INFO - Calculating haversine distance
2026-09-18 22:28:10,384 - INFO - Calculating haversine distance
2026-09-18 22:28:10,384 - INFO - Creating missing value indicators for specific columns
2026-09-18 22:28:10,384 - INFO - Validating input data for required columns and non-empty DataFrame
2026-09-18 22:28:10,384 - INFO - Applying imputer to missing values
2026-09-18 22:28:10,399 - INFO - Aligning features to match model's expected input
2026-09-18 22:28:10,399 - INFO - Making predictions using the provided model
2026-09-18 22:28:10,423 - INFO - Prediction request: input=   num_sellers  num_items  ...  customer_lat_missing  customer_lng_missing
0            1          1  ...                     0                     0

[1 rows x 117 columns] output={'prediction': 0, 'probability': 0.246858149766922} latency=2.403s model_version=1
2026-09-18 22:28:10,604 - INFO - Prediction request Received
2026-09-18 22:28:10,604 - INFO - Preparing features for prediction
2026-09-18 22:28:10,604 - INFO - Building order features for order_id=8fb4e4bd46f9802e9179726dd20019a5
2026-09-18 22:28:12,924 - INFO - Order feature creation completed for order_id=8fb4e4bd46f9802e9179726dd20019a5
2026-09-18 22:28:12,985 - INFO - Dropping unused columns from the dataset
2026-09-18 22:28:12,987 - INFO - Adding date features
2026-09-18 22:28:12,989 - INFO - Calculating haversine distance
2026-09-18 22:28:12,990 - INFO - Calculating haversine distance
2026-09-18 22:28:12,991 - INFO - Creating missing value indicators for specific columns
2026-09-18 22:28:12,999 - INFO - Validating input data for required columns and non-empty DataFrame
2026-09-18 22:28:12,999 - INFO - Applying imputer to missing values
2026-09-18 22:28:13,003 - INFO - Aligning features to match model's expected input
2026-09-18 22:28:13,008 - INFO - Making predictions using the provided model
2026-09-18 22:28:13,030 - INFO - Prediction request: input=   num_sellers  num_items  ...  customer_lat_missing  customer_lng_missing
0            1          1  ...                     0                     0

[1 rows x 117 columns] output={'prediction': 0, 'probability': 0.20972174406051636} latency=2.426s model_version=1
2026-09-18 22:28:13,211 - INFO - Prediction request Received
2026-09-18 22:28:13,211 - INFO - Preparing features for prediction
2026-09-18 22:28:13,211 - INFO - Building order features for order_id=d7c663de1470a2d3671791d3f093991c
2026-09-18 22:28:15,530 - INFO - Order feature creation completed for order_id=d7c663de1470a2d3671791d3f093991c
2026-09-18 22:28:15,593 - INFO - Dropping unused columns from the dataset
2026-09-18 22:28:15,596 - INFO - Adding date features
2026-09-18 22:28:15,598 - INFO - Calculating haversine distance
2026-09-18 22:28:15,598 - INFO - Calculating haversine distance
2026-09-18 22:28:15,600 - INFO - Creating missing value indicators for specific columns
2026-09-18 22:28:15,600 - INFO - Validating input data for required columns and non-empty DataFrame
2026-09-18 22:28:15,600 - INFO - Applying imputer to missing values
2026-09-18 22:28:15,600 - INFO - Aligning features to match model's expected input
2026-09-18 22:28:15,615 - INFO - Making predictions using the provided model
2026-09-18 22:28:15,635 - INFO - Prediction request: input=   num_sellers  num_items  ...  customer_lat_missing  customer_lng_missing
0            1          1  ...                     0                     0

[1 rows x 117 columns] output={'prediction': 0, 'probability': 0.17072728276252747} latency=2.424s model_version=1
2026-09-18 22:28:15,837 - INFO - Prediction request Received
2026-09-18 22:28:15,837 - INFO - Preparing features for prediction
2026-09-18 22:28:15,837 - INFO - Building order features for order_id=e4309eeca1cfe3c6df5a187c38817a5c
2026-09-18 22:28:18,270 - INFO - Order feature creation completed for order_id=e4309eeca1cfe3c6df5a187c38817a5c
2026-09-18 22:28:18,327 - INFO - Dropping unused columns from the dataset
2026-09-18 22:28:18,327 - INFO - Adding date features
2026-09-18 22:28:18,327 - INFO - Calculating haversine distance
2026-09-18 22:28:18,327 - INFO - Calculating haversine distance
2026-09-18 22:28:18,327 - INFO - Creating missing value indicators for specific columns
2026-09-18 22:28:18,327 - INFO - Validating input data for required columns and non-empty DataFrame
2026-09-18 22:28:18,327 - INFO - Applying imputer to missing values
2026-09-18 22:28:18,342 - INFO - Aligning features to match model's expected input
2026-09-18 22:28:18,348 - INFO - Making predictions using the provided model
2026-09-18 22:28:18,368 - INFO - Prediction request: input=   num_sellers  num_items  ...  customer_lat_missing  customer_lng_missing
0            1          1  ...                     0                     0

[1 rows x 117 columns] output={'prediction': 1, 'probability': 0.5412375926971436} latency=2.531s model_version=1
2026-09-18 22:28:18,564 - INFO - Project root resolved to: D:\MlOps_tasks\task_3
2026-09-18 22:28:18,564 - INFO - Loading pickle artifact: ..\models\trained_model.pkl
2026-09-18 22:28:18,564 - INFO - Loading pickle artifact: ..\models\transformers\imputer.pkl
2026-09-18 22:28:18,564 - INFO - Loading feature list: ..\feature_list.txt
2026-09-18 22:28:18,573 - INFO - Feature list loaded with 117 columns
2026-09-18 22:28:18,573 - INFO - Prediction request Received
2026-09-18 22:28:18,573 - INFO - Preparing features for prediction
2026-09-18 22:28:18,573 - INFO - Building order features for order_id=test-order-001
2026-09-18 22:28:21,008 - INFO - Order feature creation completed for order_id=test-order-001
2026-09-18 22:28:21,056 - INFO - Dropping unused columns from the dataset
2026-09-18 22:28:21,056 - INFO - Adding date features
2026-09-18 22:28:21,071 - INFO - Calculating haversine distance
2026-09-18 22:28:21,071 - INFO - Calculating haversine distance
2026-09-18 22:28:21,085 - INFO - Creating missing value indicators for specific columns
2026-09-18 22:28:21,087 - WARNING - Missing values found in column 'avg_seller_lat'. Created indicator column 'avg_seller_lat_missing'.
2026-09-18 22:28:21,087 - WARNING - Missing values found in column 'avg_seller_lng'. Created indicator column 'avg_seller_lng_missing'.
2026-09-18 22:28:21,087 - WARNING - Missing values found in column 'distance_km'. Created indicator column 'distance_km_missing'.
2026-09-18 22:28:21,087 - WARNING - Missing values found in column 'max_product_weight_grams'. Created indicator column 'max_product_weight_grams_missing'.
2026-09-18 22:28:21,089 - WARNING - Missing values found in column 'max_product_length_cm'. Created indicator column 'max_product_length_cm_missing'.
2026-09-18 22:28:21,089 - WARNING - Missing values found in column 'max_product_height_cm'. Created indicator column 'max_product_height_cm_missing'.
2026-09-18 22:28:21,089 - WARNING - Missing values found in column 'max_product_width_cm'. Created indicator column 'max_product_width_cm_missing'.
2026-09-18 22:28:21,089 - WARNING - Missing values found in column 'avg_product_name_length'. Created indicator column 'avg_product_name_length_missing'.
2026-09-18 22:28:21,091 - WARNING - Missing values found in column 'avg_product_description_length'. Created indicator column 'avg_product_description_length_missing'.
2026-09-18 22:28:21,091 - WARNING - Missing values found in column 'avg_product_photos_qty'. Created indicator column 'avg_product_photos_qty_missing'.
2026-09-18 22:28:21,091 - WARNING - Missing values found in column 'num_payments'. Created indicator column 'num_payments_missing'.
2026-09-18 22:28:21,091 - WARNING - Missing values found in column 'num_installments'. Created indicator column 'num_installments_missing'.
2026-09-18 22:28:21,093 - WARNING - Missing values found in column 'total_payment_value'. Created indicator column 'total_payment_value_missing'.
2026-09-18 22:28:21,093 - WARNING - Missing values found in column 'pay_boleto'. Created indicator column 'pay_boleto_missing'.
2026-09-18 22:28:21,093 - WARNING - Missing values found in column 'pay_credit_card'. Created indicator column 'pay_credit_card_missing'.
2026-09-18 22:28:21,093 - WARNING - Missing values found in column 'pay_debit_card'. Created indicator column 'pay_debit_card_missing'.
2026-09-18 22:28:21,095 - WARNING - Missing values found in column 'pay_not_defined'. Created indicator column 'pay_not_defined_missing'.
2026-09-18 22:28:21,095 - WARNING - Missing values found in column 'pay_voucher'. Created indicator column 'pay_voucher_missing'.
2026-09-18 22:28:21,095 - WARNING - Missing values found in column 'customer_lat'. Created indicator column 'customer_lat_missing'.
2026-09-18 22:28:21,095 - WARNING - Missing values found in column 'customer_lng'. Created indicator column 'customer_lng_missing'.
2026-09-18 22:28:21,095 - INFO - Validating input data for required columns and non-empty DataFrame
2026-09-18 22:28:21,095 - INFO - Applying imputer to missing values
2026-09-18 22:28:21,099 - INFO - Aligning features to match model's expected input
2026-09-18 22:28:21,103 - INFO - Making predictions using the provided model
2026-09-18 22:28:21,119 - INFO - Prediction request: input=   num_sellers  num_items  ...  customer_lat_missing  customer_lng_missing
0          NaN        NaN  ...                     1                     1

[1 rows x 117 columns] output={'prediction': 0, 'probability': 0.4786165952682495} latency=2.546s model_version=1
2026-09-18 22:28:21,307 - INFO - Creating missing value indicators for specific columns
2026-09-18 22:28:21,307 - WARNING - Missing values found in column 'avg_seller_lat'. Created indicator column 'avg_seller_lat_missing'.
2026-09-18 22:28:21,307 - WARNING - Missing values found in column 'distance_km'. Created indicator column 'distance_km_missing'.
2026-09-18 22:28:21,307 - WARNING - Missing values found in column 'max_product_length_cm'. Created indicator column 'max_product_length_cm_missing'.
2026-09-18 22:28:21,323 - WARNING - Missing values found in column 'avg_product_description_length'. Created indicator column 'avg_product_description_length_missing'.
2026-09-18 22:28:21,323 - WARNING - Missing values found in column 'num_payments'. Created indicator column 'num_payments_missing'.
2026-09-18 22:28:21,323 - WARNING - Missing values found in column 'total_payment_value'. Created indicator column 'total_payment_value_missing'.
2026-09-18 22:28:21,323 - WARNING - Missing values found in column 'customer_lat'. Created indicator column 'customer_lat_missing'.
2026-09-18 22:28:21,329 - INFO - Aligning features to match model's expected input
2026-09-18 22:34:02,130 - INFO - Adding date features
2026-09-18 22:34:02,139 - INFO - Calculating haversine distance
2026-09-18 22:34:02,141 - INFO - Calculating haversine distance
2026-09-18 22:34:02,141 - INFO - Calculating haversine distance
2026-09-18 22:34:02,141 - INFO - Project root resolved to: D:\MlOps_tasks\task_3
2026-09-18 22:34:02,188 - INFO - Loading MLflow model from URI: models:\olist-classifier@champion
2026-09-18 22:34:02,242 - ERROR - Failed to load MLflow model from URI: models:\olist-classifier@champion
Traceback (most recent call last):
  File "D:\MlOps_tasks\task_3\src\data_access.py", line 18, in load_model
    return mlflow.pyfunc.load_model(uri)
           ^^^^^^^^^^^^^^^^^^^^^^^^^^^^^
  File "C:\Users\acer\AppData\Local\Programs\Python\Python312\Lib\site-packages\mlflow\tracing\provider.py", line 1056, in wrapper
    return f(*args, **kwargs)
           ^^^^^^^^^^^^^^^^^^
  File "C:\Users\acer\AppData\Local\Programs\Python\Python312\Lib\site-packages\mlflow\pyfunc\__init__.py", line 1132, in load_model
    local_path = _download_artifact_from_uri(
                 ^^^^^^^^^^^^^^^^^^^^^^^^^^^^
  File "C:\Users\acer\AppData\Local\Programs\Python\Python312\Lib\site-packages\mlflow\tracking\artifact_utils.py", line 116, in _download_artifact_from_uri
    root_uri, artifact_path = _get_root_uri_and_artifact_path(artifact_uri)
                              ^^^^^^^^^^^^^^^^^^^^^^^^^^^^^^^^^^^^^^^^^^^^^
  File "C:\Users\acer\AppData\Local\Programs\Python\Python312\Lib\site-packages\mlflow\tracking\artifact_utils.py", line 91, in _get_root_uri_and_artifact_path
    if ModelsArtifactRepository.is_models_uri(artifact_uri):
       ^^^^^^^^^^^^^^^^^^^^^^^^^^^^^^^^^^^^^^^^^^^^^^^^^^^^
  File "C:\Users\acer\AppData\Local\Programs\Python\Python312\Lib\site-packages\mlflow\store\artifact\models_artifact_repo.py", line 92, in is_models_uri
    return urllib.parse.urlparse(uri).scheme == "models"
           ^^^^^^^^^^^^^^^^^^^^^^^^^^
  File "C:\Users\acer\AppData\Local\Programs\Python\Python312\Lib\urllib\parse.py", line 394, in urlparse
    url, scheme, _coerce_result = _coerce_args(url, scheme)
                                  ^^^^^^^^^^^^^^^^^^^^^^^^^
  File "C:\Users\acer\AppData\Local\Programs\Python\Python312\Lib\urllib\parse.py", line 133, in _coerce_args
    return _decode_args(args) + (_encode_result,)
           ^^^^^^^^^^^^^^^^^^
  File "C:\Users\acer\AppData\Local\Programs\Python\Python312\Lib\urllib\parse.py", line 117, in _decode_args
    return tuple(x.decode(encoding, errors) if x else '' for x in args)
           ^^^^^^^^^^^^^^^^^^^^^^^^^^^^^^^^^^^^^^^^^^^^^^^^^^^^^^^^^^^^
  File "C:\Users\acer\AppData\Local\Programs\Python\Python312\Lib\urllib\parse.py", line 117, in <genexpr>
    return tuple(x.decode(encoding, errors) if x else '' for x in args)
                 ^^^^^^^^
AttributeError: 'WindowsPath' object has no attribute 'decode'
2026-09-18 22:34:02,668 - INFO - Project root resolved to: D:\MlOps_tasks\task_3
2026-09-18 22:34:02,668 - INFO - Loading MLflow model from URI: ..\models\trained_model.pkl
2026-09-18 22:34:02,668 - ERROR - Failed to load MLflow model from URI: ..\models\trained_model.pkl
Traceback (most recent call last):
  File "D:\MlOps_tasks\task_3\src\data_access.py", line 18, in load_model
    return mlflow.pyfunc.load_model(uri)
           ^^^^^^^^^^^^^^^^^^^^^^^^^^^^^
  File "C:\Users\acer\AppData\Local\Programs\Python\Python312\Lib\site-packages\mlflow\tracing\provider.py", line 1056, in wrapper
    return f(*args, **kwargs)
           ^^^^^^^^^^^^^^^^^^
  File "C:\Users\acer\AppData\Local\Programs\Python\Python312\Lib\site-packages\mlflow\pyfunc\__init__.py", line 1140, in load_model
    model_meta = Model.load(os.path.join(local_path, MLMODEL_FILE_NAME))
                 ^^^^^^^^^^^^^^^^^^^^^^^^^^^^^^^^^^^^^^^^^^^^^^^^^^^^^^^
  File "C:\Users\acer\AppData\Local\Programs\Python\Python312\Lib\site-packages\mlflow\models\model.py", line 819, in load
    mlmodel_local_path = _download_artifact_from_uri(artifact_uri=mlmodel_file_path)
                         ^^^^^^^^^^^^^^^^^^^^^^^^^^^^^^^^^^^^^^^^^^^^^^^^^^^^^^^^^^^
  File "C:\Users\acer\AppData\Local\Programs\Python\Python312\Lib\site-packages\mlflow\tracking\artifact_utils.py", line 128, in _download_artifact_from_uri
    return repo.download_artifacts(artifact_path=artifact_path, dst_path=output_path)
           ^^^^^^^^^^^^^^^^^^^^^^^^^^^^^^^^^^^^^^^^^^^^^^^^^^^^^^^^^^^^^^^^^^^^^^^^^^
  File "C:\Users\acer\AppData\Local\Programs\Python\Python312\Lib\site-packages\mlflow\store\artifact\local_artifact_repo.py", line 247, in download_artifacts
    return self.get_local_path(artifact_path)
           ^^^^^^^^^^^^^^^^^^^^^^^^^^^^^^^^^^
  File "C:\Users\acer\AppData\Local\Programs\Python\Python312\Lib\site-packages\mlflow\store\artifact\local_artifact_repo.py", line 66, in get_local_path
    artifact_path = validate_path_is_safe(artifact_path)
                    ^^^^^^^^^^^^^^^^^^^^^^^^^^^^^^^^^^^^
  File "C:\Users\acer\AppData\Local\Programs\Python\Python312\Lib\site-packages\mlflow\utils\uri.py", line 514, in validate_path_is_safe
    raise exc
mlflow.exceptions.MlflowException: Invalid path
2026-09-18 22:34:02,818 - INFO - Creating missing value indicators for specific columns
2026-09-18 22:34:02,818 - WARNING - Missing values found in column 'avg_seller_lat'. Created indicator column 'avg_seller_lat_missing'.
2026-09-18 22:34:02,818 - WARNING - Missing values found in column 'distance_km'. Created indicator column 'distance_km_missing'.
2026-09-18 22:34:02,818 - WARNING - Missing values found in column 'max_product_length_cm'. Created indicator column 'max_product_length_cm_missing'.
2026-09-18 22:34:02,818 - WARNING - Missing values found in column 'avg_product_description_length'. Created indicator column 'avg_product_description_length_missing'.
2026-09-18 22:34:02,818 - WARNING - Missing values found in column 'num_payments'. Created indicator column 'num_payments_missing'.
2026-09-18 22:34:02,818 - WARNING - Missing values found in column 'total_payment_value'. Created indicator column 'total_payment_value_missing'.
2026-09-18 22:34:02,835 - WARNING - Missing values found in column 'customer_lat'. Created indicator column 'customer_lat_missing'.
2026-09-18 22:34:02,837 - INFO - Aligning features to match model's expected input
2026-09-18 22:35:12,782 - INFO - Adding date features
2026-09-18 22:35:12,800 - INFO - Calculating haversine distance
2026-09-18 22:35:12,801 - INFO - Calculating haversine distance
2026-09-18 22:35:12,802 - INFO - Calculating haversine distance
2026-09-18 22:35:12,806 - INFO - Project root resolved to: D:\MlOps_tasks\task_3
2026-09-18 22:35:12,851 - INFO - Loading MLflow model from URI: models:/olist-classifier@champion
2026-09-18 22:35:14,528 - ERROR - Failed to load MLflow model from URI: models:/olist-classifier@champion
Traceback (most recent call last):
  File "D:\MlOps_tasks\task_3\src\data_access.py", line 18, in load_model
    return mlflow.pyfunc.load_model(uri)
           ^^^^^^^^^^^^^^^^^^^^^^^^^^^^^
  File "C:\Users\acer\AppData\Local\Programs\Python\Python312\Lib\site-packages\mlflow\tracing\provider.py", line 1056, in wrapper
    return f(*args, **kwargs)
           ^^^^^^^^^^^^^^^^^^
  File "C:\Users\acer\AppData\Local\Programs\Python\Python312\Lib\site-packages\mlflow\pyfunc\__init__.py", line 1132, in load_model
    local_path = _download_artifact_from_uri(
                 ^^^^^^^^^^^^^^^^^^^^^^^^^^^^
  File "C:\Users\acer\AppData\Local\Programs\Python\Python312\Lib\site-packages\mlflow\tracking\artifact_utils.py", line 117, in _download_artifact_from_uri
    repo = get_artifact_repository(
           ^^^^^^^^^^^^^^^^^^^^^^^^
  File "C:\Users\acer\AppData\Local\Programs\Python\Python312\Lib\site-packages\mlflow\store\artifact\artifact_repository_registry.py", line 158, in get_artifact_repository
    return _artifact_repository_registry.get_artifact_repository(
           ^^^^^^^^^^^^^^^^^^^^^^^^^^^^^^^^^^^^^^^^^^^^^^^^^^^^^^
  File "C:\Users\acer\AppData\Local\Programs\Python\Python312\Lib\site-packages\mlflow\store\artifact\artifact_repository_registry.py", line 85, in get_artifact_repository
    repository_instance = repository(
                          ^^^^^^^^^^^
  File "C:\Users\acer\AppData\Local\Programs\Python\Python312\Lib\site-packages\mlflow\store\artifact\models_artifact_repo.py", line 83, in __init__
    ) = ModelsArtifactRepository._get_model_uri_infos(artifact_uri)
        ^^^^^^^^^^^^^^^^^^^^^^^^^^^^^^^^^^^^^^^^^^^^^^^^^^^^^^^^^^^
  File "C:\Users\acer\AppData\Local\Programs\Python\Python312\Lib\site-packages\mlflow\store\artifact\models_artifact_repo.py", line 136, in _get_model_uri_infos
    name_and_version_or_id = get_model_name_and_version(client, uri)
                             ^^^^^^^^^^^^^^^^^^^^^^^^^^^^^^^^^^^^^^^
  File "C:\Users\acer\AppData\Local\Programs\Python\Python312\Lib\site-packages\mlflow\store\artifact\utils\models.py", line 150, in get_model_name_and_version
    mv = client.get_model_version_by_alias(model_name, model_alias)
         ^^^^^^^^^^^^^^^^^^^^^^^^^^^^^^^^^^^^^^^^^^^^^^^^^^^^^^^^^^
  File "C:\Users\acer\AppData\Local\Programs\Python\Python312\Lib\site-packages\mlflow\tracking\_model_registry\client.py", line 475, in get_model_version_by_alias
    return self.store.get_model_version_by_alias(name, alias)
           ^^^^^^^^^^^^^^^^^^^^^^^^^^^^^^^^^^^^^^^^^^^^^^^^^^
  File "C:\Users\acer\AppData\Local\Programs\Python\Python312\Lib\site-packages\mlflow\store\model_registry\sqlalchemy_store.py", line 1581, in get_model_version_by_alias
    self._get_registered_model(session, name)
  File "C:\Users\acer\AppData\Local\Programs\Python\Python312\Lib\site-packages\mlflow\store\model_registry\sqlalchemy_store.py", line 440, in _get_registered_model
    raise MlflowException(
mlflow.exceptions.MlflowException: Registered Model with name=olist-classifier not found
2026-09-18 22:35:15,001 - INFO - Project root resolved to: D:\MlOps_tasks\task_3
2026-09-18 22:35:15,004 - INFO - Loading MLflow model from URI: ..\models\trained_model.pkl
2026-09-18 22:35:15,005 - ERROR - Failed to load MLflow model from URI: ..\models\trained_model.pkl
Traceback (most recent call last):
  File "D:\MlOps_tasks\task_3\src\data_access.py", line 18, in load_model
    return mlflow.pyfunc.load_model(uri)
           ^^^^^^^^^^^^^^^^^^^^^^^^^^^^^
  File "C:\Users\acer\AppData\Local\Programs\Python\Python312\Lib\site-packages\mlflow\tracing\provider.py", line 1056, in wrapper
    return f(*args, **kwargs)
           ^^^^^^^^^^^^^^^^^^
  File "C:\Users\acer\AppData\Local\Programs\Python\Python312\Lib\site-packages\mlflow\pyfunc\__init__.py", line 1140, in load_model
    model_meta = Model.load(os.path.join(local_path, MLMODEL_FILE_NAME))
                 ^^^^^^^^^^^^^^^^^^^^^^^^^^^^^^^^^^^^^^^^^^^^^^^^^^^^^^^
  File "C:\Users\acer\AppData\Local\Programs\Python\Python312\Lib\site-packages\mlflow\models\model.py", line 819, in load
    mlmodel_local_path = _download_artifact_from_uri(artifact_uri=mlmodel_file_path)
                         ^^^^^^^^^^^^^^^^^^^^^^^^^^^^^^^^^^^^^^^^^^^^^^^^^^^^^^^^^^^
  File "C:\Users\acer\AppData\Local\Programs\Python\Python312\Lib\site-packages\mlflow\tracking\artifact_utils.py", line 128, in _download_artifact_from_uri
    return repo.download_artifacts(artifact_path=artifact_path, dst_path=output_path)
           ^^^^^^^^^^^^^^^^^^^^^^^^^^^^^^^^^^^^^^^^^^^^^^^^^^^^^^^^^^^^^^^^^^^^^^^^^^
  File "C:\Users\acer\AppData\Local\Programs\Python\Python312\Lib\site-packages\mlflow\store\artifact\local_artifact_repo.py", line 247, in download_artifacts
    return self.get_local_path(artifact_path)
           ^^^^^^^^^^^^^^^^^^^^^^^^^^^^^^^^^^
  File "C:\Users\acer\AppData\Local\Programs\Python\Python312\Lib\site-packages\mlflow\store\artifact\local_artifact_repo.py", line 66, in get_local_path
    artifact_path = validate_path_is_safe(artifact_path)
                    ^^^^^^^^^^^^^^^^^^^^^^^^^^^^^^^^^^^^
  File "C:\Users\acer\AppData\Local\Programs\Python\Python312\Lib\site-packages\mlflow\utils\uri.py", line 514, in validate_path_is_safe
    raise exc
mlflow.exceptions.MlflowException: Invalid path
2026-09-18 22:35:15,083 - INFO - Creating missing value indicators for specific columns
2026-09-18 22:35:15,083 - WARNING - Missing values found in column 'avg_seller_lat'. Created indicator column 'avg_seller_lat_missing'.
2026-09-18 22:35:15,083 - WARNING - Missing values found in column 'distance_km'. Created indicator column 'distance_km_missing'.
2026-09-18 22:35:15,085 - WARNING - Missing values found in column 'max_product_length_cm'. Created indicator column 'max_product_length_cm_missing'.
2026-09-18 22:35:15,085 - WARNING - Missing values found in column 'avg_product_description_length'. Created indicator column 'avg_product_description_length_missing'.
2026-09-18 22:35:15,087 - WARNING - Missing values found in column 'num_payments'. Created indicator column 'num_payments_missing'.
2026-09-18 22:35:15,087 - WARNING - Missing values found in column 'total_payment_value'. Created indicator column 'total_payment_value_missing'.
2026-09-18 22:35:15,089 - WARNING - Missing values found in column 'customer_lat'. Created indicator column 'customer_lat_missing'.
2026-09-18 22:35:15,091 - INFO - Aligning features to match model's expected input
2026-09-18 22:35:53,228 - INFO - Adding date features
2026-09-18 22:35:53,228 - INFO - Calculating haversine distance
2026-09-18 22:35:53,240 - INFO - Calculating haversine distance
2026-09-18 22:35:53,240 - INFO - Calculating haversine distance
2026-09-18 22:35:53,245 - INFO - Project root resolved to: D:\MlOps_tasks\task_3
2026-09-18 22:35:53,287 - INFO - Loading MLflow model from URI: models:\olist-classifier@champion
2026-09-18 22:35:53,337 - ERROR - Failed to load MLflow model from URI: models:\olist-classifier@champion
Traceback (most recent call last):
  File "D:\MlOps_tasks\task_3\src\data_access.py", line 18, in load_model
    return mlflow.pyfunc.load_model(str(uri))
           ^^^^^^^^^^^^^^^^^^^^^^^^^^^^^^^^^^
  File "C:\Users\acer\AppData\Local\Programs\Python\Python312\Lib\site-packages\mlflow\tracing\provider.py", line 1056, in wrapper
    return f(*args, **kwargs)
           ^^^^^^^^^^^^^^^^^^
  File "C:\Users\acer\AppData\Local\Programs\Python\Python312\Lib\site-packages\mlflow\pyfunc\__init__.py", line 1132, in load_model
    local_path = _download_artifact_from_uri(
                 ^^^^^^^^^^^^^^^^^^^^^^^^^^^^
  File "C:\Users\acer\AppData\Local\Programs\Python\Python312\Lib\site-packages\mlflow\tracking\artifact_utils.py", line 117, in _download_artifact_from_uri
    repo = get_artifact_repository(
           ^^^^^^^^^^^^^^^^^^^^^^^^
  File "C:\Users\acer\AppData\Local\Programs\Python\Python312\Lib\site-packages\mlflow\store\artifact\artifact_repository_registry.py", line 158, in get_artifact_repository
    return _artifact_repository_registry.get_artifact_repository(
           ^^^^^^^^^^^^^^^^^^^^^^^^^^^^^^^^^^^^^^^^^^^^^^^^^^^^^^
  File "C:\Users\acer\AppData\Local\Programs\Python\Python312\Lib\site-packages\mlflow\store\artifact\artifact_repository_registry.py", line 85, in get_artifact_repository
    repository_instance = repository(
                          ^^^^^^^^^^^
  File "C:\Users\acer\AppData\Local\Programs\Python\Python312\Lib\site-packages\mlflow\store\artifact\models_artifact_repo.py", line 51, in __init__
    self.is_logged_model_uri = self._is_logged_model_uri(artifact_uri)
                               ^^^^^^^^^^^^^^^^^^^^^^^^^^^^^^^^^^^^^^^
  File "C:\Users\acer\AppData\Local\Programs\Python\Python312\Lib\site-packages\mlflow\store\artifact\models_artifact_repo.py", line 123, in _is_logged_model_uri
    return is_models_uri(uri) and _parse_model_uri(uri).model_id is not None
                                  ^^^^^^^^^^^^^^^^^^^^^
  File "C:\Users\acer\AppData\Local\Programs\Python\Python312\Lib\site-packages\mlflow\store\artifact\utils\models.py", line 78, in _parse_model_uri
    raise MlflowException(_improper_model_uri_msg(uri, scheme))
mlflow.exceptions.MlflowException: Not a proper models:/ URI: models:\olist-classifier@champion. Models URIs must be of the form 'models:/name/suffix' or 'models:/name@alias' where suffix is a version, stage, or the string 'latest' and where alias is a registered model alias. Only one of suffix or alias can be defined at a time.
2026-09-18 22:35:53,728 - INFO - Project root resolved to: D:\MlOps_tasks\task_3
2026-09-18 22:35:53,728 - INFO - Loading MLflow model from URI: ..\models\trained_model.pkl
2026-09-18 22:35:53,728 - ERROR - Failed to load MLflow model from URI: ..\models\trained_model.pkl
Traceback (most recent call last):
  File "D:\MlOps_tasks\task_3\src\data_access.py", line 18, in load_model
    return mlflow.pyfunc.load_model(str(uri))
           ^^^^^^^^^^^^^^^^^^^^^^^^^^^^^^^^^^
  File "C:\Users\acer\AppData\Local\Programs\Python\Python312\Lib\site-packages\mlflow\tracing\provider.py", line 1056, in wrapper
    return f(*args, **kwargs)
           ^^^^^^^^^^^^^^^^^^
  File "C:\Users\acer\AppData\Local\Programs\Python\Python312\Lib\site-packages\mlflow\pyfunc\__init__.py", line 1140, in load_model
    model_meta = Model.load(os.path.join(local_path, MLMODEL_FILE_NAME))
                 ^^^^^^^^^^^^^^^^^^^^^^^^^^^^^^^^^^^^^^^^^^^^^^^^^^^^^^^
  File "C:\Users\acer\AppData\Local\Programs\Python\Python312\Lib\site-packages\mlflow\models\model.py", line 819, in load
    mlmodel_local_path = _download_artifact_from_uri(artifact_uri=mlmodel_file_path)
                         ^^^^^^^^^^^^^^^^^^^^^^^^^^^^^^^^^^^^^^^^^^^^^^^^^^^^^^^^^^^
  File "C:\Users\acer\AppData\Local\Programs\Python\Python312\Lib\site-packages\mlflow\tracking\artifact_utils.py", line 128, in _download_artifact_from_uri
    return repo.download_artifacts(artifact_path=artifact_path, dst_path=output_path)
           ^^^^^^^^^^^^^^^^^^^^^^^^^^^^^^^^^^^^^^^^^^^^^^^^^^^^^^^^^^^^^^^^^^^^^^^^^^
  File "C:\Users\acer\AppData\Local\Programs\Python\Python312\Lib\site-packages\mlflow\store\artifact\local_artifact_repo.py", line 247, in download_artifacts
    return self.get_local_path(artifact_path)
           ^^^^^^^^^^^^^^^^^^^^^^^^^^^^^^^^^^
  File "C:\Users\acer\AppData\Local\Programs\Python\Python312\Lib\site-packages\mlflow\store\artifact\local_artifact_repo.py", line 66, in get_local_path
    artifact_path = validate_path_is_safe(artifact_path)
                    ^^^^^^^^^^^^^^^^^^^^^^^^^^^^^^^^^^^^
  File "C:\Users\acer\AppData\Local\Programs\Python\Python312\Lib\site-packages\mlflow\utils\uri.py", line 514, in validate_path_is_safe
    raise exc
mlflow.exceptions.MlflowException: Invalid path
2026-09-18 22:35:53,879 - INFO - Creating missing value indicators for specific columns
2026-09-18 22:35:53,880 - WARNING - Missing values found in column 'avg_seller_lat'. Created indicator column 'avg_seller_lat_missing'.
2026-09-18 22:35:53,881 - WARNING - Missing values found in column 'distance_km'. Created indicator column 'distance_km_missing'.
2026-09-18 22:35:53,881 - WARNING - Missing values found in column 'max_product_length_cm'. Created indicator column 'max_product_length_cm_missing'.
2026-09-18 22:35:53,883 - WARNING - Missing values found in column 'avg_product_description_length'. Created indicator column 'avg_product_description_length_missing'.
2026-09-18 22:35:53,884 - WARNING - Missing values found in column 'num_payments'. Created indicator column 'num_payments_missing'.
2026-09-18 22:35:53,884 - WARNING - Missing values found in column 'total_payment_value'. Created indicator column 'total_payment_value_missing'.
2026-09-18 22:35:53,886 - WARNING - Missing values found in column 'customer_lat'. Created indicator column 'customer_lat_missing'.
2026-09-18 22:35:53,888 - INFO - Aligning features to match model's expected input
2026-09-18 22:37:11,423 - INFO - Adding date features
2026-09-18 22:37:11,440 - INFO - Calculating haversine distance
2026-09-18 22:37:11,442 - INFO - Calculating haversine distance
2026-09-18 22:37:11,442 - INFO - Calculating haversine distance
2026-09-18 22:37:11,446 - INFO - Project root resolved to: D:\MlOps_tasks\task_3
2026-09-18 22:37:11,494 - INFO - Loading MLflow model from URI: models:/olist-classifier@champion
2026-09-18 22:37:12,188 - ERROR - Failed to load MLflow model from URI: models:/olist-classifier@champion
Traceback (most recent call last):
  File "D:\MlOps_tasks\task_3\src\data_access.py", line 18, in load_model
    return mlflow.pyfunc.load_model(str(uri))
           ^^^^^^^^^^^^^^^^^^^^^^^^^^^^^^^^^^
  File "C:\Users\acer\AppData\Local\Programs\Python\Python312\Lib\site-packages\mlflow\tracing\provider.py", line 1056, in wrapper
    return f(*args, **kwargs)
           ^^^^^^^^^^^^^^^^^^
  File "C:\Users\acer\AppData\Local\Programs\Python\Python312\Lib\site-packages\mlflow\pyfunc\__init__.py", line 1132, in load_model
    local_path = _download_artifact_from_uri(
                 ^^^^^^^^^^^^^^^^^^^^^^^^^^^^
  File "C:\Users\acer\AppData\Local\Programs\Python\Python312\Lib\site-packages\mlflow\tracking\artifact_utils.py", line 117, in _download_artifact_from_uri
    repo = get_artifact_repository(
           ^^^^^^^^^^^^^^^^^^^^^^^^
  File "C:\Users\acer\AppData\Local\Programs\Python\Python312\Lib\site-packages\mlflow\store\artifact\artifact_repository_registry.py", line 158, in get_artifact_repository
    return _artifact_repository_registry.get_artifact_repository(
           ^^^^^^^^^^^^^^^^^^^^^^^^^^^^^^^^^^^^^^^^^^^^^^^^^^^^^^
  File "C:\Users\acer\AppData\Local\Programs\Python\Python312\Lib\site-packages\mlflow\store\artifact\artifact_repository_registry.py", line 85, in get_artifact_repository
    repository_instance = repository(
                          ^^^^^^^^^^^
  File "C:\Users\acer\AppData\Local\Programs\Python\Python312\Lib\site-packages\mlflow\store\artifact\models_artifact_repo.py", line 83, in __init__
    ) = ModelsArtifactRepository._get_model_uri_infos(artifact_uri)
        ^^^^^^^^^^^^^^^^^^^^^^^^^^^^^^^^^^^^^^^^^^^^^^^^^^^^^^^^^^^
  File "C:\Users\acer\AppData\Local\Programs\Python\Python312\Lib\site-packages\mlflow\store\artifact\models_artifact_repo.py", line 136, in _get_model_uri_infos
    name_and_version_or_id = get_model_name_and_version(client, uri)
                             ^^^^^^^^^^^^^^^^^^^^^^^^^^^^^^^^^^^^^^^
  File "C:\Users\acer\AppData\Local\Programs\Python\Python312\Lib\site-packages\mlflow\store\artifact\utils\models.py", line 150, in get_model_name_and_version
    mv = client.get_model_version_by_alias(model_name, model_alias)
         ^^^^^^^^^^^^^^^^^^^^^^^^^^^^^^^^^^^^^^^^^^^^^^^^^^^^^^^^^^
  File "C:\Users\acer\AppData\Local\Programs\Python\Python312\Lib\site-packages\mlflow\tracking\_model_registry\client.py", line 475, in get_model_version_by_alias
    return self.store.get_model_version_by_alias(name, alias)
           ^^^^^^^^^^^^^^^^^^^^^^^^^^^^^^^^^^^^^^^^^^^^^^^^^^
  File "C:\Users\acer\AppData\Local\Programs\Python\Python312\Lib\site-packages\mlflow\store\model_registry\sqlalchemy_store.py", line 1581, in get_model_version_by_alias
    self._get_registered_model(session, name)
  File "C:\Users\acer\AppData\Local\Programs\Python\Python312\Lib\site-packages\mlflow\store\model_registry\sqlalchemy_store.py", line 440, in _get_registered_model
    raise MlflowException(
mlflow.exceptions.MlflowException: Registered Model with name=olist-classifier not found
2026-09-18 22:37:12,625 - INFO - Project root resolved to: D:\MlOps_tasks\task_3
2026-09-18 22:37:12,632 - INFO - Loading MLflow model from URI: ..\models\trained_model.pkl
2026-09-18 22:37:12,634 - ERROR - Failed to load MLflow model from URI: ..\models\trained_model.pkl
Traceback (most recent call last):
  File "D:\MlOps_tasks\task_3\src\data_access.py", line 18, in load_model
    return mlflow.pyfunc.load_model(str(uri))
           ^^^^^^^^^^^^^^^^^^^^^^^^^^^^^^^^^^
  File "C:\Users\acer\AppData\Local\Programs\Python\Python312\Lib\site-packages\mlflow\tracing\provider.py", line 1056, in wrapper
    return f(*args, **kwargs)
           ^^^^^^^^^^^^^^^^^^
  File "C:\Users\acer\AppData\Local\Programs\Python\Python312\Lib\site-packages\mlflow\pyfunc\__init__.py", line 1140, in load_model
    model_meta = Model.load(os.path.join(local_path, MLMODEL_FILE_NAME))
                 ^^^^^^^^^^^^^^^^^^^^^^^^^^^^^^^^^^^^^^^^^^^^^^^^^^^^^^^
  File "C:\Users\acer\AppData\Local\Programs\Python\Python312\Lib\site-packages\mlflow\models\model.py", line 819, in load
    mlmodel_local_path = _download_artifact_from_uri(artifact_uri=mlmodel_file_path)
                         ^^^^^^^^^^^^^^^^^^^^^^^^^^^^^^^^^^^^^^^^^^^^^^^^^^^^^^^^^^^
  File "C:\Users\acer\AppData\Local\Programs\Python\Python312\Lib\site-packages\mlflow\tracking\artifact_utils.py", line 128, in _download_artifact_from_uri
    return repo.download_artifacts(artifact_path=artifact_path, dst_path=output_path)
           ^^^^^^^^^^^^^^^^^^^^^^^^^^^^^^^^^^^^^^^^^^^^^^^^^^^^^^^^^^^^^^^^^^^^^^^^^^
  File "C:\Users\acer\AppData\Local\Programs\Python\Python312\Lib\site-packages\mlflow\store\artifact\local_artifact_repo.py", line 247, in download_artifacts
    return self.get_local_path(artifact_path)
           ^^^^^^^^^^^^^^^^^^^^^^^^^^^^^^^^^^
  File "C:\Users\acer\AppData\Local\Programs\Python\Python312\Lib\site-packages\mlflow\store\artifact\local_artifact_repo.py", line 66, in get_local_path
    artifact_path = validate_path_is_safe(artifact_path)
                    ^^^^^^^^^^^^^^^^^^^^^^^^^^^^^^^^^^^^
  File "C:\Users\acer\AppData\Local\Programs\Python\Python312\Lib\site-packages\mlflow\utils\uri.py", line 514, in validate_path_is_safe
    raise exc
mlflow.exceptions.MlflowException: Invalid path
2026-09-18 22:37:12,727 - INFO - Creating missing value indicators for specific columns
2026-09-18 22:37:12,727 - WARNING - Missing values found in column 'avg_seller_lat'. Created indicator column 'avg_seller_lat_missing'.
2026-09-18 22:37:12,727 - WARNING - Missing values found in column 'distance_km'. Created indicator column 'distance_km_missing'.
2026-09-18 22:37:12,727 - WARNING - Missing values found in column 'max_product_length_cm'. Created indicator column 'max_product_length_cm_missing'.
2026-09-18 22:37:12,743 - WARNING - Missing values found in column 'avg_product_description_length'. Created indicator column 'avg_product_description_length_missing'.
2026-09-18 22:37:12,745 - WARNING - Missing values found in column 'num_payments'. Created indicator column 'num_payments_missing'.
2026-09-18 22:37:12,747 - WARNING - Missing values found in column 'total_payment_value'. Created indicator column 'total_payment_value_missing'.
2026-09-18 22:37:12,751 - WARNING - Missing values found in column 'customer_lat'. Created indicator column 'customer_lat_missing'.
2026-09-18 22:37:12,751 - INFO - Aligning features to match model's expected input
2026-09-18 22:40:57,134 - INFO - Adding date features
2026-09-18 22:40:57,141 - INFO - Calculating haversine distance
2026-09-18 22:40:57,143 - INFO - Calculating haversine distance
2026-09-18 22:40:57,144 - INFO - Calculating haversine distance
2026-09-18 22:40:57,149 - INFO - Project root resolved to: D:\MlOps_tasks\task_3
2026-09-18 22:40:57,191 - INFO - Loading MLflow model from URI: models:/olist-classifier@champion
2026-09-18 22:41:30,853 - INFO - Loading pickle artifact: ..\models\transformers\imputer.pkl
2026-09-18 22:41:30,853 - INFO - Loading feature list: ..\feature_list.txt
2026-09-18 22:41:30,853 - INFO - Feature list loaded with 117 columns
2026-09-18 22:41:30,888 - INFO - Prediction request Received
2026-09-18 22:41:30,888 - INFO - Preparing features for prediction
2026-09-18 22:41:30,888 - INFO - Building order features for order_id=9e6bc602a2466daa94736f31d1319c5d
2026-09-18 22:41:33,352 - INFO - Order feature creation completed for order_id=9e6bc602a2466daa94736f31d1319c5d
2026-09-18 22:41:33,411 - INFO - Dropping unused columns from the dataset
2026-09-18 22:41:33,411 - INFO - Adding date features
2026-09-18 22:41:33,427 - INFO - Calculating haversine distance
2026-09-18 22:41:33,427 - INFO - Calculating haversine distance
2026-09-18 22:41:33,427 - INFO - Creating missing value indicators for specific columns
2026-09-18 22:41:33,427 - INFO - Validating input data for required columns and non-empty DataFrame
2026-09-18 22:41:33,427 - INFO - Applying imputer to missing values
2026-09-18 22:41:33,443 - INFO - Aligning features to match model's expected input
2026-09-18 22:41:33,456 - INFO - Making predictions using the provided model
2026-09-18 22:41:33,490 - ERROR - Failed to make predictions using the provided model: Failed to enforce schema of data '   num_sellers  num_items  ...  customer_lat_missing  customer_lng_missing
0            2          2  ...                     0                     0

[1 rows x 117 columns]' with schema '['num_sellers': double (required), 'num_items': double (required), 'total_price': double (required), 'total_freight_value': double (required), 'avg_seller_lat': double (required), 'avg_seller_lng': double (required), 'max_product_weight_grams': double (required), 'max_product_length_cm': double (required), 'max_product_height_cm': double (required), 'max_product_width_cm': double (required), 'avg_product_name_length': double (required), 'avg_product_description_length': double (required), 'avg_product_photos_qty': double (required), 'sel_state_AC': long (required), 'sel_state_AM': long (required), 'sel_state_BA': long (required), 'sel_state_CE': long (required), 'sel_state_DF': long (required), 'sel_state_ES': long (required), 'sel_state_GO': long (required), 'sel_state_MA': long (required), 'sel_state_MG': long (required), 'sel_state_MS': long (required), 'sel_state_MT': long (required), 'sel_state_PA': long (required), 'sel_state_PB': long (required), 'sel_state_PE': long (required), 'sel_state_PI': long (required), 'sel_state_PR': long (required), 'sel_state_RJ': long (required), 'sel_state_RN': long (required), 'sel_state_RO': long (required), 'sel_state_RS': long (required), 'sel_state_SC': long (required), 'sel_state_SE': long (required), 'sel_state_SP': long (required), 'cat_automotivo': long (required), 'cat_bebes': long (required), 'cat_beleza_saude': long (required), 'cat_brinquedos': long (required), 'cat_cama_mesa_banho': long (required), 'cat_consoles_games': long (required), 'cat_cool_stuff': long (required), 'cat_eletronicos': long (required), 'cat_esporte_lazer': long (required), 'cat_fashion_bolsas_e_acessorios': long (required), 'cat_ferramentas_jardim': long (required), 'cat_informatica_acessorios': long (required), 'cat_moveis_decoracao': long (required), 'cat_moveis_escritorio': long (required), 'cat_other': long (required), 'cat_papelaria': long (required), 'cat_perfumaria': long (required), 'cat_pet_shop': long (required), 'cat_relogios_presentes': long (required), 'cat_telefonia': long (required), 'cat_utilidades_domesticas': long (required), 'num_payments': double (required), 'num_installments': double (required), 'total_payment_value': double (required), 'pay_boleto': long (required), 'pay_credit_card': long (required), 'pay_debit_card': long (required), 'pay_not_defined': long (required), 'pay_voucher': long (required), 'customer_lat': double (required), 'customer_lng': double (required), 'cust_state_AC': long (required), 'cust_state_AL': long (required), 'cust_state_AM': long (required), 'cust_state_AP': long (required), 'cust_state_BA': long (required), 'cust_state_CE': long (required), 'cust_state_DF': long (required), 'cust_state_ES': long (required), 'cust_state_GO': long (required), 'cust_state_MA': long (required), 'cust_state_MG': long (required), 'cust_state_MS': long (required), 'cust_state_MT': long (required), 'cust_state_PA': long (required), 'cust_state_PB': long (required), 'cust_state_PE': long (required), 'cust_state_PI': long (required), 'cust_state_PR': long (required), 'cust_state_RJ': long (required), 'cust_state_RN': long (required), 'cust_state_RO': long (required), 'cust_state_RR': long (required), 'cust_state_RS': long (required), 'cust_state_SC': long (required), 'cust_state_SE': long (required), 'cust_state_SP': long (required), 'cust_state_TO': long (required), 'purchase_month': long (required), 'estimated_days': long (required), 'distance_km': double (required), 'avg_seller_lat_missing': long (required), 'avg_seller_lng_missing': long (required), 'distance_km_missing': long (required), 'max_product_weight_grams_missing': long (required), 'max_product_length_cm_missing': long (required), 'max_product_height_cm_missing': long (required), 'max_product_width_cm_missing': long (required), 'avg_product_name_length_missing': long (required), 'avg_product_description_length_missing': long (required), 'avg_product_photos_qty_missing': long (required), 'num_payments_missing': long (required), 'num_installments_missing': long (required), 'total_payment_value_missing': long (required), 'pay_boleto_missing': long (required), 'pay_credit_card_missing': long (required), 'pay_debit_card_missing': long (required), 'pay_not_defined_missing': long (required), 'pay_voucher_missing': long (required), 'customer_lat_missing': long (required), 'customer_lng_missing': long (required)]'. Error: Incompatible input types for column num_sellers. Can not safely convert int64 to float64.
Traceback (most recent call last):
  File "C:\Users\acer\AppData\Local\Programs\Python\Python312\Lib\site-packages\mlflow\pyfunc\__init__.py", line 732, in _validate_prediction_input
    data = _enforce_schema(data, input_schema, flavor)
           ^^^^^^^^^^^^^^^^^^^^^^^^^^^^^^^^^^^^^^^^^^^
  File "C:\Users\acer\AppData\Local\Programs\Python\Python312\Lib\site-packages\mlflow\models\utils.py", line 1287, in _enforce_schema
    _enforce_named_col_schema(pf_input, input_schema)
  File "C:\Users\acer\AppData\Local\Programs\Python\Python312\Lib\site-packages\mlflow\models\utils.py", line 984, in _enforce_named_col_schema
    new_pf_input[name] = _enforce_mlflow_datatype(name, pf_input[name], input_type)
                         ^^^^^^^^^^^^^^^^^^^^^^^^^^^^^^^^^^^^^^^^^^^^^^^^^^^^^^^^^^
  File "C:\Users\acer\AppData\Local\Programs\Python\Python312\Lib\site-packages\mlflow\models\utils.py", line 876, in _enforce_mlflow_datatype
    raise MlflowException(
mlflow.exceptions.MlflowException: Incompatible input types for column num_sellers. Can not safely convert int64 to float64.

During handling of the above exception, another exception occurred:

Traceback (most recent call last):
  File "D:\MlOps_tasks\task_3\src\prediction.py", line 10, in predict
    prediction = int(model.predict(features)[0])
                     ^^^^^^^^^^^^^^^^^^^^^^^
  File "C:\Users\acer\AppData\Local\Programs\Python\Python312\Lib\site-packages\mlflow\pyfunc\__init__.py", line 846, in predict
    return self._predict(data, params)
           ^^^^^^^^^^^^^^^^^^^^^^^^^^^
  File "C:\Users\acer\AppData\Local\Programs\Python\Python312\Lib\site-packages\mlflow\pyfunc\__init__.py", line 885, in _predict
    data, params = _validate_prediction_input(
                   ^^^^^^^^^^^^^^^^^^^^^^^^^^^
  File "C:\Users\acer\AppData\Local\Programs\Python\Python312\Lib\site-packages\mlflow\pyfunc\__init__.py", line 744, in _validate_prediction_input
    raise MlflowException.invalid_parameter_value(
mlflow.exceptions.MlflowException: Failed to enforce schema of data '   num_sellers  num_items  ...  customer_lat_missing  customer_lng_missing
0            2          2  ...                     0                     0

[1 rows x 117 columns]' with schema '['num_sellers': double (required), 'num_items': double (required), 'total_price': double (required), 'total_freight_value': double (required), 'avg_seller_lat': double (required), 'avg_seller_lng': double (required), 'max_product_weight_grams': double (required), 'max_product_length_cm': double (required), 'max_product_height_cm': double (required), 'max_product_width_cm': double (required), 'avg_product_name_length': double (required), 'avg_product_description_length': double (required), 'avg_product_photos_qty': double (required), 'sel_state_AC': long (required), 'sel_state_AM': long (required), 'sel_state_BA': long (required), 'sel_state_CE': long (required), 'sel_state_DF': long (required), 'sel_state_ES': long (required), 'sel_state_GO': long (required), 'sel_state_MA': long (required), 'sel_state_MG': long (required), 'sel_state_MS': long (required), 'sel_state_MT': long (required), 'sel_state_PA': long (required), 'sel_state_PB': long (required), 'sel_state_PE': long (required), 'sel_state_PI': long (required), 'sel_state_PR': long (required), 'sel_state_RJ': long (required), 'sel_state_RN': long (required), 'sel_state_RO': long (required), 'sel_state_RS': long (required), 'sel_state_SC': long (required), 'sel_state_SE': long (required), 'sel_state_SP': long (required), 'cat_automotivo': long (required), 'cat_bebes': long (required), 'cat_beleza_saude': long (required), 'cat_brinquedos': long (required), 'cat_cama_mesa_banho': long (required), 'cat_consoles_games': long (required), 'cat_cool_stuff': long (required), 'cat_eletronicos': long (required), 'cat_esporte_lazer': long (required), 'cat_fashion_bolsas_e_acessorios': long (required), 'cat_ferramentas_jardim': long (required), 'cat_informatica_acessorios': long (required), 'cat_moveis_decoracao': long (required), 'cat_moveis_escritorio': long (required), 'cat_other': long (required), 'cat_papelaria': long (required), 'cat_perfumaria': long (required), 'cat_pet_shop': long (required), 'cat_relogios_presentes': long (required), 'cat_telefonia': long (required), 'cat_utilidades_domesticas': long (required), 'num_payments': double (required), 'num_installments': double (required), 'total_payment_value': double (required), 'pay_boleto': long (required), 'pay_credit_card': long (required), 'pay_debit_card': long (required), 'pay_not_defined': long (required), 'pay_voucher': long (required), 'customer_lat': double (required), 'customer_lng': double (required), 'cust_state_AC': long (required), 'cust_state_AL': long (required), 'cust_state_AM': long (required), 'cust_state_AP': long (required), 'cust_state_BA': long (required), 'cust_state_CE': long (required), 'cust_state_DF': long (required), 'cust_state_ES': long (required), 'cust_state_GO': long (required), 'cust_state_MA': long (required), 'cust_state_MG': long (required), 'cust_state_MS': long (required), 'cust_state_MT': long (required), 'cust_state_PA': long (required), 'cust_state_PB': long (required), 'cust_state_PE': long (required), 'cust_state_PI': long (required), 'cust_state_PR': long (required), 'cust_state_RJ': long (required), 'cust_state_RN': long (required), 'cust_state_RO': long (required), 'cust_state_RR': long (required), 'cust_state_RS': long (required), 'cust_state_SC': long (required), 'cust_state_SE': long (required), 'cust_state_SP': long (required), 'cust_state_TO': long (required), 'purchase_month': long (required), 'estimated_days': long (required), 'distance_km': double (required), 'avg_seller_lat_missing': long (required), 'avg_seller_lng_missing': long (required), 'distance_km_missing': long (required), 'max_product_weight_grams_missing': long (required), 'max_product_length_cm_missing': long (required), 'max_product_height_cm_missing': long (required), 'max_product_width_cm_missing': long (required), 'avg_product_name_length_missing': long (required), 'avg_product_description_length_missing': long (required), 'avg_product_photos_qty_missing': long (required), 'num_payments_missing': long (required), 'num_installments_missing': long (required), 'total_payment_value_missing': long (required), 'pay_boleto_missing': long (required), 'pay_credit_card_missing': long (required), 'pay_debit_card_missing': long (required), 'pay_not_defined_missing': long (required), 'pay_voucher_missing': long (required), 'customer_lat_missing': long (required), 'customer_lng_missing': long (required)]'. Error: Incompatible input types for column num_sellers. Can not safely convert int64 to float64.
2026-09-18 22:41:33,506 - ERROR - Prediction failed: Failed to enforce schema of data '   num_sellers  num_items  ...  customer_lat_missing  customer_lng_missing
0            2          2  ...                     0                     0

[1 rows x 117 columns]' with schema '['num_sellers': double (required), 'num_items': double (required), 'total_price': double (required), 'total_freight_value': double (required), 'avg_seller_lat': double (required), 'avg_seller_lng': double (required), 'max_product_weight_grams': double (required), 'max_product_length_cm': double (required), 'max_product_height_cm': double (required), 'max_product_width_cm': double (required), 'avg_product_name_length': double (required), 'avg_product_description_length': double (required), 'avg_product_photos_qty': double (required), 'sel_state_AC': long (required), 'sel_state_AM': long (required), 'sel_state_BA': long (required), 'sel_state_CE': long (required), 'sel_state_DF': long (required), 'sel_state_ES': long (required), 'sel_state_GO': long (required), 'sel_state_MA': long (required), 'sel_state_MG': long (required), 'sel_state_MS': long (required), 'sel_state_MT': long (required), 'sel_state_PA': long (required), 'sel_state_PB': long (required), 'sel_state_PE': long (required), 'sel_state_PI': long (required), 'sel_state_PR': long (required), 'sel_state_RJ': long (required), 'sel_state_RN': long (required), 'sel_state_RO': long (required), 'sel_state_RS': long (required), 'sel_state_SC': long (required), 'sel_state_SE': long (required), 'sel_state_SP': long (required), 'cat_automotivo': long (required), 'cat_bebes': long (required), 'cat_beleza_saude': long (required), 'cat_brinquedos': long (required), 'cat_cama_mesa_banho': long (required), 'cat_consoles_games': long (required), 'cat_cool_stuff': long (required), 'cat_eletronicos': long (required), 'cat_esporte_lazer': long (required), 'cat_fashion_bolsas_e_acessorios': long (required), 'cat_ferramentas_jardim': long (required), 'cat_informatica_acessorios': long (required), 'cat_moveis_decoracao': long (required), 'cat_moveis_escritorio': long (required), 'cat_other': long (required), 'cat_papelaria': long (required), 'cat_perfumaria': long (required), 'cat_pet_shop': long (required), 'cat_relogios_presentes': long (required), 'cat_telefonia': long (required), 'cat_utilidades_domesticas': long (required), 'num_payments': double (required), 'num_installments': double (required), 'total_payment_value': double (required), 'pay_boleto': long (required), 'pay_credit_card': long (required), 'pay_debit_card': long (required), 'pay_not_defined': long (required), 'pay_voucher': long (required), 'customer_lat': double (required), 'customer_lng': double (required), 'cust_state_AC': long (required), 'cust_state_AL': long (required), 'cust_state_AM': long (required), 'cust_state_AP': long (required), 'cust_state_BA': long (required), 'cust_state_CE': long (required), 'cust_state_DF': long (required), 'cust_state_ES': long (required), 'cust_state_GO': long (required), 'cust_state_MA': long (required), 'cust_state_MG': long (required), 'cust_state_MS': long (required), 'cust_state_MT': long (required), 'cust_state_PA': long (required), 'cust_state_PB': long (required), 'cust_state_PE': long (required), 'cust_state_PI': long (required), 'cust_state_PR': long (required), 'cust_state_RJ': long (required), 'cust_state_RN': long (required), 'cust_state_RO': long (required), 'cust_state_RR': long (required), 'cust_state_RS': long (required), 'cust_state_SC': long (required), 'cust_state_SE': long (required), 'cust_state_SP': long (required), 'cust_state_TO': long (required), 'purchase_month': long (required), 'estimated_days': long (required), 'distance_km': double (required), 'avg_seller_lat_missing': long (required), 'avg_seller_lng_missing': long (required), 'distance_km_missing': long (required), 'max_product_weight_grams_missing': long (required), 'max_product_length_cm_missing': long (required), 'max_product_height_cm_missing': long (required), 'max_product_width_cm_missing': long (required), 'avg_product_name_length_missing': long (required), 'avg_product_description_length_missing': long (required), 'avg_product_photos_qty_missing': long (required), 'num_payments_missing': long (required), 'num_installments_missing': long (required), 'total_payment_value_missing': long (required), 'pay_boleto_missing': long (required), 'pay_credit_card_missing': long (required), 'pay_debit_card_missing': long (required), 'pay_not_defined_missing': long (required), 'pay_voucher_missing': long (required), 'customer_lat_missing': long (required), 'customer_lng_missing': long (required)]'. Error: Incompatible input types for column num_sellers. Can not safely convert int64 to float64.
Traceback (most recent call last):
  File "C:\Users\acer\AppData\Local\Programs\Python\Python312\Lib\site-packages\mlflow\pyfunc\__init__.py", line 732, in _validate_prediction_input
    data = _enforce_schema(data, input_schema, flavor)
           ^^^^^^^^^^^^^^^^^^^^^^^^^^^^^^^^^^^^^^^^^^^
  File "C:\Users\acer\AppData\Local\Programs\Python\Python312\Lib\site-packages\mlflow\models\utils.py", line 1287, in _enforce_schema
    _enforce_named_col_schema(pf_input, input_schema)
  File "C:\Users\acer\AppData\Local\Programs\Python\Python312\Lib\site-packages\mlflow\models\utils.py", line 984, in _enforce_named_col_schema
    new_pf_input[name] = _enforce_mlflow_datatype(name, pf_input[name], input_type)
                         ^^^^^^^^^^^^^^^^^^^^^^^^^^^^^^^^^^^^^^^^^^^^^^^^^^^^^^^^^^
  File "C:\Users\acer\AppData\Local\Programs\Python\Python312\Lib\site-packages\mlflow\models\utils.py", line 876, in _enforce_mlflow_datatype
    raise MlflowException(
mlflow.exceptions.MlflowException: Incompatible input types for column num_sellers. Can not safely convert int64 to float64.

During handling of the above exception, another exception occurred:

Traceback (most recent call last):
  File "D:\MlOps_tasks\task_3\src\pipeline.py", line 53, in predict
    prediction=predict(self.model, features)
               ^^^^^^^^^^^^^^^^^^^^^^^^^^^^^
  File "D:\MlOps_tasks\task_3\src\prediction.py", line 10, in predict
    prediction = int(model.predict(features)[0])
                     ^^^^^^^^^^^^^^^^^^^^^^^
  File "C:\Users\acer\AppData\Local\Programs\Python\Python312\Lib\site-packages\mlflow\pyfunc\__init__.py", line 846, in predict
    return self._predict(data, params)
           ^^^^^^^^^^^^^^^^^^^^^^^^^^^
  File "C:\Users\acer\AppData\Local\Programs\Python\Python312\Lib\site-packages\mlflow\pyfunc\__init__.py", line 885, in _predict
    data, params = _validate_prediction_input(
                   ^^^^^^^^^^^^^^^^^^^^^^^^^^^
  File "C:\Users\acer\AppData\Local\Programs\Python\Python312\Lib\site-packages\mlflow\pyfunc\__init__.py", line 744, in _validate_prediction_input
    raise MlflowException.invalid_parameter_value(
mlflow.exceptions.MlflowException: Failed to enforce schema of data '   num_sellers  num_items  ...  customer_lat_missing  customer_lng_missing
0            2          2  ...                     0                     0

[1 rows x 117 columns]' with schema '['num_sellers': double (required), 'num_items': double (required), 'total_price': double (required), 'total_freight_value': double (required), 'avg_seller_lat': double (required), 'avg_seller_lng': double (required), 'max_product_weight_grams': double (required), 'max_product_length_cm': double (required), 'max_product_height_cm': double (required), 'max_product_width_cm': double (required), 'avg_product_name_length': double (required), 'avg_product_description_length': double (required), 'avg_product_photos_qty': double (required), 'sel_state_AC': long (required), 'sel_state_AM': long (required), 'sel_state_BA': long (required), 'sel_state_CE': long (required), 'sel_state_DF': long (required), 'sel_state_ES': long (required), 'sel_state_GO': long (required), 'sel_state_MA': long (required), 'sel_state_MG': long (required), 'sel_state_MS': long (required), 'sel_state_MT': long (required), 'sel_state_PA': long (required), 'sel_state_PB': long (required), 'sel_state_PE': long (required), 'sel_state_PI': long (required), 'sel_state_PR': long (required), 'sel_state_RJ': long (required), 'sel_state_RN': long (required), 'sel_state_RO': long (required), 'sel_state_RS': long (required), 'sel_state_SC': long (required), 'sel_state_SE': long (required), 'sel_state_SP': long (required), 'cat_automotivo': long (required), 'cat_bebes': long (required), 'cat_beleza_saude': long (required), 'cat_brinquedos': long (required), 'cat_cama_mesa_banho': long (required), 'cat_consoles_games': long (required), 'cat_cool_stuff': long (required), 'cat_eletronicos': long (required), 'cat_esporte_lazer': long (required), 'cat_fashion_bolsas_e_acessorios': long (required), 'cat_ferramentas_jardim': long (required), 'cat_informatica_acessorios': long (required), 'cat_moveis_decoracao': long (required), 'cat_moveis_escritorio': long (required), 'cat_other': long (required), 'cat_papelaria': long (required), 'cat_perfumaria': long (required), 'cat_pet_shop': long (required), 'cat_relogios_presentes': long (required), 'cat_telefonia': long (required), 'cat_utilidades_domesticas': long (required), 'num_payments': double (required), 'num_installments': double (required), 'total_payment_value': double (required), 'pay_boleto': long (required), 'pay_credit_card': long (required), 'pay_debit_card': long (required), 'pay_not_defined': long (required), 'pay_voucher': long (required), 'customer_lat': double (required), 'customer_lng': double (required), 'cust_state_AC': long (required), 'cust_state_AL': long (required), 'cust_state_AM': long (required), 'cust_state_AP': long (required), 'cust_state_BA': long (required), 'cust_state_CE': long (required), 'cust_state_DF': long (required), 'cust_state_ES': long (required), 'cust_state_GO': long (required), 'cust_state_MA': long (required), 'cust_state_MG': long (required), 'cust_state_MS': long (required), 'cust_state_MT': long (required), 'cust_state_PA': long (required), 'cust_state_PB': long (required), 'cust_state_PE': long (required), 'cust_state_PI': long (required), 'cust_state_PR': long (required), 'cust_state_RJ': long (required), 'cust_state_RN': long (required), 'cust_state_RO': long (required), 'cust_state_RR': long (required), 'cust_state_RS': long (required), 'cust_state_SC': long (required), 'cust_state_SE': long (required), 'cust_state_SP': long (required), 'cust_state_TO': long (required), 'purchase_month': long (required), 'estimated_days': long (required), 'distance_km': double (required), 'avg_seller_lat_missing': long (required), 'avg_seller_lng_missing': long (required), 'distance_km_missing': long (required), 'max_product_weight_grams_missing': long (required), 'max_product_length_cm_missing': long (required), 'max_product_height_cm_missing': long (required), 'max_product_width_cm_missing': long (required), 'avg_product_name_length_missing': long (required), 'avg_product_description_length_missing': long (required), 'avg_product_photos_qty_missing': long (required), 'num_payments_missing': long (required), 'num_installments_missing': long (required), 'total_payment_value_missing': long (required), 'pay_boleto_missing': long (required), 'pay_credit_card_missing': long (required), 'pay_debit_card_missing': long (required), 'pay_not_defined_missing': long (required), 'pay_voucher_missing': long (required), 'customer_lat_missing': long (required), 'customer_lng_missing': long (required)]'. Error: Incompatible input types for column num_sellers. Can not safely convert int64 to float64.
2026-09-18 22:41:34,261 - INFO - Project root resolved to: D:\MlOps_tasks\task_3
2026-09-18 22:41:34,261 - INFO - Loading MLflow model from URI: ..\models\trained_model.pkl
2026-09-18 22:41:34,261 - ERROR - Failed to load MLflow model from URI: ..\models\trained_model.pkl
Traceback (most recent call last):
  File "D:\MlOps_tasks\task_3\src\data_access.py", line 21, in load_model
    return mlflow.pyfunc.load_model(uri)
           ^^^^^^^^^^^^^^^^^^^^^^^^^^^^^
  File "C:\Users\acer\AppData\Local\Programs\Python\Python312\Lib\site-packages\mlflow\tracing\provider.py", line 1056, in wrapper
    return f(*args, **kwargs)
           ^^^^^^^^^^^^^^^^^^
  File "C:\Users\acer\AppData\Local\Programs\Python\Python312\Lib\site-packages\mlflow\pyfunc\__init__.py", line 1140, in load_model
    model_meta = Model.load(os.path.join(local_path, MLMODEL_FILE_NAME))
                 ^^^^^^^^^^^^^^^^^^^^^^^^^^^^^^^^^^^^^^^^^^^^^^^^^^^^^^^
  File "C:\Users\acer\AppData\Local\Programs\Python\Python312\Lib\site-packages\mlflow\models\model.py", line 819, in load
    mlmodel_local_path = _download_artifact_from_uri(artifact_uri=mlmodel_file_path)
                         ^^^^^^^^^^^^^^^^^^^^^^^^^^^^^^^^^^^^^^^^^^^^^^^^^^^^^^^^^^^
  File "C:\Users\acer\AppData\Local\Programs\Python\Python312\Lib\site-packages\mlflow\tracking\artifact_utils.py", line 128, in _download_artifact_from_uri
    return repo.download_artifacts(artifact_path=artifact_path, dst_path=output_path)
           ^^^^^^^^^^^^^^^^^^^^^^^^^^^^^^^^^^^^^^^^^^^^^^^^^^^^^^^^^^^^^^^^^^^^^^^^^^
  File "C:\Users\acer\AppData\Local\Programs\Python\Python312\Lib\site-packages\mlflow\store\artifact\local_artifact_repo.py", line 247, in download_artifacts
    return self.get_local_path(artifact_path)
           ^^^^^^^^^^^^^^^^^^^^^^^^^^^^^^^^^^
  File "C:\Users\acer\AppData\Local\Programs\Python\Python312\Lib\site-packages\mlflow\store\artifact\local_artifact_repo.py", line 66, in get_local_path
    artifact_path = validate_path_is_safe(artifact_path)
                    ^^^^^^^^^^^^^^^^^^^^^^^^^^^^^^^^^^^^
  File "C:\Users\acer\AppData\Local\Programs\Python\Python312\Lib\site-packages\mlflow\utils\uri.py", line 514, in validate_path_is_safe
    raise exc
mlflow.exceptions.MlflowException: Invalid path
2026-09-18 22:41:34,346 - INFO - Creating missing value indicators for specific columns
2026-09-18 22:41:34,347 - WARNING - Missing values found in column 'avg_seller_lat'. Created indicator column 'avg_seller_lat_missing'.
2026-09-18 22:41:34,348 - WARNING - Missing values found in column 'distance_km'. Created indicator column 'distance_km_missing'.
2026-09-18 22:41:34,348 - WARNING - Missing values found in column 'max_product_length_cm'. Created indicator column 'max_product_length_cm_missing'.
2026-09-18 22:41:34,349 - WARNING - Missing values found in column 'avg_product_description_length'. Created indicator column 'avg_product_description_length_missing'.
2026-09-18 22:41:34,350 - WARNING - Missing values found in column 'num_payments'. Created indicator column 'num_payments_missing'.
2026-09-18 22:41:34,351 - WARNING - Missing values found in column 'total_payment_value'. Created indicator column 'total_payment_value_missing'.
2026-09-18 22:41:34,353 - WARNING - Missing values found in column 'customer_lat'. Created indicator column 'customer_lat_missing'.
2026-09-18 22:41:34,355 - INFO - Aligning features to match model's expected input
2026-09-18 22:42:11,200 - INFO - Adding date features
2026-09-18 22:42:11,221 - INFO - Calculating haversine distance
2026-09-18 22:42:11,222 - INFO - Calculating haversine distance
2026-09-18 22:42:11,222 - INFO - Calculating haversine distance
2026-09-18 22:42:11,227 - INFO - Project root resolved to: D:\MlOps_tasks\task_3
2026-09-18 22:42:11,269 - INFO - Loading MLflow model from URI: models:/olist-classifier@champion
2026-09-18 22:42:12,956 - ERROR - Failed to load MLflow model from URI: models:/olist-classifier@champion
Traceback (most recent call last):
  File "D:\MlOps_tasks\task_3\src\data_access.py", line 21, in load_model
    return mlflow.pyfunc.load_model(uri)
           ^^^^^^^^^^^^^^^^^^^^^^^^^^^^^
  File "C:\Users\acer\AppData\Local\Programs\Python\Python312\Lib\site-packages\mlflow\tracing\provider.py", line 1056, in wrapper
    return f(*args, **kwargs)
           ^^^^^^^^^^^^^^^^^^
  File "C:\Users\acer\AppData\Local\Programs\Python\Python312\Lib\site-packages\mlflow\pyfunc\__init__.py", line 1132, in load_model
    local_path = _download_artifact_from_uri(
                 ^^^^^^^^^^^^^^^^^^^^^^^^^^^^
  File "C:\Users\acer\AppData\Local\Programs\Python\Python312\Lib\site-packages\mlflow\tracking\artifact_utils.py", line 117, in _download_artifact_from_uri
    repo = get_artifact_repository(
           ^^^^^^^^^^^^^^^^^^^^^^^^
  File "C:\Users\acer\AppData\Local\Programs\Python\Python312\Lib\site-packages\mlflow\store\artifact\artifact_repository_registry.py", line 158, in get_artifact_repository
    return _artifact_repository_registry.get_artifact_repository(
           ^^^^^^^^^^^^^^^^^^^^^^^^^^^^^^^^^^^^^^^^^^^^^^^^^^^^^^
  File "C:\Users\acer\AppData\Local\Programs\Python\Python312\Lib\site-packages\mlflow\store\artifact\artifact_repository_registry.py", line 85, in get_artifact_repository
    repository_instance = repository(
                          ^^^^^^^^^^^
  File "C:\Users\acer\AppData\Local\Programs\Python\Python312\Lib\site-packages\mlflow\store\artifact\models_artifact_repo.py", line 83, in __init__
    ) = ModelsArtifactRepository._get_model_uri_infos(artifact_uri)
        ^^^^^^^^^^^^^^^^^^^^^^^^^^^^^^^^^^^^^^^^^^^^^^^^^^^^^^^^^^^
  File "C:\Users\acer\AppData\Local\Programs\Python\Python312\Lib\site-packages\mlflow\store\artifact\models_artifact_repo.py", line 136, in _get_model_uri_infos
    name_and_version_or_id = get_model_name_and_version(client, uri)
                             ^^^^^^^^^^^^^^^^^^^^^^^^^^^^^^^^^^^^^^^
  File "C:\Users\acer\AppData\Local\Programs\Python\Python312\Lib\site-packages\mlflow\store\artifact\utils\models.py", line 150, in get_model_name_and_version
    mv = client.get_model_version_by_alias(model_name, model_alias)
         ^^^^^^^^^^^^^^^^^^^^^^^^^^^^^^^^^^^^^^^^^^^^^^^^^^^^^^^^^^
  File "C:\Users\acer\AppData\Local\Programs\Python\Python312\Lib\site-packages\mlflow\tracking\_model_registry\client.py", line 475, in get_model_version_by_alias
    return self.store.get_model_version_by_alias(name, alias)
           ^^^^^^^^^^^^^^^^^^^^^^^^^^^^^^^^^^^^^^^^^^^^^^^^^^
  File "C:\Users\acer\AppData\Local\Programs\Python\Python312\Lib\site-packages\mlflow\store\model_registry\sqlalchemy_store.py", line 1581, in get_model_version_by_alias
    self._get_registered_model(session, name)
  File "C:\Users\acer\AppData\Local\Programs\Python\Python312\Lib\site-packages\mlflow\store\model_registry\sqlalchemy_store.py", line 440, in _get_registered_model
    raise MlflowException(
mlflow.exceptions.MlflowException: Registered Model with name=olist-classifier not found
2026-09-18 22:42:13,449 - INFO - Project root resolved to: D:\MlOps_tasks\task_3
2026-09-18 22:42:13,463 - INFO - Loading MLflow model from URI: ..\models\trained_model.pkl
2026-09-18 22:42:13,463 - ERROR - Failed to load MLflow model from URI: ..\models\trained_model.pkl
Traceback (most recent call last):
  File "D:\MlOps_tasks\task_3\src\data_access.py", line 21, in load_model
    return mlflow.pyfunc.load_model(uri)
           ^^^^^^^^^^^^^^^^^^^^^^^^^^^^^
  File "C:\Users\acer\AppData\Local\Programs\Python\Python312\Lib\site-packages\mlflow\tracing\provider.py", line 1056, in wrapper
    return f(*args, **kwargs)
           ^^^^^^^^^^^^^^^^^^
  File "C:\Users\acer\AppData\Local\Programs\Python\Python312\Lib\site-packages\mlflow\pyfunc\__init__.py", line 1140, in load_model
    model_meta = Model.load(os.path.join(local_path, MLMODEL_FILE_NAME))
                 ^^^^^^^^^^^^^^^^^^^^^^^^^^^^^^^^^^^^^^^^^^^^^^^^^^^^^^^
  File "C:\Users\acer\AppData\Local\Programs\Python\Python312\Lib\site-packages\mlflow\models\model.py", line 819, in load
    mlmodel_local_path = _download_artifact_from_uri(artifact_uri=mlmodel_file_path)
                         ^^^^^^^^^^^^^^^^^^^^^^^^^^^^^^^^^^^^^^^^^^^^^^^^^^^^^^^^^^^
  File "C:\Users\acer\AppData\Local\Programs\Python\Python312\Lib\site-packages\mlflow\tracking\artifact_utils.py", line 128, in _download_artifact_from_uri
    return repo.download_artifacts(artifact_path=artifact_path, dst_path=output_path)
           ^^^^^^^^^^^^^^^^^^^^^^^^^^^^^^^^^^^^^^^^^^^^^^^^^^^^^^^^^^^^^^^^^^^^^^^^^^
  File "C:\Users\acer\AppData\Local\Programs\Python\Python312\Lib\site-packages\mlflow\store\artifact\local_artifact_repo.py", line 247, in download_artifacts
    return self.get_local_path(artifact_path)
           ^^^^^^^^^^^^^^^^^^^^^^^^^^^^^^^^^^
  File "C:\Users\acer\AppData\Local\Programs\Python\Python312\Lib\site-packages\mlflow\store\artifact\local_artifact_repo.py", line 66, in get_local_path
    artifact_path = validate_path_is_safe(artifact_path)
                    ^^^^^^^^^^^^^^^^^^^^^^^^^^^^^^^^^^^^
  File "C:\Users\acer\AppData\Local\Programs\Python\Python312\Lib\site-packages\mlflow\utils\uri.py", line 514, in validate_path_is_safe
    raise exc
mlflow.exceptions.MlflowException: Invalid path
2026-09-18 22:42:13,549 - INFO - Creating missing value indicators for specific columns
2026-09-18 22:42:13,549 - WARNING - Missing values found in column 'avg_seller_lat'. Created indicator column 'avg_seller_lat_missing'.
2026-09-18 22:42:13,549 - WARNING - Missing values found in column 'distance_km'. Created indicator column 'distance_km_missing'.
2026-09-18 22:42:13,549 - WARNING - Missing values found in column 'max_product_length_cm'. Created indicator column 'max_product_length_cm_missing'.
2026-09-18 22:42:13,549 - WARNING - Missing values found in column 'avg_product_description_length'. Created indicator column 'avg_product_description_length_missing'.
2026-09-18 22:42:13,549 - WARNING - Missing values found in column 'num_payments'. Created indicator column 'num_payments_missing'.
2026-09-18 22:42:13,549 - WARNING - Missing values found in column 'total_payment_value'. Created indicator column 'total_payment_value_missing'.
2026-09-18 22:42:13,549 - WARNING - Missing values found in column 'customer_lat'. Created indicator column 'customer_lat_missing'.
2026-09-18 22:42:13,559 - INFO - Aligning features to match model's expected input
2026-09-18 22:43:05,001 - INFO - Adding date features
2026-09-18 22:43:05,004 - INFO - Calculating haversine distance
2026-09-18 22:43:05,011 - INFO - Calculating haversine distance
2026-09-18 22:43:05,011 - INFO - Calculating haversine distance
2026-09-18 22:43:05,015 - INFO - Project root resolved to: D:\MlOps_tasks\task_3
2026-09-18 22:43:05,060 - INFO - Loading MLflow model from URI: models:/olist-classifier@champion
2026-09-18 22:43:10,855 - INFO - Loading pickle artifact: ..\models\transformers\imputer.pkl
2026-09-18 22:43:10,855 - INFO - Loading feature list: ..\feature_list.txt
2026-09-18 22:43:10,855 - INFO - Feature list loaded with 117 columns
2026-09-18 22:43:10,897 - INFO - Prediction request Received
2026-09-18 22:43:10,897 - INFO - Preparing features for prediction
2026-09-18 22:43:10,897 - INFO - Building order features for order_id=9e6bc602a2466daa94736f31d1319c5d
2026-09-18 22:43:13,339 - INFO - Order feature creation completed for order_id=9e6bc602a2466daa94736f31d1319c5d
2026-09-18 22:43:13,387 - INFO - Dropping unused columns from the dataset
2026-09-18 22:43:13,403 - INFO - Adding date features
2026-09-18 22:43:13,403 - INFO - Calculating haversine distance
2026-09-18 22:43:13,403 - INFO - Calculating haversine distance
2026-09-18 22:43:13,403 - INFO - Creating missing value indicators for specific columns
2026-09-18 22:43:13,403 - INFO - Validating input data for required columns and non-empty DataFrame
2026-09-18 22:43:13,403 - INFO - Applying imputer to missing values
2026-09-18 22:43:13,430 - INFO - Aligning features to match model's expected input
2026-09-18 22:43:13,435 - INFO - Making predictions using the provided model
2026-09-18 22:43:13,467 - ERROR - Failed to make predictions using the provided model: Failed to enforce schema of data '   num_sellers  num_items  ...  customer_lat_missing  customer_lng_missing
0            2          2  ...                     0                     0

[1 rows x 117 columns]' with schema '['num_sellers': double (required), 'num_items': double (required), 'total_price': double (required), 'total_freight_value': double (required), 'avg_seller_lat': double (required), 'avg_seller_lng': double (required), 'max_product_weight_grams': double (required), 'max_product_length_cm': double (required), 'max_product_height_cm': double (required), 'max_product_width_cm': double (required), 'avg_product_name_length': double (required), 'avg_product_description_length': double (required), 'avg_product_photos_qty': double (required), 'sel_state_AC': long (required), 'sel_state_AM': long (required), 'sel_state_BA': long (required), 'sel_state_CE': long (required), 'sel_state_DF': long (required), 'sel_state_ES': long (required), 'sel_state_GO': long (required), 'sel_state_MA': long (required), 'sel_state_MG': long (required), 'sel_state_MS': long (required), 'sel_state_MT': long (required), 'sel_state_PA': long (required), 'sel_state_PB': long (required), 'sel_state_PE': long (required), 'sel_state_PI': long (required), 'sel_state_PR': long (required), 'sel_state_RJ': long (required), 'sel_state_RN': long (required), 'sel_state_RO': long (required), 'sel_state_RS': long (required), 'sel_state_SC': long (required), 'sel_state_SE': long (required), 'sel_state_SP': long (required), 'cat_automotivo': long (required), 'cat_bebes': long (required), 'cat_beleza_saude': long (required), 'cat_brinquedos': long (required), 'cat_cama_mesa_banho': long (required), 'cat_consoles_games': long (required), 'cat_cool_stuff': long (required), 'cat_eletronicos': long (required), 'cat_esporte_lazer': long (required), 'cat_fashion_bolsas_e_acessorios': long (required), 'cat_ferramentas_jardim': long (required), 'cat_informatica_acessorios': long (required), 'cat_moveis_decoracao': long (required), 'cat_moveis_escritorio': long (required), 'cat_other': long (required), 'cat_papelaria': long (required), 'cat_perfumaria': long (required), 'cat_pet_shop': long (required), 'cat_relogios_presentes': long (required), 'cat_telefonia': long (required), 'cat_utilidades_domesticas': long (required), 'num_payments': double (required), 'num_installments': double (required), 'total_payment_value': double (required), 'pay_boleto': long (required), 'pay_credit_card': long (required), 'pay_debit_card': long (required), 'pay_not_defined': long (required), 'pay_voucher': long (required), 'customer_lat': double (required), 'customer_lng': double (required), 'cust_state_AC': long (required), 'cust_state_AL': long (required), 'cust_state_AM': long (required), 'cust_state_AP': long (required), 'cust_state_BA': long (required), 'cust_state_CE': long (required), 'cust_state_DF': long (required), 'cust_state_ES': long (required), 'cust_state_GO': long (required), 'cust_state_MA': long (required), 'cust_state_MG': long (required), 'cust_state_MS': long (required), 'cust_state_MT': long (required), 'cust_state_PA': long (required), 'cust_state_PB': long (required), 'cust_state_PE': long (required), 'cust_state_PI': long (required), 'cust_state_PR': long (required), 'cust_state_RJ': long (required), 'cust_state_RN': long (required), 'cust_state_RO': long (required), 'cust_state_RR': long (required), 'cust_state_RS': long (required), 'cust_state_SC': long (required), 'cust_state_SE': long (required), 'cust_state_SP': long (required), 'cust_state_TO': long (required), 'purchase_month': long (required), 'estimated_days': long (required), 'distance_km': double (required), 'avg_seller_lat_missing': long (required), 'avg_seller_lng_missing': long (required), 'distance_km_missing': long (required), 'max_product_weight_grams_missing': long (required), 'max_product_length_cm_missing': long (required), 'max_product_height_cm_missing': long (required), 'max_product_width_cm_missing': long (required), 'avg_product_name_length_missing': long (required), 'avg_product_description_length_missing': long (required), 'avg_product_photos_qty_missing': long (required), 'num_payments_missing': long (required), 'num_installments_missing': long (required), 'total_payment_value_missing': long (required), 'pay_boleto_missing': long (required), 'pay_credit_card_missing': long (required), 'pay_debit_card_missing': long (required), 'pay_not_defined_missing': long (required), 'pay_voucher_missing': long (required), 'customer_lat_missing': long (required), 'customer_lng_missing': long (required)]'. Error: Incompatible input types for column num_sellers. Can not safely convert int64 to float64.
Traceback (most recent call last):
  File "C:\Users\acer\AppData\Local\Programs\Python\Python312\Lib\site-packages\mlflow\pyfunc\__init__.py", line 732, in _validate_prediction_input
    data = _enforce_schema(data, input_schema, flavor)
           ^^^^^^^^^^^^^^^^^^^^^^^^^^^^^^^^^^^^^^^^^^^
  File "C:\Users\acer\AppData\Local\Programs\Python\Python312\Lib\site-packages\mlflow\models\utils.py", line 1287, in _enforce_schema
    _enforce_named_col_schema(pf_input, input_schema)
  File "C:\Users\acer\AppData\Local\Programs\Python\Python312\Lib\site-packages\mlflow\models\utils.py", line 984, in _enforce_named_col_schema
    new_pf_input[name] = _enforce_mlflow_datatype(name, pf_input[name], input_type)
                         ^^^^^^^^^^^^^^^^^^^^^^^^^^^^^^^^^^^^^^^^^^^^^^^^^^^^^^^^^^
  File "C:\Users\acer\AppData\Local\Programs\Python\Python312\Lib\site-packages\mlflow\models\utils.py", line 876, in _enforce_mlflow_datatype
    raise MlflowException(
mlflow.exceptions.MlflowException: Incompatible input types for column num_sellers. Can not safely convert int64 to float64.

During handling of the above exception, another exception occurred:

Traceback (most recent call last):
  File "D:\MlOps_tasks\task_3\src\prediction.py", line 10, in predict
    prediction = int(model.predict(features)[0])
                     ^^^^^^^^^^^^^^^^^^^^^^^
  File "C:\Users\acer\AppData\Local\Programs\Python\Python312\Lib\site-packages\mlflow\pyfunc\__init__.py", line 846, in predict
    return self._predict(data, params)
           ^^^^^^^^^^^^^^^^^^^^^^^^^^^
  File "C:\Users\acer\AppData\Local\Programs\Python\Python312\Lib\site-packages\mlflow\pyfunc\__init__.py", line 885, in _predict
    data, params = _validate_prediction_input(
                   ^^^^^^^^^^^^^^^^^^^^^^^^^^^
  File "C:\Users\acer\AppData\Local\Programs\Python\Python312\Lib\site-packages\mlflow\pyfunc\__init__.py", line 744, in _validate_prediction_input
    raise MlflowException.invalid_parameter_value(
mlflow.exceptions.MlflowException: Failed to enforce schema of data '   num_sellers  num_items  ...  customer_lat_missing  customer_lng_missing
0            2          2  ...                     0                     0

[1 rows x 117 columns]' with schema '['num_sellers': double (required), 'num_items': double (required), 'total_price': double (required), 'total_freight_value': double (required), 'avg_seller_lat': double (required), 'avg_seller_lng': double (required), 'max_product_weight_grams': double (required), 'max_product_length_cm': double (required), 'max_product_height_cm': double (required), 'max_product_width_cm': double (required), 'avg_product_name_length': double (required), 'avg_product_description_length': double (required), 'avg_product_photos_qty': double (required), 'sel_state_AC': long (required), 'sel_state_AM': long (required), 'sel_state_BA': long (required), 'sel_state_CE': long (required), 'sel_state_DF': long (required), 'sel_state_ES': long (required), 'sel_state_GO': long (required), 'sel_state_MA': long (required), 'sel_state_MG': long (required), 'sel_state_MS': long (required), 'sel_state_MT': long (required), 'sel_state_PA': long (required), 'sel_state_PB': long (required), 'sel_state_PE': long (required), 'sel_state_PI': long (required), 'sel_state_PR': long (required), 'sel_state_RJ': long (required), 'sel_state_RN': long (required), 'sel_state_RO': long (required), 'sel_state_RS': long (required), 'sel_state_SC': long (required), 'sel_state_SE': long (required), 'sel_state_SP': long (required), 'cat_automotivo': long (required), 'cat_bebes': long (required), 'cat_beleza_saude': long (required), 'cat_brinquedos': long (required), 'cat_cama_mesa_banho': long (required), 'cat_consoles_games': long (required), 'cat_cool_stuff': long (required), 'cat_eletronicos': long (required), 'cat_esporte_lazer': long (required), 'cat_fashion_bolsas_e_acessorios': long (required), 'cat_ferramentas_jardim': long (required), 'cat_informatica_acessorios': long (required), 'cat_moveis_decoracao': long (required), 'cat_moveis_escritorio': long (required), 'cat_other': long (required), 'cat_papelaria': long (required), 'cat_perfumaria': long (required), 'cat_pet_shop': long (required), 'cat_relogios_presentes': long (required), 'cat_telefonia': long (required), 'cat_utilidades_domesticas': long (required), 'num_payments': double (required), 'num_installments': double (required), 'total_payment_value': double (required), 'pay_boleto': long (required), 'pay_credit_card': long (required), 'pay_debit_card': long (required), 'pay_not_defined': long (required), 'pay_voucher': long (required), 'customer_lat': double (required), 'customer_lng': double (required), 'cust_state_AC': long (required), 'cust_state_AL': long (required), 'cust_state_AM': long (required), 'cust_state_AP': long (required), 'cust_state_BA': long (required), 'cust_state_CE': long (required), 'cust_state_DF': long (required), 'cust_state_ES': long (required), 'cust_state_GO': long (required), 'cust_state_MA': long (required), 'cust_state_MG': long (required), 'cust_state_MS': long (required), 'cust_state_MT': long (required), 'cust_state_PA': long (required), 'cust_state_PB': long (required), 'cust_state_PE': long (required), 'cust_state_PI': long (required), 'cust_state_PR': long (required), 'cust_state_RJ': long (required), 'cust_state_RN': long (required), 'cust_state_RO': long (required), 'cust_state_RR': long (required), 'cust_state_RS': long (required), 'cust_state_SC': long (required), 'cust_state_SE': long (required), 'cust_state_SP': long (required), 'cust_state_TO': long (required), 'purchase_month': long (required), 'estimated_days': long (required), 'distance_km': double (required), 'avg_seller_lat_missing': long (required), 'avg_seller_lng_missing': long (required), 'distance_km_missing': long (required), 'max_product_weight_grams_missing': long (required), 'max_product_length_cm_missing': long (required), 'max_product_height_cm_missing': long (required), 'max_product_width_cm_missing': long (required), 'avg_product_name_length_missing': long (required), 'avg_product_description_length_missing': long (required), 'avg_product_photos_qty_missing': long (required), 'num_payments_missing': long (required), 'num_installments_missing': long (required), 'total_payment_value_missing': long (required), 'pay_boleto_missing': long (required), 'pay_credit_card_missing': long (required), 'pay_debit_card_missing': long (required), 'pay_not_defined_missing': long (required), 'pay_voucher_missing': long (required), 'customer_lat_missing': long (required), 'customer_lng_missing': long (required)]'. Error: Incompatible input types for column num_sellers. Can not safely convert int64 to float64.
2026-09-18 22:43:13,467 - ERROR - Prediction failed: Failed to enforce schema of data '   num_sellers  num_items  ...  customer_lat_missing  customer_lng_missing
0            2          2  ...                     0                     0

[1 rows x 117 columns]' with schema '['num_sellers': double (required), 'num_items': double (required), 'total_price': double (required), 'total_freight_value': double (required), 'avg_seller_lat': double (required), 'avg_seller_lng': double (required), 'max_product_weight_grams': double (required), 'max_product_length_cm': double (required), 'max_product_height_cm': double (required), 'max_product_width_cm': double (required), 'avg_product_name_length': double (required), 'avg_product_description_length': double (required), 'avg_product_photos_qty': double (required), 'sel_state_AC': long (required), 'sel_state_AM': long (required), 'sel_state_BA': long (required), 'sel_state_CE': long (required), 'sel_state_DF': long (required), 'sel_state_ES': long (required), 'sel_state_GO': long (required), 'sel_state_MA': long (required), 'sel_state_MG': long (required), 'sel_state_MS': long (required), 'sel_state_MT': long (required), 'sel_state_PA': long (required), 'sel_state_PB': long (required), 'sel_state_PE': long (required), 'sel_state_PI': long (required), 'sel_state_PR': long (required), 'sel_state_RJ': long (required), 'sel_state_RN': long (required), 'sel_state_RO': long (required), 'sel_state_RS': long (required), 'sel_state_SC': long (required), 'sel_state_SE': long (required), 'sel_state_SP': long (required), 'cat_automotivo': long (required), 'cat_bebes': long (required), 'cat_beleza_saude': long (required), 'cat_brinquedos': long (required), 'cat_cama_mesa_banho': long (required), 'cat_consoles_games': long (required), 'cat_cool_stuff': long (required), 'cat_eletronicos': long (required), 'cat_esporte_lazer': long (required), 'cat_fashion_bolsas_e_acessorios': long (required), 'cat_ferramentas_jardim': long (required), 'cat_informatica_acessorios': long (required), 'cat_moveis_decoracao': long (required), 'cat_moveis_escritorio': long (required), 'cat_other': long (required), 'cat_papelaria': long (required), 'cat_perfumaria': long (required), 'cat_pet_shop': long (required), 'cat_relogios_presentes': long (required), 'cat_telefonia': long (required), 'cat_utilidades_domesticas': long (required), 'num_payments': double (required), 'num_installments': double (required), 'total_payment_value': double (required), 'pay_boleto': long (required), 'pay_credit_card': long (required), 'pay_debit_card': long (required), 'pay_not_defined': long (required), 'pay_voucher': long (required), 'customer_lat': double (required), 'customer_lng': double (required), 'cust_state_AC': long (required), 'cust_state_AL': long (required), 'cust_state_AM': long (required), 'cust_state_AP': long (required), 'cust_state_BA': long (required), 'cust_state_CE': long (required), 'cust_state_DF': long (required), 'cust_state_ES': long (required), 'cust_state_GO': long (required), 'cust_state_MA': long (required), 'cust_state_MG': long (required), 'cust_state_MS': long (required), 'cust_state_MT': long (required), 'cust_state_PA': long (required), 'cust_state_PB': long (required), 'cust_state_PE': long (required), 'cust_state_PI': long (required), 'cust_state_PR': long (required), 'cust_state_RJ': long (required), 'cust_state_RN': long (required), 'cust_state_RO': long (required), 'cust_state_RR': long (required), 'cust_state_RS': long (required), 'cust_state_SC': long (required), 'cust_state_SE': long (required), 'cust_state_SP': long (required), 'cust_state_TO': long (required), 'purchase_month': long (required), 'estimated_days': long (required), 'distance_km': double (required), 'avg_seller_lat_missing': long (required), 'avg_seller_lng_missing': long (required), 'distance_km_missing': long (required), 'max_product_weight_grams_missing': long (required), 'max_product_length_cm_missing': long (required), 'max_product_height_cm_missing': long (required), 'max_product_width_cm_missing': long (required), 'avg_product_name_length_missing': long (required), 'avg_product_description_length_missing': long (required), 'avg_product_photos_qty_missing': long (required), 'num_payments_missing': long (required), 'num_installments_missing': long (required), 'total_payment_value_missing': long (required), 'pay_boleto_missing': long (required), 'pay_credit_card_missing': long (required), 'pay_debit_card_missing': long (required), 'pay_not_defined_missing': long (required), 'pay_voucher_missing': long (required), 'customer_lat_missing': long (required), 'customer_lng_missing': long (required)]'. Error: Incompatible input types for column num_sellers. Can not safely convert int64 to float64.
Traceback (most recent call last):
  File "C:\Users\acer\AppData\Local\Programs\Python\Python312\Lib\site-packages\mlflow\pyfunc\__init__.py", line 732, in _validate_prediction_input
    data = _enforce_schema(data, input_schema, flavor)
           ^^^^^^^^^^^^^^^^^^^^^^^^^^^^^^^^^^^^^^^^^^^
  File "C:\Users\acer\AppData\Local\Programs\Python\Python312\Lib\site-packages\mlflow\models\utils.py", line 1287, in _enforce_schema
    _enforce_named_col_schema(pf_input, input_schema)
  File "C:\Users\acer\AppData\Local\Programs\Python\Python312\Lib\site-packages\mlflow\models\utils.py", line 984, in _enforce_named_col_schema
    new_pf_input[name] = _enforce_mlflow_datatype(name, pf_input[name], input_type)
                         ^^^^^^^^^^^^^^^^^^^^^^^^^^^^^^^^^^^^^^^^^^^^^^^^^^^^^^^^^^
  File "C:\Users\acer\AppData\Local\Programs\Python\Python312\Lib\site-packages\mlflow\models\utils.py", line 876, in _enforce_mlflow_datatype
    raise MlflowException(
mlflow.exceptions.MlflowException: Incompatible input types for column num_sellers. Can not safely convert int64 to float64.

During handling of the above exception, another exception occurred:

Traceback (most recent call last):
  File "D:\MlOps_tasks\task_3\src\pipeline.py", line 53, in predict
    prediction=predict(self.model, features)
               ^^^^^^^^^^^^^^^^^^^^^^^^^^^^^
  File "D:\MlOps_tasks\task_3\src\prediction.py", line 10, in predict
    prediction = int(model.predict(features)[0])
                     ^^^^^^^^^^^^^^^^^^^^^^^
  File "C:\Users\acer\AppData\Local\Programs\Python\Python312\Lib\site-packages\mlflow\pyfunc\__init__.py", line 846, in predict
    return self._predict(data, params)
           ^^^^^^^^^^^^^^^^^^^^^^^^^^^
  File "C:\Users\acer\AppData\Local\Programs\Python\Python312\Lib\site-packages\mlflow\pyfunc\__init__.py", line 885, in _predict
    data, params = _validate_prediction_input(
                   ^^^^^^^^^^^^^^^^^^^^^^^^^^^
  File "C:\Users\acer\AppData\Local\Programs\Python\Python312\Lib\site-packages\mlflow\pyfunc\__init__.py", line 744, in _validate_prediction_input
    raise MlflowException.invalid_parameter_value(
mlflow.exceptions.MlflowException: Failed to enforce schema of data '   num_sellers  num_items  ...  customer_lat_missing  customer_lng_missing
0            2          2  ...                     0                     0

[1 rows x 117 columns]' with schema '['num_sellers': double (required), 'num_items': double (required), 'total_price': double (required), 'total_freight_value': double (required), 'avg_seller_lat': double (required), 'avg_seller_lng': double (required), 'max_product_weight_grams': double (required), 'max_product_length_cm': double (required), 'max_product_height_cm': double (required), 'max_product_width_cm': double (required), 'avg_product_name_length': double (required), 'avg_product_description_length': double (required), 'avg_product_photos_qty': double (required), 'sel_state_AC': long (required), 'sel_state_AM': long (required), 'sel_state_BA': long (required), 'sel_state_CE': long (required), 'sel_state_DF': long (required), 'sel_state_ES': long (required), 'sel_state_GO': long (required), 'sel_state_MA': long (required), 'sel_state_MG': long (required), 'sel_state_MS': long (required), 'sel_state_MT': long (required), 'sel_state_PA': long (required), 'sel_state_PB': long (required), 'sel_state_PE': long (required), 'sel_state_PI': long (required), 'sel_state_PR': long (required), 'sel_state_RJ': long (required), 'sel_state_RN': long (required), 'sel_state_RO': long (required), 'sel_state_RS': long (required), 'sel_state_SC': long (required), 'sel_state_SE': long (required), 'sel_state_SP': long (required), 'cat_automotivo': long (required), 'cat_bebes': long (required), 'cat_beleza_saude': long (required), 'cat_brinquedos': long (required), 'cat_cama_mesa_banho': long (required), 'cat_consoles_games': long (required), 'cat_cool_stuff': long (required), 'cat_eletronicos': long (required), 'cat_esporte_lazer': long (required), 'cat_fashion_bolsas_e_acessorios': long (required), 'cat_ferramentas_jardim': long (required), 'cat_informatica_acessorios': long (required), 'cat_moveis_decoracao': long (required), 'cat_moveis_escritorio': long (required), 'cat_other': long (required), 'cat_papelaria': long (required), 'cat_perfumaria': long (required), 'cat_pet_shop': long (required), 'cat_relogios_presentes': long (required), 'cat_telefonia': long (required), 'cat_utilidades_domesticas': long (required), 'num_payments': double (required), 'num_installments': double (required), 'total_payment_value': double (required), 'pay_boleto': long (required), 'pay_credit_card': long (required), 'pay_debit_card': long (required), 'pay_not_defined': long (required), 'pay_voucher': long (required), 'customer_lat': double (required), 'customer_lng': double (required), 'cust_state_AC': long (required), 'cust_state_AL': long (required), 'cust_state_AM': long (required), 'cust_state_AP': long (required), 'cust_state_BA': long (required), 'cust_state_CE': long (required), 'cust_state_DF': long (required), 'cust_state_ES': long (required), 'cust_state_GO': long (required), 'cust_state_MA': long (required), 'cust_state_MG': long (required), 'cust_state_MS': long (required), 'cust_state_MT': long (required), 'cust_state_PA': long (required), 'cust_state_PB': long (required), 'cust_state_PE': long (required), 'cust_state_PI': long (required), 'cust_state_PR': long (required), 'cust_state_RJ': long (required), 'cust_state_RN': long (required), 'cust_state_RO': long (required), 'cust_state_RR': long (required), 'cust_state_RS': long (required), 'cust_state_SC': long (required), 'cust_state_SE': long (required), 'cust_state_SP': long (required), 'cust_state_TO': long (required), 'purchase_month': long (required), 'estimated_days': long (required), 'distance_km': double (required), 'avg_seller_lat_missing': long (required), 'avg_seller_lng_missing': long (required), 'distance_km_missing': long (required), 'max_product_weight_grams_missing': long (required), 'max_product_length_cm_missing': long (required), 'max_product_height_cm_missing': long (required), 'max_product_width_cm_missing': long (required), 'avg_product_name_length_missing': long (required), 'avg_product_description_length_missing': long (required), 'avg_product_photos_qty_missing': long (required), 'num_payments_missing': long (required), 'num_installments_missing': long (required), 'total_payment_value_missing': long (required), 'pay_boleto_missing': long (required), 'pay_credit_card_missing': long (required), 'pay_debit_card_missing': long (required), 'pay_not_defined_missing': long (required), 'pay_voucher_missing': long (required), 'customer_lat_missing': long (required), 'customer_lng_missing': long (required)]'. Error: Incompatible input types for column num_sellers. Can not safely convert int64 to float64.
2026-09-18 22:43:14,120 - INFO - Project root resolved to: D:\MlOps_tasks\task_3
2026-09-18 22:43:14,125 - INFO - Loading MLflow model from URI: ..\models\trained_model.pkl
2026-09-18 22:43:14,126 - ERROR - Failed to load MLflow model from URI: ..\models\trained_model.pkl
Traceback (most recent call last):
  File "D:\MlOps_tasks\task_3\src\data_access.py", line 22, in load_model
    return mlflow.pyfunc.load_model(uri)
           ^^^^^^^^^^^^^^^^^^^^^^^^^^^^^
  File "C:\Users\acer\AppData\Local\Programs\Python\Python312\Lib\site-packages\mlflow\tracing\provider.py", line 1056, in wrapper
    return f(*args, **kwargs)
           ^^^^^^^^^^^^^^^^^^
  File "C:\Users\acer\AppData\Local\Programs\Python\Python312\Lib\site-packages\mlflow\pyfunc\__init__.py", line 1140, in load_model
    model_meta = Model.load(os.path.join(local_path, MLMODEL_FILE_NAME))
                 ^^^^^^^^^^^^^^^^^^^^^^^^^^^^^^^^^^^^^^^^^^^^^^^^^^^^^^^
  File "C:\Users\acer\AppData\Local\Programs\Python\Python312\Lib\site-packages\mlflow\models\model.py", line 819, in load
    mlmodel_local_path = _download_artifact_from_uri(artifact_uri=mlmodel_file_path)
                         ^^^^^^^^^^^^^^^^^^^^^^^^^^^^^^^^^^^^^^^^^^^^^^^^^^^^^^^^^^^
  File "C:\Users\acer\AppData\Local\Programs\Python\Python312\Lib\site-packages\mlflow\tracking\artifact_utils.py", line 128, in _download_artifact_from_uri
    return repo.download_artifacts(artifact_path=artifact_path, dst_path=output_path)
           ^^^^^^^^^^^^^^^^^^^^^^^^^^^^^^^^^^^^^^^^^^^^^^^^^^^^^^^^^^^^^^^^^^^^^^^^^^
  File "C:\Users\acer\AppData\Local\Programs\Python\Python312\Lib\site-packages\mlflow\store\artifact\local_artifact_repo.py", line 247, in download_artifacts
    return self.get_local_path(artifact_path)
           ^^^^^^^^^^^^^^^^^^^^^^^^^^^^^^^^^^
  File "C:\Users\acer\AppData\Local\Programs\Python\Python312\Lib\site-packages\mlflow\store\artifact\local_artifact_repo.py", line 66, in get_local_path
    artifact_path = validate_path_is_safe(artifact_path)
                    ^^^^^^^^^^^^^^^^^^^^^^^^^^^^^^^^^^^^
  File "C:\Users\acer\AppData\Local\Programs\Python\Python312\Lib\site-packages\mlflow\utils\uri.py", line 514, in validate_path_is_safe
    raise exc
mlflow.exceptions.MlflowException: Invalid path
2026-09-18 22:43:14,201 - INFO - Creating missing value indicators for specific columns
2026-09-18 22:43:14,201 - WARNING - Missing values found in column 'avg_seller_lat'. Created indicator column 'avg_seller_lat_missing'.
2026-09-18 22:43:14,202 - WARNING - Missing values found in column 'distance_km'. Created indicator column 'distance_km_missing'.
2026-09-18 22:43:14,203 - WARNING - Missing values found in column 'max_product_length_cm'. Created indicator column 'max_product_length_cm_missing'.
2026-09-18 22:43:14,203 - WARNING - Missing values found in column 'avg_product_description_length'. Created indicator column 'avg_product_description_length_missing'.
2026-09-18 22:43:14,203 - WARNING - Missing values found in column 'num_payments'. Created indicator column 'num_payments_missing'.
2026-09-18 22:43:14,203 - WARNING - Missing values found in column 'total_payment_value'. Created indicator column 'total_payment_value_missing'.
2026-09-18 22:43:14,203 - WARNING - Missing values found in column 'customer_lat'. Created indicator column 'customer_lat_missing'.
2026-09-18 22:43:14,210 - INFO - Aligning features to match model's expected input
2026-09-18 22:50:16,213 - INFO - Adding date features
2026-09-18 22:50:16,213 - INFO - Calculating haversine distance
2026-09-18 22:50:16,227 - INFO - Calculating haversine distance
2026-09-18 22:50:16,227 - INFO - Calculating haversine distance
2026-09-18 22:50:16,231 - INFO - Project root resolved to: D:\MlOps_tasks\task_3
2026-09-18 22:50:16,268 - INFO - Loading MLflow model from URI: models:/olist-classifier@champion
2026-09-18 22:50:22,057 - INFO - Loading pickle artifact: ..\models\transformers\imputer.pkl
2026-09-18 22:50:22,059 - INFO - Loading feature list: ..\feature_list.txt
2026-09-18 22:50:22,059 - INFO - Feature list loaded with 117 columns
2026-09-18 22:50:22,104 - INFO - Prediction request Received
2026-09-18 22:50:22,104 - INFO - Preparing features for prediction
2026-09-18 22:50:22,104 - INFO - Building order features for order_id=9e6bc602a2466daa94736f31d1319c5d
2026-09-18 22:50:24,478 - INFO - Order feature creation completed for order_id=9e6bc602a2466daa94736f31d1319c5d
2026-09-18 22:50:24,525 - INFO - Dropping unused columns from the dataset
2026-09-18 22:50:24,525 - INFO - Adding date features
2026-09-18 22:50:24,540 - INFO - Calculating haversine distance
2026-09-18 22:50:24,540 - INFO - Calculating haversine distance
2026-09-18 22:50:24,540 - INFO - Creating missing value indicators for specific columns
2026-09-18 22:50:24,540 - INFO - Validating input data for required columns and non-empty DataFrame
2026-09-18 22:50:24,540 - INFO - Applying imputer to missing values
2026-09-18 22:50:24,557 - INFO - Aligning features to match model's expected input
2026-09-18 22:50:24,572 - INFO - Making predictions using the provided model
2026-09-18 22:50:24,594 - INFO - Prediction request: input=   num_sellers  num_items  ...  customer_lat_missing  customer_lng_missing
0          2.0        2.0  ...                     0                     0

[1 rows x 117 columns] output={'prediction': 0, 'probability': nan} latency=2.490s model_version=1
2026-09-18 22:50:24,793 - INFO - Prediction request Received
2026-09-18 22:50:24,793 - INFO - Preparing features for prediction
2026-09-18 22:50:24,793 - INFO - Building order features for order_id=c0e57db4a4a6ef32aa28911d1c07df81
2026-09-18 22:50:27,282 - INFO - Order feature creation completed for order_id=c0e57db4a4a6ef32aa28911d1c07df81
2026-09-18 22:50:27,340 - INFO - Dropping unused columns from the dataset
2026-09-18 22:50:27,340 - INFO - Adding date features
2026-09-18 22:50:27,340 - INFO - Calculating haversine distance
2026-09-18 22:50:27,340 - INFO - Calculating haversine distance
2026-09-18 22:50:27,340 - INFO - Creating missing value indicators for specific columns
2026-09-18 22:50:27,340 - INFO - Validating input data for required columns and non-empty DataFrame
2026-09-18 22:50:27,340 - INFO - Applying imputer to missing values
2026-09-18 22:50:27,356 - INFO - Aligning features to match model's expected input
2026-09-18 22:50:27,372 - INFO - Making predictions using the provided model
2026-09-18 22:50:27,372 - INFO - Prediction request: input=   num_sellers  num_items  ...  customer_lat_missing  customer_lng_missing
0          1.0        1.0  ...                     0                     0

[1 rows x 117 columns] output={'prediction': 0, 'probability': nan} latency=2.580s model_version=1
2026-09-18 22:50:27,578 - INFO - Prediction request Received
2026-09-18 22:50:27,578 - INFO - Preparing features for prediction
2026-09-18 22:50:27,578 - INFO - Building order features for order_id=88a78af246c6c2db88e72b384796c98c
2026-09-18 22:50:29,994 - INFO - Order feature creation completed for order_id=88a78af246c6c2db88e72b384796c98c
2026-09-18 22:50:30,042 - INFO - Dropping unused columns from the dataset
2026-09-18 22:50:30,042 - INFO - Adding date features
2026-09-18 22:50:30,058 - INFO - Calculating haversine distance
2026-09-18 22:50:30,058 - INFO - Calculating haversine distance
2026-09-18 22:50:30,058 - INFO - Creating missing value indicators for specific columns
2026-09-18 22:50:30,058 - INFO - Validating input data for required columns and non-empty DataFrame
2026-09-18 22:50:30,058 - INFO - Applying imputer to missing values
2026-09-18 22:50:30,058 - INFO - Aligning features to match model's expected input
2026-09-18 22:50:30,074 - INFO - Making predictions using the provided model
2026-09-18 22:50:30,089 - INFO - Prediction request: input=   num_sellers  num_items  ...  customer_lat_missing  customer_lng_missing
0          1.0        1.0  ...                     0                     0

[1 rows x 117 columns] output={'prediction': 0, 'probability': nan} latency=2.511s model_version=1
2026-09-18 22:50:30,279 - INFO - Prediction request Received
2026-09-18 22:50:30,279 - INFO - Preparing features for prediction
2026-09-18 22:50:30,279 - INFO - Building order features for order_id=8fb4e4bd46f9802e9179726dd20019a5
2026-09-18 22:50:32,692 - INFO - Order feature creation completed for order_id=8fb4e4bd46f9802e9179726dd20019a5
2026-09-18 22:50:32,740 - INFO - Dropping unused columns from the dataset
2026-09-18 22:50:32,756 - INFO - Adding date features
2026-09-18 22:50:32,756 - INFO - Calculating haversine distance
2026-09-18 22:50:32,756 - INFO - Calculating haversine distance
2026-09-18 22:50:32,756 - INFO - Creating missing value indicators for specific columns
2026-09-18 22:50:32,768 - INFO - Validating input data for required columns and non-empty DataFrame
2026-09-18 22:50:32,768 - INFO - Applying imputer to missing values
2026-09-18 22:50:32,772 - INFO - Aligning features to match model's expected input
2026-09-18 22:50:32,788 - INFO - Making predictions using the provided model
2026-09-18 22:50:32,788 - INFO - Prediction request: input=   num_sellers  num_items  ...  customer_lat_missing  customer_lng_missing
0          1.0        1.0  ...                     0                     0

[1 rows x 117 columns] output={'prediction': 0, 'probability': nan} latency=2.508s model_version=1
2026-09-18 22:50:32,986 - INFO - Prediction request Received
2026-09-18 22:50:32,986 - INFO - Preparing features for prediction
2026-09-18 22:50:32,986 - INFO - Building order features for order_id=d7c663de1470a2d3671791d3f093991c
2026-09-18 22:50:35,699 - INFO - Order feature creation completed for order_id=d7c663de1470a2d3671791d3f093991c
2026-09-18 22:50:35,753 - INFO - Dropping unused columns from the dataset
2026-09-18 22:50:35,755 - INFO - Adding date features
2026-09-18 22:50:35,757 - INFO - Calculating haversine distance
2026-09-18 22:50:35,758 - INFO - Calculating haversine distance
2026-09-18 22:50:35,759 - INFO - Creating missing value indicators for specific columns
2026-09-18 22:50:35,766 - INFO - Validating input data for required columns and non-empty DataFrame
2026-09-18 22:50:35,767 - INFO - Applying imputer to missing values
2026-09-18 22:50:35,770 - INFO - Aligning features to match model's expected input
2026-09-18 22:50:35,783 - INFO - Making predictions using the provided model
2026-09-18 22:50:35,799 - INFO - Prediction request: input=   num_sellers  num_items  ...  customer_lat_missing  customer_lng_missing
0          1.0        1.0  ...                     0                     0

[1 rows x 117 columns] output={'prediction': 0, 'probability': nan} latency=2.813s model_version=1
2026-09-18 22:50:36,517 - INFO - Project root resolved to: D:\MlOps_tasks\task_3
2026-09-18 22:50:36,517 - INFO - Loading MLflow model from URI: ..\models\trained_model.pkl
2026-09-18 22:50:36,517 - ERROR - Failed to load MLflow model from URI: ..\models\trained_model.pkl
Traceback (most recent call last):
  File "D:\MlOps_tasks\task_3\src\data_access.py", line 22, in load_model
    return mlflow.pyfunc.load_model(uri)
           ^^^^^^^^^^^^^^^^^^^^^^^^^^^^^
  File "C:\Users\acer\AppData\Local\Programs\Python\Python312\Lib\site-packages\mlflow\tracing\provider.py", line 1056, in wrapper
    return f(*args, **kwargs)
           ^^^^^^^^^^^^^^^^^^
  File "C:\Users\acer\AppData\Local\Programs\Python\Python312\Lib\site-packages\mlflow\pyfunc\__init__.py", line 1140, in load_model
    model_meta = Model.load(os.path.join(local_path, MLMODEL_FILE_NAME))
                 ^^^^^^^^^^^^^^^^^^^^^^^^^^^^^^^^^^^^^^^^^^^^^^^^^^^^^^^
  File "C:\Users\acer\AppData\Local\Programs\Python\Python312\Lib\site-packages\mlflow\models\model.py", line 819, in load
    mlmodel_local_path = _download_artifact_from_uri(artifact_uri=mlmodel_file_path)
                         ^^^^^^^^^^^^^^^^^^^^^^^^^^^^^^^^^^^^^^^^^^^^^^^^^^^^^^^^^^^
  File "C:\Users\acer\AppData\Local\Programs\Python\Python312\Lib\site-packages\mlflow\tracking\artifact_utils.py", line 128, in _download_artifact_from_uri
    return repo.download_artifacts(artifact_path=artifact_path, dst_path=output_path)
           ^^^^^^^^^^^^^^^^^^^^^^^^^^^^^^^^^^^^^^^^^^^^^^^^^^^^^^^^^^^^^^^^^^^^^^^^^^
  File "C:\Users\acer\AppData\Local\Programs\Python\Python312\Lib\site-packages\mlflow\store\artifact\local_artifact_repo.py", line 247, in download_artifacts
    return self.get_local_path(artifact_path)
           ^^^^^^^^^^^^^^^^^^^^^^^^^^^^^^^^^^
  File "C:\Users\acer\AppData\Local\Programs\Python\Python312\Lib\site-packages\mlflow\store\artifact\local_artifact_repo.py", line 66, in get_local_path
    artifact_path = validate_path_is_safe(artifact_path)
                    ^^^^^^^^^^^^^^^^^^^^^^^^^^^^^^^^^^^^
  File "C:\Users\acer\AppData\Local\Programs\Python\Python312\Lib\site-packages\mlflow\utils\uri.py", line 514, in validate_path_is_safe
    raise exc
mlflow.exceptions.MlflowException: Invalid path
2026-09-18 22:50:36,633 - INFO - Creating missing value indicators for specific columns
2026-09-18 22:50:36,633 - WARNING - Missing values found in column 'avg_seller_lat'. Created indicator column 'avg_seller_lat_missing'.
2026-09-18 22:50:36,633 - WARNING - Missing values found in column 'distance_km'. Created indicator column 'distance_km_missing'.
2026-09-18 22:50:36,633 - WARNING - Missing values found in column 'max_product_length_cm'. Created indicator column 'max_product_length_cm_missing'.
2026-09-18 22:50:36,633 - WARNING - Missing values found in column 'avg_product_description_length'. Created indicator column 'avg_product_description_length_missing'.
2026-09-18 22:50:36,633 - WARNING - Missing values found in column 'num_payments'. Created indicator column 'num_payments_missing'.
2026-09-18 22:50:36,633 - WARNING - Missing values found in column 'total_payment_value'. Created indicator column 'total_payment_value_missing'.
2026-09-18 22:50:36,633 - WARNING - Missing values found in column 'customer_lat'. Created indicator column 'customer_lat_missing'.
2026-09-18 22:50:36,643 - INFO - Aligning features to match model's expected input
2026-09-18 22:53:14,446 - INFO - Adding date features
2026-09-18 22:53:14,446 - INFO - Calculating haversine distance
2026-09-18 22:53:14,457 - INFO - Calculating haversine distance
2026-09-18 22:53:14,458 - INFO - Calculating haversine distance
2026-09-18 22:53:14,508 - INFO - Project root resolved to: D:\MlOps_tasks\task_3
2026-09-18 22:53:14,564 - INFO - Loading MLflow model from URI: models:/olist-classifier@champion
2026-09-18 22:53:20,305 - INFO - Loading pickle artifact: ..\models\transformers\imputer.pkl
2026-09-18 22:53:20,307 - INFO - Loading feature list: ..\feature_list.txt
2026-09-18 22:53:20,307 - INFO - Feature list loaded with 117 columns
2026-09-18 22:53:20,341 - INFO - Prediction request Received
2026-09-18 22:53:20,341 - INFO - Preparing features for prediction
2026-09-18 22:53:20,341 - INFO - Building order features for order_id=9e6bc602a2466daa94736f31d1319c5d
2026-09-18 22:53:22,732 - INFO - Order feature creation completed for order_id=9e6bc602a2466daa94736f31d1319c5d
2026-09-18 22:53:22,796 - INFO - Dropping unused columns from the dataset
2026-09-18 22:53:22,796 - INFO - Adding date features
2026-09-18 22:53:22,796 - INFO - Calculating haversine distance
2026-09-18 22:53:22,796 - INFO - Calculating haversine distance
2026-09-18 22:53:22,796 - INFO - Creating missing value indicators for specific columns
2026-09-18 22:53:22,811 - INFO - Validating input data for required columns and non-empty DataFrame
2026-09-18 22:53:22,811 - INFO - Applying imputer to missing values
2026-09-18 22:53:22,827 - INFO - Aligning features to match model's expected input
2026-09-18 22:53:22,843 - INFO - Making predictions using the provided model
2026-09-18 22:53:22,868 - INFO - Prediction request: input=   num_sellers  num_items  ...  customer_lat_missing  customer_lng_missing
0          2.0        2.0  ...                     0                     0

[1 rows x 117 columns] output={'prediction': 0, 'probability': 0.168917715549469} latency=2.528s model_version=1
2026-09-18 22:53:23,064 - INFO - Prediction request Received
2026-09-18 22:53:23,064 - INFO - Preparing features for prediction
2026-09-18 22:53:23,064 - INFO - Building order features for order_id=c0e57db4a4a6ef32aa28911d1c07df81
2026-09-18 22:53:25,492 - INFO - Order feature creation completed for order_id=c0e57db4a4a6ef32aa28911d1c07df81
2026-09-18 22:53:25,555 - INFO - Dropping unused columns from the dataset
2026-09-18 22:53:25,555 - INFO - Adding date features
2026-09-18 22:53:25,555 - INFO - Calculating haversine distance
2026-09-18 22:53:25,555 - INFO - Calculating haversine distance
2026-09-18 22:53:25,555 - INFO - Creating missing value indicators for specific columns
2026-09-18 22:53:25,571 - INFO - Validating input data for required columns and non-empty DataFrame
2026-09-18 22:53:25,571 - INFO - Applying imputer to missing values
2026-09-18 22:53:25,571 - INFO - Aligning features to match model's expected input
2026-09-18 22:53:25,587 - INFO - Making predictions using the provided model
2026-09-18 22:53:25,615 - INFO - Prediction request: input=   num_sellers  num_items  ...  customer_lat_missing  customer_lng_missing
0          1.0        1.0  ...                     0                     0

[1 rows x 117 columns] output={'prediction': 0, 'probability': 0.17624437808990479} latency=2.551s model_version=1
2026-09-18 22:53:25,803 - INFO - Prediction request Received
2026-09-18 22:53:25,803 - INFO - Preparing features for prediction
2026-09-18 22:53:25,803 - INFO - Building order features for order_id=88a78af246c6c2db88e72b384796c98c
2026-09-18 22:53:28,192 - INFO - Order feature creation completed for order_id=88a78af246c6c2db88e72b384796c98c
2026-09-18 22:53:28,246 - INFO - Dropping unused columns from the dataset
2026-09-18 22:53:28,248 - INFO - Adding date features
2026-09-18 22:53:28,250 - INFO - Calculating haversine distance
2026-09-18 22:53:28,250 - INFO - Calculating haversine distance
2026-09-18 22:53:28,252 - INFO - Creating missing value indicators for specific columns
2026-09-18 22:53:28,260 - INFO - Validating input data for required columns and non-empty DataFrame
2026-09-18 22:53:28,260 - INFO - Applying imputer to missing values
2026-09-18 22:53:28,262 - INFO - Aligning features to match model's expected input
2026-09-18 22:53:28,278 - INFO - Making predictions using the provided model
2026-09-18 22:53:28,301 - INFO - Prediction request: input=   num_sellers  num_items  ...  customer_lat_missing  customer_lng_missing
0          1.0        1.0  ...                     0                     0

[1 rows x 117 columns] output={'prediction': 0, 'probability': 0.246858149766922} latency=2.499s model_version=1
2026-09-18 22:53:28,482 - INFO - Prediction request Received
2026-09-18 22:53:28,482 - INFO - Preparing features for prediction
2026-09-18 22:53:28,482 - INFO - Building order features for order_id=8fb4e4bd46f9802e9179726dd20019a5
2026-09-18 22:53:30,884 - INFO - Order feature creation completed for order_id=8fb4e4bd46f9802e9179726dd20019a5
2026-09-18 22:53:30,947 - INFO - Dropping unused columns from the dataset
2026-09-18 22:53:30,947 - INFO - Adding date features
2026-09-18 22:53:30,947 - INFO - Calculating haversine distance
2026-09-18 22:53:30,947 - INFO - Calculating haversine distance
2026-09-18 22:53:30,947 - INFO - Creating missing value indicators for specific columns
2026-09-18 22:53:30,947 - INFO - Validating input data for required columns and non-empty DataFrame
2026-09-18 22:53:30,947 - INFO - Applying imputer to missing values
2026-09-18 22:53:30,963 - INFO - Aligning features to match model's expected input
2026-09-18 22:53:30,979 - INFO - Making predictions using the provided model
2026-09-18 22:53:31,001 - INFO - Prediction request: input=   num_sellers  num_items  ...  customer_lat_missing  customer_lng_missing
0          1.0        1.0  ...                     0                     0

[1 rows x 117 columns] output={'prediction': 0, 'probability': 0.20972174406051636} latency=2.518s model_version=1
2026-09-18 22:53:31,194 - INFO - Prediction request Received
2026-09-18 22:53:31,194 - INFO - Preparing features for prediction
2026-09-18 22:53:31,194 - INFO - Building order features for order_id=d7c663de1470a2d3671791d3f093991c
2026-09-18 22:53:33,732 - INFO - Order feature creation completed for order_id=d7c663de1470a2d3671791d3f093991c
2026-09-18 22:53:33,779 - INFO - Dropping unused columns from the dataset
2026-09-18 22:53:33,779 - INFO - Adding date features
2026-09-18 22:53:33,779 - INFO - Calculating haversine distance
2026-09-18 22:53:33,779 - INFO - Calculating haversine distance
2026-09-18 22:53:33,779 - INFO - Creating missing value indicators for specific columns
2026-09-18 22:53:33,795 - INFO - Validating input data for required columns and non-empty DataFrame
2026-09-18 22:53:33,795 - INFO - Applying imputer to missing values
2026-09-18 22:53:33,795 - INFO - Aligning features to match model's expected input
2026-09-18 22:53:33,811 - INFO - Making predictions using the provided model
2026-09-18 22:53:33,841 - INFO - Prediction request: input=   num_sellers  num_items  ...  customer_lat_missing  customer_lng_missing
0          1.0        1.0  ...                     0                     0

[1 rows x 117 columns] output={'prediction': 0, 'probability': 0.17072728276252747} latency=2.647s model_version=1
2026-09-18 22:53:34,048 - INFO - Prediction request Received
2026-09-18 22:53:34,048 - INFO - Preparing features for prediction
2026-09-18 22:53:34,048 - INFO - Building order features for order_id=e4309eeca1cfe3c6df5a187c38817a5c
2026-09-18 22:53:36,538 - INFO - Order feature creation completed for order_id=e4309eeca1cfe3c6df5a187c38817a5c
2026-09-18 22:53:36,586 - INFO - Dropping unused columns from the dataset
2026-09-18 22:53:36,586 - INFO - Adding date features
2026-09-18 22:53:36,601 - INFO - Calculating haversine distance
2026-09-18 22:53:36,601 - INFO - Calculating haversine distance
2026-09-18 22:53:36,601 - INFO - Creating missing value indicators for specific columns
2026-09-18 22:53:36,611 - INFO - Validating input data for required columns and non-empty DataFrame
2026-09-18 22:53:36,611 - INFO - Applying imputer to missing values
2026-09-18 22:53:36,614 - INFO - Aligning features to match model's expected input
2026-09-18 22:53:36,617 - INFO - Making predictions using the provided model
2026-09-18 22:53:36,653 - INFO - Prediction request: input=   num_sellers  num_items  ...  customer_lat_missing  customer_lng_missing
0          1.0        1.0  ...                     0                     0

[1 rows x 117 columns] output={'prediction': 1, 'probability': 0.5412375926971436} latency=2.605s model_version=1
2026-09-18 22:53:36,853 - INFO - Project root resolved to: D:\MlOps_tasks\task_3
2026-09-18 22:53:36,855 - INFO - Loading MLflow model from URI: ..\models\trained_model.pkl
2026-09-18 22:53:36,855 - ERROR - Failed to load MLflow model from URI: ..\models\trained_model.pkl
Traceback (most recent call last):
  File "D:\MlOps_tasks\task_3\src\data_access.py", line 22, in load_model
    return mlflow.pyfunc.load_model(uri)
           ^^^^^^^^^^^^^^^^^^^^^^^^^^^^^
  File "C:\Users\acer\AppData\Local\Programs\Python\Python312\Lib\site-packages\mlflow\tracing\provider.py", line 1056, in wrapper
    return f(*args, **kwargs)
           ^^^^^^^^^^^^^^^^^^
  File "C:\Users\acer\AppData\Local\Programs\Python\Python312\Lib\site-packages\mlflow\pyfunc\__init__.py", line 1140, in load_model
    model_meta = Model.load(os.path.join(local_path, MLMODEL_FILE_NAME))
                 ^^^^^^^^^^^^^^^^^^^^^^^^^^^^^^^^^^^^^^^^^^^^^^^^^^^^^^^
  File "C:\Users\acer\AppData\Local\Programs\Python\Python312\Lib\site-packages\mlflow\models\model.py", line 819, in load
    mlmodel_local_path = _download_artifact_from_uri(artifact_uri=mlmodel_file_path)
                         ^^^^^^^^^^^^^^^^^^^^^^^^^^^^^^^^^^^^^^^^^^^^^^^^^^^^^^^^^^^
  File "C:\Users\acer\AppData\Local\Programs\Python\Python312\Lib\site-packages\mlflow\tracking\artifact_utils.py", line 128, in _download_artifact_from_uri
    return repo.download_artifacts(artifact_path=artifact_path, dst_path=output_path)
           ^^^^^^^^^^^^^^^^^^^^^^^^^^^^^^^^^^^^^^^^^^^^^^^^^^^^^^^^^^^^^^^^^^^^^^^^^^
  File "C:\Users\acer\AppData\Local\Programs\Python\Python312\Lib\site-packages\mlflow\store\artifact\local_artifact_repo.py", line 247, in download_artifacts
    return self.get_local_path(artifact_path)
           ^^^^^^^^^^^^^^^^^^^^^^^^^^^^^^^^^^
  File "C:\Users\acer\AppData\Local\Programs\Python\Python312\Lib\site-packages\mlflow\store\artifact\local_artifact_repo.py", line 66, in get_local_path
    artifact_path = validate_path_is_safe(artifact_path)
                    ^^^^^^^^^^^^^^^^^^^^^^^^^^^^^^^^^^^^
  File "C:\Users\acer\AppData\Local\Programs\Python\Python312\Lib\site-packages\mlflow\utils\uri.py", line 514, in validate_path_is_safe
    raise exc
mlflow.exceptions.MlflowException: Invalid path
2026-09-18 22:53:37,430 - INFO - Creating missing value indicators for specific columns
2026-09-18 22:53:37,430 - WARNING - Missing values found in column 'avg_seller_lat'. Created indicator column 'avg_seller_lat_missing'.
2026-09-18 22:53:37,430 - WARNING - Missing values found in column 'distance_km'. Created indicator column 'distance_km_missing'.
2026-09-18 22:53:37,430 - WARNING - Missing values found in column 'max_product_length_cm'. Created indicator column 'max_product_length_cm_missing'.
2026-09-18 22:53:37,430 - WARNING - Missing values found in column 'avg_product_description_length'. Created indicator column 'avg_product_description_length_missing'.
2026-09-18 22:53:37,430 - WARNING - Missing values found in column 'num_payments'. Created indicator column 'num_payments_missing'.
2026-09-18 22:53:37,430 - WARNING - Missing values found in column 'total_payment_value'. Created indicator column 'total_payment_value_missing'.
2026-09-18 22:53:37,430 - WARNING - Missing values found in column 'customer_lat'. Created indicator column 'customer_lat_missing'.
2026-09-18 22:53:37,440 - INFO - Aligning features to match model's expected input
2026-09-18 22:55:05,684 - INFO - Adding date features
2026-09-18 22:55:05,690 - INFO - Calculating haversine distance
2026-09-18 22:55:05,692 - INFO - Calculating haversine distance
2026-09-18 22:55:05,692 - INFO - Calculating haversine distance
2026-09-18 22:55:05,695 - INFO - Project root resolved to: D:\MlOps_tasks\task_3
2026-09-18 22:55:05,731 - INFO - Loading MLflow model from URI: models:/olist-classifier@champion
2026-09-18 22:55:12,063 - INFO - Loading pickle artifact: ..\models\transformers\imputer.pkl
2026-09-18 22:55:12,063 - INFO - Loading feature list: ..\feature_list.txt
2026-09-18 22:55:12,065 - INFO - Feature list loaded with 117 columns
2026-09-18 22:55:12,095 - INFO - Prediction request Received
2026-09-18 22:55:12,095 - INFO - Preparing features for prediction
2026-09-18 22:55:12,095 - INFO - Building order features for order_id=9e6bc602a2466daa94736f31d1319c5d
2026-09-18 22:55:14,526 - INFO - Order feature creation completed for order_id=9e6bc602a2466daa94736f31d1319c5d
2026-09-18 22:55:14,575 - INFO - Dropping unused columns from the dataset
2026-09-18 22:55:14,589 - INFO - Adding date features
2026-09-18 22:55:14,593 - INFO - Calculating haversine distance
2026-09-18 22:55:14,593 - INFO - Calculating haversine distance
2026-09-18 22:55:14,594 - INFO - Creating missing value indicators for specific columns
2026-09-18 22:55:14,602 - INFO - Validating input data for required columns and non-empty DataFrame
2026-09-18 22:55:14,602 - INFO - Applying imputer to missing values
2026-09-18 22:55:14,616 - INFO - Aligning features to match model's expected input
2026-09-18 22:55:14,624 - INFO - Making predictions using the provided model
2026-09-18 22:55:14,658 - INFO - Prediction request: input=   num_sellers  num_items  ...  customer_lat_missing  customer_lng_missing
0          2.0        2.0  ...                     0                     0

[1 rows x 117 columns] output={'prediction': 0, 'probability': 0.168917715549469} latency=2.563s model_version=1
2026-09-18 22:55:14,853 - INFO - Prediction request Received
2026-09-18 22:55:14,853 - INFO - Preparing features for prediction
2026-09-18 22:55:14,853 - INFO - Building order features for order_id=c0e57db4a4a6ef32aa28911d1c07df81
2026-09-18 22:55:17,304 - INFO - Order feature creation completed for order_id=c0e57db4a4a6ef32aa28911d1c07df81
2026-09-18 22:55:17,351 - INFO - Dropping unused columns from the dataset
2026-09-18 22:55:17,367 - INFO - Adding date features
2026-09-18 22:55:17,367 - INFO - Calculating haversine distance
2026-09-18 22:55:17,367 - INFO - Calculating haversine distance
2026-09-18 22:55:17,367 - INFO - Creating missing value indicators for specific columns
2026-09-18 22:55:17,367 - INFO - Validating input data for required columns and non-empty DataFrame
2026-09-18 22:55:17,367 - INFO - Applying imputer to missing values
2026-09-18 22:55:17,382 - INFO - Aligning features to match model's expected input
2026-09-18 22:55:17,382 - INFO - Making predictions using the provided model
2026-09-18 22:55:17,421 - INFO - Prediction request: input=   num_sellers  num_items  ...  customer_lat_missing  customer_lng_missing
0          1.0        1.0  ...                     0                     0

[1 rows x 117 columns] output={'prediction': 0, 'probability': 0.17624437808990479} latency=2.568s model_version=1
2026-09-18 22:55:17,625 - INFO - Prediction request Received
2026-09-18 22:55:17,625 - INFO - Preparing features for prediction
2026-09-18 22:55:17,625 - INFO - Building order features for order_id=88a78af246c6c2db88e72b384796c98c
2026-09-18 22:55:20,536 - INFO - Order feature creation completed for order_id=88a78af246c6c2db88e72b384796c98c
2026-09-18 22:55:20,585 - INFO - Dropping unused columns from the dataset
2026-09-18 22:55:20,585 - INFO - Adding date features
2026-09-18 22:55:20,585 - INFO - Calculating haversine distance
2026-09-18 22:55:20,601 - INFO - Calculating haversine distance
2026-09-18 22:55:20,602 - INFO - Creating missing value indicators for specific columns
2026-09-18 22:55:20,602 - INFO - Validating input data for required columns and non-empty DataFrame
2026-09-18 22:55:20,602 - INFO - Applying imputer to missing values
2026-09-18 22:55:20,602 - INFO - Aligning features to match model's expected input
2026-09-18 22:55:20,628 - INFO - Making predictions using the provided model
2026-09-18 22:55:20,656 - INFO - Prediction request: input=   num_sellers  num_items  ...  customer_lat_missing  customer_lng_missing
0          1.0        1.0  ...                     0                     0

[1 rows x 117 columns] output={'prediction': 0, 'probability': 0.246858149766922} latency=3.031s model_version=1
2026-09-18 22:55:20,852 - INFO - Prediction request Received
2026-09-18 22:55:20,852 - INFO - Preparing features for prediction
2026-09-18 22:55:20,852 - INFO - Building order features for order_id=8fb4e4bd46f9802e9179726dd20019a5
2026-09-18 22:55:23,483 - INFO - Order feature creation completed for order_id=8fb4e4bd46f9802e9179726dd20019a5
2026-09-18 22:55:23,548 - INFO - Dropping unused columns from the dataset
2026-09-18 22:55:23,552 - INFO - Adding date features
2026-09-18 22:55:23,554 - INFO - Calculating haversine distance
2026-09-18 22:55:23,554 - INFO - Calculating haversine distance
2026-09-18 22:55:23,554 - INFO - Creating missing value indicators for specific columns
2026-09-18 22:55:23,568 - INFO - Validating input data for required columns and non-empty DataFrame
2026-09-18 22:55:23,569 - INFO - Applying imputer to missing values
2026-09-18 22:55:23,572 - INFO - Aligning features to match model's expected input
2026-09-18 22:55:23,592 - INFO - Making predictions using the provided model
2026-09-18 22:55:23,673 - INFO - Prediction request: input=   num_sellers  num_items  ...  customer_lat_missing  customer_lng_missing
0          1.0        1.0  ...                     0                     0

[1 rows x 117 columns] output={'prediction': 0, 'probability': 0.20972174406051636} latency=2.822s model_version=1
2026-09-18 22:55:23,917 - INFO - Prediction request Received
2026-09-18 22:55:23,917 - INFO - Preparing features for prediction
2026-09-18 22:55:23,917 - INFO - Building order features for order_id=d7c663de1470a2d3671791d3f093991c
2026-09-18 22:55:26,782 - INFO - Order feature creation completed for order_id=d7c663de1470a2d3671791d3f093991c
2026-09-18 22:55:26,862 - INFO - Dropping unused columns from the dataset
2026-09-18 22:55:26,865 - INFO - Adding date features
2026-09-18 22:55:26,867 - INFO - Calculating haversine distance
2026-09-18 22:55:26,867 - INFO - Calculating haversine distance
2026-09-18 22:55:26,869 - INFO - Creating missing value indicators for specific columns
2026-09-18 22:55:26,871 - INFO - Validating input data for required columns and non-empty DataFrame
2026-09-18 22:55:26,871 - INFO - Applying imputer to missing values
2026-09-18 22:55:26,881 - INFO - Aligning features to match model's expected input
2026-09-18 22:55:26,900 - INFO - Making predictions using the provided model
2026-09-18 22:55:26,925 - INFO - Prediction request: input=   num_sellers  num_items  ...  customer_lat_missing  customer_lng_missing
0          1.0        1.0  ...                     0                     0

[1 rows x 117 columns] output={'prediction': 0, 'probability': 0.17072728276252747} latency=3.008s model_version=1
2026-09-18 22:55:27,164 - INFO - Prediction request Received
2026-09-18 22:55:27,164 - INFO - Preparing features for prediction
2026-09-18 22:55:27,164 - INFO - Building order features for order_id=e4309eeca1cfe3c6df5a187c38817a5c
2026-09-18 22:55:29,947 - INFO - Order feature creation completed for order_id=e4309eeca1cfe3c6df5a187c38817a5c
2026-09-18 22:55:30,031 - INFO - Dropping unused columns from the dataset
2026-09-18 22:55:30,036 - INFO - Adding date features
2026-09-18 22:55:30,040 - INFO - Calculating haversine distance
2026-09-18 22:55:30,041 - INFO - Calculating haversine distance
2026-09-18 22:55:30,043 - INFO - Creating missing value indicators for specific columns
2026-09-18 22:55:30,052 - INFO - Validating input data for required columns and non-empty DataFrame
2026-09-18 22:55:30,052 - INFO - Applying imputer to missing values
2026-09-18 22:55:30,057 - INFO - Aligning features to match model's expected input
2026-09-18 22:55:30,078 - INFO - Making predictions using the provided model
2026-09-18 22:55:30,120 - INFO - Prediction request: input=   num_sellers  num_items  ...  customer_lat_missing  customer_lng_missing
0          1.0        1.0  ...                     0                     0

[1 rows x 117 columns] output={'prediction': 1, 'probability': 0.5412375926971436} latency=2.956s model_version=1
2026-09-18 22:55:30,351 - INFO - Project root resolved to: D:\MlOps_tasks\task_3
2026-09-18 22:55:30,353 - INFO - Loading MLflow model from URI: models:/olist-classifier@champion
2026-09-18 22:55:30,440 - INFO - Loading pickle artifact: ..\models\transformers\imputer.pkl
2026-09-18 22:55:30,440 - INFO - Loading feature list: ..\feature_list.txt
2026-09-18 22:55:30,442 - INFO - Feature list loaded with 117 columns
2026-09-18 22:55:30,442 - INFO - Prediction request Received
2026-09-18 22:55:30,442 - INFO - Preparing features for prediction
2026-09-18 22:55:30,442 - INFO - Building order features for order_id=test-order-001
2026-09-18 22:55:33,126 - INFO - Order feature creation completed for order_id=test-order-001
2026-09-18 22:55:33,187 - INFO - Dropping unused columns from the dataset
2026-09-18 22:55:33,187 - INFO - Adding date features
2026-09-18 22:55:33,187 - INFO - Calculating haversine distance
2026-09-18 22:55:33,187 - INFO - Calculating haversine distance
2026-09-18 22:55:33,187 - INFO - Creating missing value indicators for specific columns
2026-09-18 22:55:33,187 - WARNING - Missing values found in column 'avg_seller_lat'. Created indicator column 'avg_seller_lat_missing'.
2026-09-18 22:55:33,187 - WARNING - Missing values found in column 'avg_seller_lng'. Created indicator column 'avg_seller_lng_missing'.
2026-09-18 22:55:33,187 - WARNING - Missing values found in column 'distance_km'. Created indicator column 'distance_km_missing'.
2026-09-18 22:55:33,187 - WARNING - Missing values found in column 'max_product_weight_grams'. Created indicator column 'max_product_weight_grams_missing'.
2026-09-18 22:55:33,187 - WARNING - Missing values found in column 'max_product_length_cm'. Created indicator column 'max_product_length_cm_missing'.
2026-09-18 22:55:33,187 - WARNING - Missing values found in column 'max_product_height_cm'. Created indicator column 'max_product_height_cm_missing'.
2026-09-18 22:55:33,187 - WARNING - Missing values found in column 'max_product_width_cm'. Created indicator column 'max_product_width_cm_missing'.
2026-09-18 22:55:33,187 - WARNING - Missing values found in column 'avg_product_name_length'. Created indicator column 'avg_product_name_length_missing'.
2026-09-18 22:55:33,187 - WARNING - Missing values found in column 'avg_product_description_length'. Created indicator column 'avg_product_description_length_missing'.
2026-09-18 22:55:33,187 - WARNING - Missing values found in column 'avg_product_photos_qty'. Created indicator column 'avg_product_photos_qty_missing'.
2026-09-18 22:55:33,187 - WARNING - Missing values found in column 'num_payments'. Created indicator column 'num_payments_missing'.
2026-09-18 22:55:33,187 - WARNING - Missing values found in column 'num_installments'. Created indicator column 'num_installments_missing'.
2026-09-18 22:55:33,187 - WARNING - Missing values found in column 'total_payment_value'. Created indicator column 'total_payment_value_missing'.
2026-09-18 22:55:33,187 - WARNING - Missing values found in column 'pay_boleto'. Created indicator column 'pay_boleto_missing'.
2026-09-18 22:55:33,187 - WARNING - Missing values found in column 'pay_credit_card'. Created indicator column 'pay_credit_card_missing'.
2026-09-18 22:55:33,203 - WARNING - Missing values found in column 'pay_debit_card'. Created indicator column 'pay_debit_card_missing'.
2026-09-18 22:55:33,203 - WARNING - Missing values found in column 'pay_not_defined'. Created indicator column 'pay_not_defined_missing'.
2026-09-18 22:55:33,204 - WARNING - Missing values found in column 'pay_voucher'. Created indicator column 'pay_voucher_missing'.
2026-09-18 22:55:33,205 - WARNING - Missing values found in column 'customer_lat'. Created indicator column 'customer_lat_missing'.
2026-09-18 22:55:33,206 - WARNING - Missing values found in column 'customer_lng'. Created indicator column 'customer_lng_missing'.
2026-09-18 22:55:33,206 - INFO - Validating input data for required columns and non-empty DataFrame
2026-09-18 22:55:33,206 - INFO - Applying imputer to missing values
2026-09-18 22:55:33,211 - INFO - Aligning features to match model's expected input
2026-09-18 22:55:33,211 - ERROR - Failed to align features to match model's expected input
Traceback (most recent call last):
  File "D:\MlOps_tasks\task_3\src\preprocessing.py", line 53, in align_features
    result[name] = result[name].astype(dtype)
                   ^^^^^^^^^^^^^^^^^^^^^^^^^^
  File "C:\Users\acer\AppData\Local\Programs\Python\Python312\Lib\site-packages\pandas\core\generic.py", line 6643, in astype
    new_data = self._mgr.astype(dtype=dtype, copy=copy, errors=errors)
               ^^^^^^^^^^^^^^^^^^^^^^^^^^^^^^^^^^^^^^^^^^^^^^^^^^^^^^^
  File "C:\Users\acer\AppData\Local\Programs\Python\Python312\Lib\site-packages\pandas\core\internals\managers.py", line 430, in astype
    return self.apply(
           ^^^^^^^^^^^
  File "C:\Users\acer\AppData\Local\Programs\Python\Python312\Lib\site-packages\pandas\core\internals\managers.py", line 363, in apply
    applied = getattr(b, f)(**kwargs)
              ^^^^^^^^^^^^^^^^^^^^^^^
  File "C:\Users\acer\AppData\Local\Programs\Python\Python312\Lib\site-packages\pandas\core\internals\blocks.py", line 758, in astype
    new_values = astype_array_safe(values, dtype, copy=copy, errors=errors)
                 ^^^^^^^^^^^^^^^^^^^^^^^^^^^^^^^^^^^^^^^^^^^^^^^^^^^^^^^^^^
  File "C:\Users\acer\AppData\Local\Programs\Python\Python312\Lib\site-packages\pandas\core\dtypes\astype.py", line 237, in astype_array_safe
    new_values = astype_array(values, dtype, copy=copy)
                 ^^^^^^^^^^^^^^^^^^^^^^^^^^^^^^^^^^^^^^
  File "C:\Users\acer\AppData\Local\Programs\Python\Python312\Lib\site-packages\pandas\core\dtypes\astype.py", line 182, in astype_array
    values = _astype_nansafe(values, dtype, copy=copy)
             ^^^^^^^^^^^^^^^^^^^^^^^^^^^^^^^^^^^^^^^^^
  File "C:\Users\acer\AppData\Local\Programs\Python\Python312\Lib\site-packages\pandas\core\dtypes\astype.py", line 101, in _astype_nansafe
    return _astype_float_to_int_nansafe(arr, dtype, copy)
           ^^^^^^^^^^^^^^^^^^^^^^^^^^^^^^^^^^^^^^^^^^^^^^
  File "C:\Users\acer\AppData\Local\Programs\Python\Python312\Lib\site-packages\pandas\core\dtypes\astype.py", line 145, in _astype_float_to_int_nansafe
    raise IntCastingNaNError(
pandas.errors.IntCastingNaNError: Cannot convert non-finite values (NA or inf) to integer
2026-09-18 22:55:33,227 - ERROR - Prediction failed: Cannot convert non-finite values (NA or inf) to integer
Traceback (most recent call last):
  File "D:\MlOps_tasks\task_3\src\pipeline.py", line 52, in predict
    features = self.prepare_features(data)
               ^^^^^^^^^^^^^^^^^^^^^^^^^^^
  File "D:\MlOps_tasks\task_3\src\pipeline.py", line 41, in prepare_features
    return align_features(data, self.feature_names,self.model)
           ^^^^^^^^^^^^^^^^^^^^^^^^^^^^^^^^^^^^^^^^^^^^^^^^^^^
  File "D:\MlOps_tasks\task_3\src\preprocessing.py", line 53, in align_features
    result[name] = result[name].astype(dtype)
                   ^^^^^^^^^^^^^^^^^^^^^^^^^^
  File "C:\Users\acer\AppData\Local\Programs\Python\Python312\Lib\site-packages\pandas\core\generic.py", line 6643, in astype
    new_data = self._mgr.astype(dtype=dtype, copy=copy, errors=errors)
               ^^^^^^^^^^^^^^^^^^^^^^^^^^^^^^^^^^^^^^^^^^^^^^^^^^^^^^^
  File "C:\Users\acer\AppData\Local\Programs\Python\Python312\Lib\site-packages\pandas\core\internals\managers.py", line 430, in astype
    return self.apply(
           ^^^^^^^^^^^
  File "C:\Users\acer\AppData\Local\Programs\Python\Python312\Lib\site-packages\pandas\core\internals\managers.py", line 363, in apply
    applied = getattr(b, f)(**kwargs)
              ^^^^^^^^^^^^^^^^^^^^^^^
  File "C:\Users\acer\AppData\Local\Programs\Python\Python312\Lib\site-packages\pandas\core\internals\blocks.py", line 758, in astype
    new_values = astype_array_safe(values, dtype, copy=copy, errors=errors)
                 ^^^^^^^^^^^^^^^^^^^^^^^^^^^^^^^^^^^^^^^^^^^^^^^^^^^^^^^^^^
  File "C:\Users\acer\AppData\Local\Programs\Python\Python312\Lib\site-packages\pandas\core\dtypes\astype.py", line 237, in astype_array_safe
    new_values = astype_array(values, dtype, copy=copy)
                 ^^^^^^^^^^^^^^^^^^^^^^^^^^^^^^^^^^^^^^
  File "C:\Users\acer\AppData\Local\Programs\Python\Python312\Lib\site-packages\pandas\core\dtypes\astype.py", line 182, in astype_array
    values = _astype_nansafe(values, dtype, copy=copy)
             ^^^^^^^^^^^^^^^^^^^^^^^^^^^^^^^^^^^^^^^^^
  File "C:\Users\acer\AppData\Local\Programs\Python\Python312\Lib\site-packages\pandas\core\dtypes\astype.py", line 101, in _astype_nansafe
    return _astype_float_to_int_nansafe(arr, dtype, copy)
           ^^^^^^^^^^^^^^^^^^^^^^^^^^^^^^^^^^^^^^^^^^^^^^
  File "C:\Users\acer\AppData\Local\Programs\Python\Python312\Lib\site-packages\pandas\core\dtypes\astype.py", line 145, in _astype_float_to_int_nansafe
    raise IntCastingNaNError(
pandas.errors.IntCastingNaNError: Cannot convert non-finite values (NA or inf) to integer
2026-09-18 22:55:33,863 - INFO - Creating missing value indicators for specific columns
2026-09-18 22:55:33,863 - WARNING - Missing values found in column 'avg_seller_lat'. Created indicator column 'avg_seller_lat_missing'.
2026-09-18 22:55:33,863 - WARNING - Missing values found in column 'distance_km'. Created indicator column 'distance_km_missing'.
2026-09-18 22:55:33,863 - WARNING - Missing values found in column 'max_product_length_cm'. Created indicator column 'max_product_length_cm_missing'.
2026-09-18 22:55:33,863 - WARNING - Missing values found in column 'avg_product_description_length'. Created indicator column 'avg_product_description_length_missing'.
2026-09-18 22:55:33,873 - WARNING - Missing values found in column 'num_payments'. Created indicator column 'num_payments_missing'.
2026-09-18 22:55:33,884 - WARNING - Missing values found in column 'total_payment_value'. Created indicator column 'total_payment_value_missing'.
2026-09-18 22:55:33,885 - WARNING - Missing values found in column 'customer_lat'. Created indicator column 'customer_lat_missing'.
2026-09-18 22:55:33,887 - INFO - Aligning features to match model's expected input
2026-09-18 22:59:04,399 - INFO - Adding date features
2026-09-18 22:59:04,399 - INFO - Calculating haversine distance
2026-09-18 22:59:04,415 - INFO - Calculating haversine distance
2026-09-18 22:59:04,415 - INFO - Calculating haversine distance
2026-09-18 22:59:04,418 - INFO - Project root resolved to: D:\MlOps_tasks\task_3
2026-09-18 22:59:04,450 - INFO - Loading MLflow model from URI: models:/olist-classifier@champion
2026-09-18 22:59:10,336 - INFO - Loading pickle artifact: ..\models\transformers\imputer.pkl
2026-09-18 22:59:10,336 - INFO - Loading feature list: ..\feature_list.txt
2026-09-18 22:59:10,338 - INFO - Feature list loaded with 117 columns
2026-09-18 22:59:10,385 - INFO - Prediction request Received
2026-09-18 22:59:10,385 - INFO - Preparing features for prediction
2026-09-18 22:59:10,385 - INFO - Building order features for order_id=9e6bc602a2466daa94736f31d1319c5d
2026-09-18 22:59:12,753 - INFO - Order feature creation completed for order_id=9e6bc602a2466daa94736f31d1319c5d
2026-09-18 22:59:12,817 - INFO - Dropping unused columns from the dataset
2026-09-18 22:59:12,817 - INFO - Adding date features
2026-09-18 22:59:12,817 - INFO - Calculating haversine distance
2026-09-18 22:59:12,817 - INFO - Calculating haversine distance
2026-09-18 22:59:12,817 - INFO - Creating missing value indicators for specific columns
2026-09-18 22:59:12,833 - INFO - Validating input data for required columns and non-empty DataFrame
2026-09-18 22:59:12,833 - INFO - Applying imputer to missing values
2026-09-18 22:59:12,849 - INFO - Aligning features to match model's expected input
2026-09-18 22:59:12,865 - INFO - Making predictions using the provided model
2026-09-18 22:59:12,898 - INFO - Prediction request: input=   num_sellers  num_items  ...  customer_lat_missing  customer_lng_missing
0          2.0        2.0  ...                     0                     0

[1 rows x 117 columns] output={'prediction': 0, 'probability': 0.168917715549469} latency=2.513s model_version=1
2026-09-18 22:59:13,102 - INFO - Prediction request Received
2026-09-18 22:59:13,102 - INFO - Preparing features for prediction
2026-09-18 22:59:13,102 - INFO - Building order features for order_id=c0e57db4a4a6ef32aa28911d1c07df81
2026-09-18 22:59:15,552 - INFO - Order feature creation completed for order_id=c0e57db4a4a6ef32aa28911d1c07df81
2026-09-18 22:59:15,608 - INFO - Dropping unused columns from the dataset
2026-09-18 22:59:15,610 - INFO - Adding date features
2026-09-18 22:59:15,612 - INFO - Calculating haversine distance
2026-09-18 22:59:15,612 - INFO - Calculating haversine distance
2026-09-18 22:59:15,614 - INFO - Creating missing value indicators for specific columns
2026-09-18 22:59:15,620 - INFO - Validating input data for required columns and non-empty DataFrame
2026-09-18 22:59:15,620 - INFO - Applying imputer to missing values
2026-09-18 22:59:15,623 - INFO - Aligning features to match model's expected input
2026-09-18 22:59:15,648 - INFO - Making predictions using the provided model
2026-09-18 22:59:15,670 - INFO - Prediction request: input=   num_sellers  num_items  ...  customer_lat_missing  customer_lng_missing
0          1.0        1.0  ...                     0                     0

[1 rows x 117 columns] output={'prediction': 0, 'probability': 0.17624437808990479} latency=2.568s model_version=1
2026-09-18 22:59:15,856 - INFO - Prediction request Received
2026-09-18 22:59:15,856 - INFO - Preparing features for prediction
2026-09-18 22:59:15,856 - INFO - Building order features for order_id=88a78af246c6c2db88e72b384796c98c
2026-09-18 22:59:18,496 - INFO - Order feature creation completed for order_id=88a78af246c6c2db88e72b384796c98c
2026-09-18 22:59:18,544 - INFO - Dropping unused columns from the dataset
2026-09-18 22:59:18,544 - INFO - Adding date features
2026-09-18 22:59:18,544 - INFO - Calculating haversine distance
2026-09-18 22:59:18,544 - INFO - Calculating haversine distance
2026-09-18 22:59:18,544 - INFO - Creating missing value indicators for specific columns
2026-09-18 22:59:18,560 - INFO - Validating input data for required columns and non-empty DataFrame
2026-09-18 22:59:18,560 - INFO - Applying imputer to missing values
2026-09-18 22:59:18,560 - INFO - Aligning features to match model's expected input
2026-09-18 22:59:18,576 - INFO - Making predictions using the provided model
2026-09-18 22:59:18,613 - INFO - Prediction request: input=   num_sellers  num_items  ...  customer_lat_missing  customer_lng_missing
0          1.0        1.0  ...                     0                     0

[1 rows x 117 columns] output={'prediction': 0, 'probability': 0.246858149766922} latency=2.757s model_version=1
2026-09-18 22:59:18,800 - INFO - Prediction request Received
2026-09-18 22:59:18,800 - INFO - Preparing features for prediction
2026-09-18 22:59:18,800 - INFO - Building order features for order_id=8fb4e4bd46f9802e9179726dd20019a5
2026-09-18 22:59:21,188 - INFO - Order feature creation completed for order_id=8fb4e4bd46f9802e9179726dd20019a5
2026-09-18 22:59:21,241 - INFO - Dropping unused columns from the dataset
2026-09-18 22:59:21,243 - INFO - Adding date features
2026-09-18 22:59:21,247 - INFO - Calculating haversine distance
2026-09-18 22:59:21,247 - INFO - Calculating haversine distance
2026-09-18 22:59:21,247 - INFO - Creating missing value indicators for specific columns
2026-09-18 22:59:21,255 - INFO - Validating input data for required columns and non-empty DataFrame
2026-09-18 22:59:21,255 - INFO - Applying imputer to missing values
2026-09-18 22:59:21,259 - INFO - Aligning features to match model's expected input
2026-09-18 22:59:21,283 - INFO - Making predictions using the provided model
2026-09-18 22:59:21,304 - INFO - Prediction request: input=   num_sellers  num_items  ...  customer_lat_missing  customer_lng_missing
0          1.0        1.0  ...                     0                     0

[1 rows x 117 columns] output={'prediction': 0, 'probability': 0.20972174406051636} latency=2.504s model_version=1
2026-09-18 22:59:21,488 - INFO - Prediction request Received
2026-09-18 22:59:21,488 - INFO - Preparing features for prediction
2026-09-18 22:59:21,488 - INFO - Building order features for order_id=d7c663de1470a2d3671791d3f093991c
2026-09-18 22:59:24,045 - INFO - Order feature creation completed for order_id=d7c663de1470a2d3671791d3f093991c
2026-09-18 22:59:24,109 - INFO - Dropping unused columns from the dataset
2026-09-18 22:59:24,109 - INFO - Adding date features
2026-09-18 22:59:24,109 - INFO - Calculating haversine distance
2026-09-18 22:59:24,109 - INFO - Calculating haversine distance
2026-09-18 22:59:24,109 - INFO - Creating missing value indicators for specific columns
2026-09-18 22:59:24,125 - INFO - Validating input data for required columns and non-empty DataFrame
2026-09-18 22:59:24,125 - INFO - Applying imputer to missing values
2026-09-18 22:59:24,125 - INFO - Aligning features to match model's expected input
2026-09-18 22:59:24,140 - INFO - Making predictions using the provided model
2026-09-18 22:59:24,174 - INFO - Prediction request: input=   num_sellers  num_items  ...  customer_lat_missing  customer_lng_missing
0          1.0        1.0  ...                     0                     0

[1 rows x 117 columns] output={'prediction': 0, 'probability': 0.17072728276252747} latency=2.686s model_version=1
2026-09-18 22:59:24,379 - INFO - Prediction request Received
2026-09-18 22:59:24,379 - INFO - Preparing features for prediction
2026-09-18 22:59:24,379 - INFO - Building order features for order_id=e4309eeca1cfe3c6df5a187c38817a5c
2026-09-18 22:59:26,823 - INFO - Order feature creation completed for order_id=e4309eeca1cfe3c6df5a187c38817a5c
2026-09-18 22:59:26,877 - INFO - Dropping unused columns from the dataset
2026-09-18 22:59:26,881 - INFO - Adding date features
2026-09-18 22:59:26,884 - INFO - Calculating haversine distance
2026-09-18 22:59:26,884 - INFO - Calculating haversine distance
2026-09-18 22:59:26,886 - INFO - Creating missing value indicators for specific columns
2026-09-18 22:59:26,892 - INFO - Validating input data for required columns and non-empty DataFrame
2026-09-18 22:59:26,892 - INFO - Applying imputer to missing values
2026-09-18 22:59:26,896 - INFO - Aligning features to match model's expected input
2026-09-18 22:59:26,921 - INFO - Making predictions using the provided model
2026-09-18 22:59:26,942 - INFO - Prediction request: input=   num_sellers  num_items  ...  customer_lat_missing  customer_lng_missing
0          1.0        1.0  ...                     0                     0

[1 rows x 117 columns] output={'prediction': 1, 'probability': 0.5412375926971436} latency=2.564s model_version=1
2026-09-18 22:59:27,142 - INFO - Project root resolved to: D:\MlOps_tasks\task_3
2026-09-18 22:59:27,142 - INFO - Loading MLflow model from URI: models:/olist-classifier@champion
2026-09-18 22:59:27,225 - INFO - Loading pickle artifact: ..\models\transformers\imputer.pkl
2026-09-18 22:59:27,225 - INFO - Loading feature list: ..\feature_list.txt
2026-09-18 22:59:27,225 - INFO - Feature list loaded with 117 columns
2026-09-18 22:59:27,225 - INFO - Prediction request Received
2026-09-18 22:59:27,225 - INFO - Preparing features for prediction
2026-09-18 22:59:27,225 - INFO - Building order features for order_id=test-order-001
2026-09-18 22:59:29,792 - INFO - Order feature creation completed for order_id=test-order-001
2026-09-18 22:59:29,856 - INFO - Dropping unused columns from the dataset
2026-09-18 22:59:29,858 - INFO - Adding date features
2026-09-18 22:59:29,861 - INFO - Calculating haversine distance
2026-09-18 22:59:29,862 - INFO - Calculating haversine distance
2026-09-18 22:59:29,864 - INFO - Creating missing value indicators for specific columns
2026-09-18 22:59:29,865 - WARNING - Missing values found in column 'avg_seller_lat'. Created indicator column 'avg_seller_lat_missing'.
2026-09-18 22:59:29,865 - WARNING - Missing values found in column 'avg_seller_lng'. Created indicator column 'avg_seller_lng_missing'.
2026-09-18 22:59:29,866 - WARNING - Missing values found in column 'distance_km'. Created indicator column 'distance_km_missing'.
2026-09-18 22:59:29,866 - WARNING - Missing values found in column 'max_product_weight_grams'. Created indicator column 'max_product_weight_grams_missing'.
2026-09-18 22:59:29,867 - WARNING - Missing values found in column 'max_product_length_cm'. Created indicator column 'max_product_length_cm_missing'.
2026-09-18 22:59:29,867 - WARNING - Missing values found in column 'max_product_height_cm'. Created indicator column 'max_product_height_cm_missing'.
2026-09-18 22:59:29,868 - WARNING - Missing values found in column 'max_product_width_cm'. Created indicator column 'max_product_width_cm_missing'.
2026-09-18 22:59:29,868 - WARNING - Missing values found in column 'avg_product_name_length'. Created indicator column 'avg_product_name_length_missing'.
2026-09-18 22:59:29,869 - WARNING - Missing values found in column 'avg_product_description_length'. Created indicator column 'avg_product_description_length_missing'.
2026-09-18 22:59:29,869 - WARNING - Missing values found in column 'avg_product_photos_qty'. Created indicator column 'avg_product_photos_qty_missing'.
2026-09-18 22:59:29,870 - WARNING - Missing values found in column 'num_payments'. Created indicator column 'num_payments_missing'.
2026-09-18 22:59:29,870 - WARNING - Missing values found in column 'num_installments'. Created indicator column 'num_installments_missing'.
2026-09-18 22:59:29,871 - WARNING - Missing values found in column 'total_payment_value'. Created indicator column 'total_payment_value_missing'.
2026-09-18 22:59:29,871 - WARNING - Missing values found in column 'pay_boleto'. Created indicator column 'pay_boleto_missing'.
2026-09-18 22:59:29,872 - WARNING - Missing values found in column 'pay_credit_card'. Created indicator column 'pay_credit_card_missing'.
2026-09-18 22:59:29,872 - WARNING - Missing values found in column 'pay_debit_card'. Created indicator column 'pay_debit_card_missing'.
2026-09-18 22:59:29,873 - WARNING - Missing values found in column 'pay_not_defined'. Created indicator column 'pay_not_defined_missing'.
2026-09-18 22:59:29,873 - WARNING - Missing values found in column 'pay_voucher'. Created indicator column 'pay_voucher_missing'.
2026-09-18 22:59:29,874 - WARNING - Missing values found in column 'customer_lat'. Created indicator column 'customer_lat_missing'.
2026-09-18 22:59:29,874 - WARNING - Missing values found in column 'customer_lng'. Created indicator column 'customer_lng_missing'.
2026-09-18 22:59:29,874 - INFO - Validating input data for required columns and non-empty DataFrame
2026-09-18 22:59:29,874 - INFO - Applying imputer to missing values
2026-09-18 22:59:29,877 - INFO - Aligning features to match model's expected input
2026-09-18 22:59:29,897 - INFO - Making predictions using the provided model
2026-09-18 22:59:29,931 - INFO - Prediction request: input=   num_sellers  num_items  ...  customer_lat_missing  customer_lng_missing
0          NaN        NaN  ...                     1                     1

[1 rows x 117 columns] output={'prediction': 0, 'probability': 0.3722238540649414} latency=2.705s model_version=1
2026-09-18 22:59:30,146 - INFO - Creating missing value indicators for specific columns
2026-09-18 22:59:30,146 - WARNING - Missing values found in column 'avg_seller_lat'. Created indicator column 'avg_seller_lat_missing'.
2026-09-18 22:59:30,146 - WARNING - Missing values found in column 'distance_km'. Created indicator column 'distance_km_missing'.
2026-09-18 22:59:30,146 - WARNING - Missing values found in column 'max_product_length_cm'. Created indicator column 'max_product_length_cm_missing'.
2026-09-18 22:59:30,162 - WARNING - Missing values found in column 'avg_product_description_length'. Created indicator column 'avg_product_description_length_missing'.
2026-09-18 22:59:30,162 - WARNING - Missing values found in column 'num_payments'. Created indicator column 'num_payments_missing'.
2026-09-18 22:59:30,162 - WARNING - Missing values found in column 'total_payment_value'. Created indicator column 'total_payment_value_missing'.
2026-09-18 22:59:30,162 - WARNING - Missing values found in column 'customer_lat'. Created indicator column 'customer_lat_missing'.
2026-09-18 22:59:30,162 - INFO - Aligning features to match model's expected input
2026-09-18 23:02:57,577 - INFO - Adding date features
2026-09-18 23:02:57,577 - INFO - Calculating haversine distance
2026-09-18 23:02:57,587 - INFO - Calculating haversine distance
2026-09-18 23:02:57,587 - INFO - Calculating haversine distance
2026-09-18 23:02:57,592 - INFO - Project root resolved to: D:\MlOps_tasks\task_3
2026-09-18 23:02:57,622 - INFO - Loading MLflow model from URI: models:/olist-classifier@champion
2026-09-18 23:03:03,339 - INFO - Loading pickle artifact: ..\models\transformers\imputer.pkl
2026-09-18 23:03:03,341 - INFO - Loading feature list: ..\feature_list.txt
2026-09-18 23:03:03,341 - INFO - Feature list loaded with 117 columns
2026-09-18 23:03:03,390 - INFO - Prediction request Received
2026-09-18 23:03:03,390 - INFO - Preparing features for prediction
2026-09-18 23:03:03,390 - INFO - Building order features for order_id=9e6bc602a2466daa94736f31d1319c5d
2026-09-18 23:03:05,760 - INFO - Order feature creation completed for order_id=9e6bc602a2466daa94736f31d1319c5d
2026-09-18 23:03:05,818 - INFO - Dropping unused columns from the dataset
2026-09-18 23:03:05,820 - INFO - Adding date features
2026-09-18 23:03:05,823 - INFO - Calculating haversine distance
2026-09-18 23:03:05,823 - INFO - Calculating haversine distance
2026-09-18 23:03:05,824 - INFO - Creating missing value indicators for specific columns
2026-09-18 23:03:05,832 - INFO - Validating input data for required columns and non-empty DataFrame
2026-09-18 23:03:05,832 - INFO - Applying imputer to missing values
2026-09-18 23:03:05,832 - INFO - Aligning features to match model's expected input
2026-09-18 23:03:05,863 - INFO - Making predictions using the provided model
2026-09-18 23:03:05,890 - INFO - Prediction request: input=   num_sellers  num_items  ...  customer_lat_missing  customer_lng_missing
0          2.0        2.0  ...                     0                     0

[1 rows x 117 columns] output={'prediction': 0, 'probability': 0.168917715549469} latency=2.499s model_version=1
2026-09-18 23:03:06,086 - INFO - Prediction request Received
2026-09-18 23:03:06,086 - INFO - Preparing features for prediction
2026-09-18 23:03:06,086 - INFO - Building order features for order_id=c0e57db4a4a6ef32aa28911d1c07df81
2026-09-18 23:03:08,440 - INFO - Order feature creation completed for order_id=c0e57db4a4a6ef32aa28911d1c07df81
2026-09-18 23:03:08,497 - INFO - Dropping unused columns from the dataset
2026-09-18 23:03:08,497 - INFO - Adding date features
2026-09-18 23:03:08,497 - INFO - Calculating haversine distance
2026-09-18 23:03:08,497 - INFO - Calculating haversine distance
2026-09-18 23:03:08,497 - INFO - Creating missing value indicators for specific columns
2026-09-18 23:03:08,513 - INFO - Validating input data for required columns and non-empty DataFrame
2026-09-18 23:03:08,513 - INFO - Applying imputer to missing values
2026-09-18 23:03:08,517 - INFO - Aligning features to match model's expected input
2026-09-18 23:03:08,530 - INFO - Making predictions using the provided model
2026-09-18 23:03:08,562 - INFO - Prediction request: input=   num_sellers  num_items  ...  customer_lat_missing  customer_lng_missing
0          1.0        1.0  ...                     0                     0

[1 rows x 117 columns] output={'prediction': 0, 'probability': 0.17624437808990479} latency=2.476s model_version=1
2026-09-18 23:03:08,750 - INFO - Prediction request Received
2026-09-18 23:03:08,750 - INFO - Preparing features for prediction
2026-09-18 23:03:08,750 - INFO - Building order features for order_id=88a78af246c6c2db88e72b384796c98c
2026-09-18 23:03:11,146 - INFO - Order feature creation completed for order_id=88a78af246c6c2db88e72b384796c98c
2026-09-18 23:03:11,191 - INFO - Dropping unused columns from the dataset
2026-09-18 23:03:11,191 - INFO - Adding date features
2026-09-18 23:03:11,191 - INFO - Calculating haversine distance
2026-09-18 23:03:11,191 - INFO - Calculating haversine distance
2026-09-18 23:03:11,207 - INFO - Creating missing value indicators for specific columns
2026-09-18 23:03:11,207 - INFO - Validating input data for required columns and non-empty DataFrame
2026-09-18 23:03:11,207 - INFO - Applying imputer to missing values
2026-09-18 23:03:11,207 - INFO - Aligning features to match model's expected input
2026-09-18 23:03:11,239 - INFO - Making predictions using the provided model
2026-09-18 23:03:11,262 - INFO - Prediction request: input=   num_sellers  num_items  ...  customer_lat_missing  customer_lng_missing
0          1.0        1.0  ...                     0                     0

[1 rows x 117 columns] output={'prediction': 0, 'probability': 0.246858149766922} latency=2.512s model_version=1
2026-09-18 23:03:11,458 - INFO - Prediction request Received
2026-09-18 23:03:11,458 - INFO - Preparing features for prediction
2026-09-18 23:03:11,458 - INFO - Building order features for order_id=8fb4e4bd46f9802e9179726dd20019a5
2026-09-18 23:03:13,856 - INFO - Order feature creation completed for order_id=8fb4e4bd46f9802e9179726dd20019a5
2026-09-18 23:03:13,920 - INFO - Dropping unused columns from the dataset
2026-09-18 23:03:13,920 - INFO - Adding date features
2026-09-18 23:03:13,920 - INFO - Calculating haversine distance
2026-09-18 23:03:13,928 - INFO - Calculating haversine distance
2026-09-18 23:03:13,928 - INFO - Creating missing value indicators for specific columns
2026-09-18 23:03:13,936 - INFO - Validating input data for required columns and non-empty DataFrame
2026-09-18 23:03:13,936 - INFO - Applying imputer to missing values
2026-09-18 23:03:13,940 - INFO - Aligning features to match model's expected input
2026-09-18 23:03:13,952 - INFO - Making predictions using the provided model
2026-09-18 23:03:13,985 - INFO - Prediction request: input=   num_sellers  num_items  ...  customer_lat_missing  customer_lng_missing
0          1.0        1.0  ...                     0                     0

[1 rows x 117 columns] output={'prediction': 0, 'probability': 0.20972174406051636} latency=2.527s model_version=1
2026-09-18 23:03:14,173 - INFO - Prediction request Received
2026-09-18 23:03:14,173 - INFO - Preparing features for prediction
2026-09-18 23:03:14,173 - INFO - Building order features for order_id=d7c663de1470a2d3671791d3f093991c
2026-09-18 23:03:16,600 - INFO - Order feature creation completed for order_id=d7c663de1470a2d3671791d3f093991c
2026-09-18 23:03:16,663 - INFO - Dropping unused columns from the dataset
2026-09-18 23:03:16,663 - INFO - Adding date features
2026-09-18 23:03:16,663 - INFO - Calculating haversine distance
2026-09-18 23:03:16,663 - INFO - Calculating haversine distance
2026-09-18 23:03:16,663 - INFO - Creating missing value indicators for specific columns
2026-09-18 23:03:16,663 - INFO - Validating input data for required columns and non-empty DataFrame
2026-09-18 23:03:16,663 - INFO - Applying imputer to missing values
2026-09-18 23:03:16,679 - INFO - Aligning features to match model's expected input
2026-09-18 23:03:16,695 - INFO - Making predictions using the provided model
2026-09-18 23:03:16,727 - INFO - Prediction request: input=   num_sellers  num_items  ...  customer_lat_missing  customer_lng_missing
0          1.0        1.0  ...                     0                     0

[1 rows x 117 columns] output={'prediction': 0, 'probability': 0.17072728276252747} latency=2.554s model_version=1
2026-09-18 23:03:16,923 - INFO - Prediction request Received
2026-09-18 23:03:16,923 - INFO - Preparing features for prediction
2026-09-18 23:03:16,923 - INFO - Building order features for order_id=e4309eeca1cfe3c6df5a187c38817a5c
2026-09-18 23:03:19,578 - INFO - Order feature creation completed for order_id=e4309eeca1cfe3c6df5a187c38817a5c
2026-09-18 23:03:19,639 - INFO - Dropping unused columns from the dataset
2026-09-18 23:03:19,639 - INFO - Adding date features
2026-09-18 23:03:19,655 - INFO - Calculating haversine distance
2026-09-18 23:03:19,656 - INFO - Calculating haversine distance
2026-09-18 23:03:19,656 - INFO - Creating missing value indicators for specific columns
2026-09-18 23:03:19,656 - INFO - Validating input data for required columns and non-empty DataFrame
2026-09-18 23:03:19,656 - INFO - Applying imputer to missing values
2026-09-18 23:03:19,656 - INFO - Aligning features to match model's expected input
2026-09-18 23:03:19,689 - INFO - Making predictions using the provided model
2026-09-18 23:03:19,717 - INFO - Prediction request: input=   num_sellers  num_items  ...  customer_lat_missing  customer_lng_missing
0          1.0        1.0  ...                     0                     0

[1 rows x 117 columns] output={'prediction': 1, 'probability': 0.5412375926971436} latency=2.794s model_version=1
2026-09-18 23:03:19,921 - INFO - Project root resolved to: D:\MlOps_tasks\task_3
2026-09-18 23:03:19,923 - INFO - Loading MLflow model from URI: models:/olist-classifier@champion
2026-09-18 23:03:20,003 - INFO - Loading pickle artifact: ..\models\transformers\imputer.pkl
2026-09-18 23:03:20,004 - INFO - Loading feature list: ..\feature_list.txt
2026-09-18 23:03:20,004 - INFO - Feature list loaded with 117 columns
2026-09-18 23:03:20,004 - INFO - Prediction request Received
2026-09-18 23:03:20,004 - INFO - Preparing features for prediction
2026-09-18 23:03:20,004 - INFO - Building order features for order_id=test-order-001
2026-09-18 23:03:22,620 - INFO - Order feature creation completed for order_id=test-order-001
2026-09-18 23:03:22,686 - INFO - Dropping unused columns from the dataset
2026-09-18 23:03:22,688 - INFO - Adding date features
2026-09-18 23:03:22,691 - INFO - Calculating haversine distance
2026-09-18 23:03:22,692 - INFO - Calculating haversine distance
2026-09-18 23:03:22,693 - INFO - Creating missing value indicators for specific columns
2026-09-18 23:03:22,694 - WARNING - Missing values found in column 'avg_seller_lat'. Created indicator column 'avg_seller_lat_missing'.
2026-09-18 23:03:22,694 - WARNING - Missing values found in column 'avg_seller_lng'. Created indicator column 'avg_seller_lng_missing'.
2026-09-18 23:03:22,695 - WARNING - Missing values found in column 'distance_km'. Created indicator column 'distance_km_missing'.
2026-09-18 23:03:22,695 - WARNING - Missing values found in column 'max_product_weight_grams'. Created indicator column 'max_product_weight_grams_missing'.
2026-09-18 23:03:22,696 - WARNING - Missing values found in column 'max_product_length_cm'. Created indicator column 'max_product_length_cm_missing'.
2026-09-18 23:03:22,696 - WARNING - Missing values found in column 'max_product_height_cm'. Created indicator column 'max_product_height_cm_missing'.
2026-09-18 23:03:22,697 - WARNING - Missing values found in column 'max_product_width_cm'. Created indicator column 'max_product_width_cm_missing'.
2026-09-18 23:03:22,697 - WARNING - Missing values found in column 'avg_product_name_length'. Created indicator column 'avg_product_name_length_missing'.
2026-09-18 23:03:22,698 - WARNING - Missing values found in column 'avg_product_description_length'. Created indicator column 'avg_product_description_length_missing'.
2026-09-18 23:03:22,698 - WARNING - Missing values found in column 'avg_product_photos_qty'. Created indicator column 'avg_product_photos_qty_missing'.
2026-09-18 23:03:22,699 - WARNING - Missing values found in column 'num_payments'. Created indicator column 'num_payments_missing'.
2026-09-18 23:03:22,699 - WARNING - Missing values found in column 'num_installments'. Created indicator column 'num_installments_missing'.
2026-09-18 23:03:22,700 - WARNING - Missing values found in column 'total_payment_value'. Created indicator column 'total_payment_value_missing'.
2026-09-18 23:03:22,700 - WARNING - Missing values found in column 'pay_boleto'. Created indicator column 'pay_boleto_missing'.
2026-09-18 23:03:22,701 - WARNING - Missing values found in column 'pay_credit_card'. Created indicator column 'pay_credit_card_missing'.
2026-09-18 23:03:22,701 - WARNING - Missing values found in column 'pay_debit_card'. Created indicator column 'pay_debit_card_missing'.
2026-09-18 23:03:22,702 - WARNING - Missing values found in column 'pay_not_defined'. Created indicator column 'pay_not_defined_missing'.
2026-09-18 23:03:22,702 - WARNING - Missing values found in column 'pay_voucher'. Created indicator column 'pay_voucher_missing'.
2026-09-18 23:03:22,703 - WARNING - Missing values found in column 'customer_lat'. Created indicator column 'customer_lat_missing'.
2026-09-18 23:03:22,703 - WARNING - Missing values found in column 'customer_lng'. Created indicator column 'customer_lng_missing'.
2026-09-18 23:03:22,703 - INFO - Validating input data for required columns and non-empty DataFrame
2026-09-18 23:03:22,703 - INFO - Applying imputer to missing values
2026-09-18 23:03:22,703 - INFO - Aligning features to match model's expected input
2026-09-18 23:03:22,718 - INFO - Making predictions using the provided model
2026-09-18 23:03:22,756 - INFO - Prediction request: input=   num_sellers  num_items  ...  customer_lat_missing  customer_lng_missing
0          NaN        NaN  ...                     1                     1

[1 rows x 117 columns] output={'prediction': 0, 'probability': 0.3722238540649414} latency=2.751s model_version=1
2026-09-18 23:03:22,946 - INFO - Creating missing value indicators for specific columns
2026-09-18 23:03:22,946 - WARNING - Missing values found in column 'avg_seller_lat'. Created indicator column 'avg_seller_lat_missing'.
2026-09-18 23:03:22,946 - WARNING - Missing values found in column 'distance_km'. Created indicator column 'distance_km_missing'.
2026-09-18 23:03:22,946 - WARNING - Missing values found in column 'max_product_length_cm'. Created indicator column 'max_product_length_cm_missing'.
2026-09-18 23:03:22,946 - WARNING - Missing values found in column 'avg_product_description_length'. Created indicator column 'avg_product_description_length_missing'.
2026-09-18 23:03:22,946 - WARNING - Missing values found in column 'num_payments'. Created indicator column 'num_payments_missing'.
2026-09-18 23:03:22,956 - WARNING - Missing values found in column 'total_payment_value'. Created indicator column 'total_payment_value_missing'.
2026-09-18 23:03:22,956 - WARNING - Missing values found in column 'customer_lat'. Created indicator column 'customer_lat_missing'.
2026-09-18 23:03:22,960 - INFO - Aligning features to match model's expected input
2026-09-19 10:41:21,863 - INFO - Adding date features
2026-09-19 10:41:21,882 - INFO - Calculating haversine distance
2026-09-19 10:41:21,884 - INFO - Calculating haversine distance
2026-09-19 10:41:21,885 - INFO - Calculating haversine distance
2026-09-19 10:41:21,889 - INFO - Project root resolved to: D:\MlOps_tasks\task_3
2026-09-19 10:41:21,950 - INFO - Loading MLflow model from URI: models:/olist-classifier@champion
2026-09-19 10:41:29,043 - INFO - Loading pickle artifact: ..\models\transformers\imputer.pkl
2026-09-19 10:41:29,045 - INFO - Loading feature list: ..\feature_list.txt
2026-09-19 10:41:29,045 - INFO - Feature list loaded with 117 columns
2026-09-19 10:41:29,090 - INFO - Prediction request Received
2026-09-19 10:41:29,093 - INFO - Preparing features for prediction
2026-09-19 10:41:29,093 - INFO - Building order features for order_id=9e6bc602a2466daa94736f31d1319c5d
2026-09-19 10:41:31,759 - INFO - Order feature creation completed for order_id=9e6bc602a2466daa94736f31d1319c5d
2026-09-19 10:41:31,812 - INFO - Dropping unused columns from the dataset
2026-09-19 10:41:31,814 - INFO - Adding date features
2026-09-19 10:41:31,818 - INFO - Calculating haversine distance
2026-09-19 10:41:31,818 - INFO - Calculating haversine distance
2026-09-19 10:41:31,818 - INFO - Creating missing value indicators for specific columns
2026-09-19 10:41:31,825 - INFO - Validating input data for required columns and non-empty DataFrame
2026-09-19 10:41:31,825 - INFO - Applying imputer to missing values
2026-09-19 10:41:31,856 - INFO - Aligning features to match model's expected input
2026-09-19 10:41:31,882 - INFO - Making predictions using the provided model
2026-09-19 10:41:31,913 - INFO - Prediction request: input=   num_sellers  num_items  ...  customer_lat_missing  customer_lng_missing
0          2.0        2.0  ...                     0                     0

[1 rows x 117 columns] output={'prediction': 0, 'probability': 0.168917715549469} latency=2.820s model_version=1
2026-09-19 10:41:32,106 - INFO - Prediction request Received
2026-09-19 10:41:32,106 - INFO - Preparing features for prediction
2026-09-19 10:41:32,106 - INFO - Building order features for order_id=c0e57db4a4a6ef32aa28911d1c07df81
2026-09-19 10:41:34,385 - INFO - Order feature creation completed for order_id=c0e57db4a4a6ef32aa28911d1c07df81
2026-09-19 10:41:34,436 - INFO - Dropping unused columns from the dataset
2026-09-19 10:41:34,439 - INFO - Adding date features
2026-09-19 10:41:34,440 - INFO - Calculating haversine distance
2026-09-19 10:41:34,440 - INFO - Calculating haversine distance
2026-09-19 10:41:34,442 - INFO - Creating missing value indicators for specific columns
2026-09-19 10:41:34,447 - INFO - Validating input data for required columns and non-empty DataFrame
2026-09-19 10:41:34,447 - INFO - Applying imputer to missing values
2026-09-19 10:41:34,451 - INFO - Aligning features to match model's expected input
2026-09-19 10:41:34,473 - INFO - Making predictions using the provided model
2026-09-19 10:41:34,495 - INFO - Prediction request: input=   num_sellers  num_items  ...  customer_lat_missing  customer_lng_missing
0          1.0        1.0  ...                     0                     0

[1 rows x 117 columns] output={'prediction': 0, 'probability': 0.17624437808990479} latency=2.389s model_version=1
2026-09-19 10:41:34,690 - INFO - Prediction request Received
2026-09-19 10:41:34,690 - INFO - Preparing features for prediction
2026-09-19 10:41:34,690 - INFO - Building order features for order_id=88a78af246c6c2db88e72b384796c98c
2026-09-19 10:41:37,038 - INFO - Order feature creation completed for order_id=88a78af246c6c2db88e72b384796c98c
2026-09-19 10:41:37,093 - INFO - Dropping unused columns from the dataset
2026-09-19 10:41:37,095 - INFO - Adding date features
2026-09-19 10:41:37,095 - INFO - Calculating haversine distance
2026-09-19 10:41:37,095 - INFO - Calculating haversine distance
2026-09-19 10:41:37,095 - INFO - Creating missing value indicators for specific columns
2026-09-19 10:41:37,108 - INFO - Validating input data for required columns and non-empty DataFrame
2026-09-19 10:41:37,108 - INFO - Applying imputer to missing values
2026-09-19 10:41:37,111 - INFO - Aligning features to match model's expected input
2026-09-19 10:41:37,136 - INFO - Making predictions using the provided model
2026-09-19 10:41:37,160 - INFO - Prediction request: input=   num_sellers  num_items  ...  customer_lat_missing  customer_lng_missing
0          1.0        1.0  ...                     0                     0

[1 rows x 117 columns] output={'prediction': 0, 'probability': 0.246858149766922} latency=2.469s model_version=1
2026-09-19 10:41:37,353 - INFO - Prediction request Received
2026-09-19 10:41:37,353 - INFO - Preparing features for prediction
2026-09-19 10:41:37,353 - INFO - Building order features for order_id=8fb4e4bd46f9802e9179726dd20019a5
2026-09-19 10:41:39,785 - INFO - Order feature creation completed for order_id=8fb4e4bd46f9802e9179726dd20019a5
2026-09-19 10:41:39,846 - INFO - Dropping unused columns from the dataset
2026-09-19 10:41:39,846 - INFO - Adding date features
2026-09-19 10:41:39,852 - INFO - Calculating haversine distance
2026-09-19 10:41:39,853 - INFO - Calculating haversine distance
2026-09-19 10:41:39,853 - INFO - Creating missing value indicators for specific columns
2026-09-19 10:41:39,856 - INFO - Validating input data for required columns and non-empty DataFrame
2026-09-19 10:41:39,856 - INFO - Applying imputer to missing values
2026-09-19 10:41:39,856 - INFO - Aligning features to match model's expected input
2026-09-19 10:41:39,887 - INFO - Making predictions using the provided model
2026-09-19 10:41:39,923 - INFO - Prediction request: input=   num_sellers  num_items  ...  customer_lat_missing  customer_lng_missing
0          1.0        1.0  ...                     0                     0

[1 rows x 117 columns] output={'prediction': 0, 'probability': 0.20972174406051636} latency=2.569s model_version=1
2026-09-19 10:41:40,133 - INFO - Prediction request Received
2026-09-19 10:41:40,133 - INFO - Preparing features for prediction
2026-09-19 10:41:40,133 - INFO - Building order features for order_id=d7c663de1470a2d3671791d3f093991c
2026-09-19 10:41:42,937 - INFO - Order feature creation completed for order_id=d7c663de1470a2d3671791d3f093991c
2026-09-19 10:41:42,989 - INFO - Dropping unused columns from the dataset
2026-09-19 10:41:42,989 - INFO - Adding date features
2026-09-19 10:41:42,999 - INFO - Calculating haversine distance
2026-09-19 10:41:42,999 - INFO - Calculating haversine distance
2026-09-19 10:41:43,000 - INFO - Creating missing value indicators for specific columns
2026-09-19 10:41:43,006 - INFO - Validating input data for required columns and non-empty DataFrame
2026-09-19 10:41:43,006 - INFO - Applying imputer to missing values
2026-09-19 10:41:43,009 - INFO - Aligning features to match model's expected input
2026-09-19 10:41:43,034 - INFO - Making predictions using the provided model
2026-09-19 10:41:43,059 - INFO - Prediction request: input=   num_sellers  num_items  ...  customer_lat_missing  customer_lng_missing
0          1.0        1.0  ...                     0                     0

[1 rows x 117 columns] output={'prediction': 0, 'probability': 0.17072728276252747} latency=2.926s model_version=1
2026-09-19 10:41:43,282 - INFO - Prediction request Received
2026-09-19 10:41:43,284 - INFO - Preparing features for prediction
2026-09-19 10:41:43,284 - INFO - Building order features for order_id=e4309eeca1cfe3c6df5a187c38817a5c
2026-09-19 10:41:45,696 - INFO - Order feature creation completed for order_id=e4309eeca1cfe3c6df5a187c38817a5c
2026-09-19 10:41:45,748 - INFO - Dropping unused columns from the dataset
2026-09-19 10:41:45,753 - INFO - Adding date features
2026-09-19 10:41:45,754 - INFO - Calculating haversine distance
2026-09-19 10:41:45,754 - INFO - Calculating haversine distance
2026-09-19 10:41:45,754 - INFO - Creating missing value indicators for specific columns
2026-09-19 10:41:45,758 - INFO - Validating input data for required columns and non-empty DataFrame
2026-09-19 10:41:45,758 - INFO - Applying imputer to missing values
2026-09-19 10:41:45,758 - INFO - Aligning features to match model's expected input
2026-09-19 10:41:45,788 - INFO - Making predictions using the provided model
2026-09-19 10:41:45,811 - INFO - Prediction request: input=   num_sellers  num_items  ...  customer_lat_missing  customer_lng_missing
0          1.0        1.0  ...                     0                     0

[1 rows x 117 columns] output={'prediction': 1, 'probability': 0.5412375926971436} latency=2.528s model_version=1
2026-09-19 10:41:46,028 - INFO - Project root resolved to: D:\MlOps_tasks\task_3
2026-09-19 10:41:46,031 - INFO - Loading MLflow model from URI: models:/olist-classifier@champion
2026-09-19 10:41:46,113 - INFO - Loading pickle artifact: ..\models\transformers\imputer.pkl
2026-09-19 10:41:46,113 - INFO - Loading feature list: ..\feature_list.txt
2026-09-19 10:41:46,114 - INFO - Feature list loaded with 117 columns
2026-09-19 10:41:46,114 - INFO - Prediction request Received
2026-09-19 10:41:46,114 - INFO - Preparing features for prediction
2026-09-19 10:41:46,114 - INFO - Building order features for order_id=test-order-001
2026-09-19 10:41:48,645 - INFO - Order feature creation completed for order_id=test-order-001
2026-09-19 10:41:48,721 - INFO - Dropping unused columns from the dataset
2026-09-19 10:41:48,724 - INFO - Adding date features
2026-09-19 10:41:48,727 - INFO - Calculating haversine distance
2026-09-19 10:41:48,729 - INFO - Calculating haversine distance
2026-09-19 10:41:48,729 - INFO - Creating missing value indicators for specific columns
2026-09-19 10:41:48,735 - WARNING - Missing values found in column 'avg_seller_lat'. Created indicator column 'avg_seller_lat_missing'.
2026-09-19 10:41:48,737 - WARNING - Missing values found in column 'avg_seller_lng'. Created indicator column 'avg_seller_lng_missing'.
2026-09-19 10:41:48,750 - WARNING - Missing values found in column 'distance_km'. Created indicator column 'distance_km_missing'.
2026-09-19 10:41:48,751 - WARNING - Missing values found in column 'max_product_weight_grams'. Created indicator column 'max_product_weight_grams_missing'.
2026-09-19 10:41:48,752 - WARNING - Missing values found in column 'max_product_length_cm'. Created indicator column 'max_product_length_cm_missing'.
2026-09-19 10:41:48,753 - WARNING - Missing values found in column 'max_product_height_cm'. Created indicator column 'max_product_height_cm_missing'.
2026-09-19 10:41:48,758 - WARNING - Missing values found in column 'max_product_width_cm'. Created indicator column 'max_product_width_cm_missing'.
2026-09-19 10:41:48,764 - WARNING - Missing values found in column 'avg_product_name_length'. Created indicator column 'avg_product_name_length_missing'.
2026-09-19 10:41:48,767 - WARNING - Missing values found in column 'avg_product_description_length'. Created indicator column 'avg_product_description_length_missing'.
2026-09-19 10:41:48,768 - WARNING - Missing values found in column 'avg_product_photos_qty'. Created indicator column 'avg_product_photos_qty_missing'.
2026-09-19 10:41:48,769 - WARNING - Missing values found in column 'num_payments'. Created indicator column 'num_payments_missing'.
2026-09-19 10:41:48,770 - WARNING - Missing values found in column 'num_installments'. Created indicator column 'num_installments_missing'.
2026-09-19 10:41:48,770 - WARNING - Missing values found in column 'total_payment_value'. Created indicator column 'total_payment_value_missing'.
2026-09-19 10:41:48,772 - WARNING - Missing values found in column 'pay_boleto'. Created indicator column 'pay_boleto_missing'.
2026-09-19 10:41:48,773 - WARNING - Missing values found in column 'pay_credit_card'. Created indicator column 'pay_credit_card_missing'.
2026-09-19 10:41:48,775 - WARNING - Missing values found in column 'pay_debit_card'. Created indicator column 'pay_debit_card_missing'.
2026-09-19 10:41:48,777 - WARNING - Missing values found in column 'pay_not_defined'. Created indicator column 'pay_not_defined_missing'.
2026-09-19 10:41:48,779 - WARNING - Missing values found in column 'pay_voucher'. Created indicator column 'pay_voucher_missing'.
2026-09-19 10:41:48,782 - WARNING - Missing values found in column 'customer_lat'. Created indicator column 'customer_lat_missing'.
2026-09-19 10:41:48,784 - WARNING - Missing values found in column 'customer_lng'. Created indicator column 'customer_lng_missing'.
2026-09-19 10:41:48,785 - INFO - Validating input data for required columns and non-empty DataFrame
2026-09-19 10:41:48,785 - INFO - Applying imputer to missing values
2026-09-19 10:41:48,790 - INFO - Aligning features to match model's expected input
2026-09-19 10:41:48,848 - INFO - Making predictions using the provided model
2026-09-19 10:41:48,888 - INFO - Prediction request: input=   num_sellers  num_items  ...  customer_lat_missing  customer_lng_missing
0          NaN        NaN  ...                     1                     1

[1 rows x 117 columns] output={'prediction': 0, 'probability': 0.3722238540649414} latency=2.773s model_version=1
2026-09-19 10:41:49,150 - INFO - Creating missing value indicators for specific columns
2026-09-19 10:41:49,152 - WARNING - Missing values found in column 'avg_seller_lat'. Created indicator column 'avg_seller_lat_missing'.
2026-09-19 10:41:49,154 - WARNING - Missing values found in column 'distance_km'. Created indicator column 'distance_km_missing'.
2026-09-19 10:41:49,156 - WARNING - Missing values found in column 'max_product_length_cm'. Created indicator column 'max_product_length_cm_missing'.
2026-09-19 10:41:49,158 - WARNING - Missing values found in column 'avg_product_description_length'. Created indicator column 'avg_product_description_length_missing'.
2026-09-19 10:41:49,158 - WARNING - Missing values found in column 'num_payments'. Created indicator column 'num_payments_missing'.
2026-09-19 10:41:49,158 - WARNING - Missing values found in column 'total_payment_value'. Created indicator column 'total_payment_value_missing'.
2026-09-19 10:41:49,162 - WARNING - Missing values found in column 'customer_lat'. Created indicator column 'customer_lat_missing'.
2026-09-19 10:41:49,165 - INFO - Aligning features to match model's expected input
2026-09-19 10:42:16,366 - INFO - Project root resolved to: D:\MlOps_tasks\task_3
2026-09-19 10:42:18,903 - INFO - Project root resolved to: D:\MlOps_tasks\task_3
2026-09-20 14:26:03,946 - INFO - Project root resolved to: D:\MlOps_tasks\task_3
2026-09-20 15:20:21,174 - INFO - Project root resolved to: D:\MlOps_tasks\task_3
2026-09-20 15:20:21,231 - INFO - Loading MLflow model from URI: models:/olist-classifier@champion
2026-09-20 15:20:22,770 - ERROR - Failed to load MLflow model from URI: models:/olist-classifier@champion
Traceback (most recent call last):
  File "D:\MlOps_tasks\task_3\src\data_access.py", line 22, in load_model
    return mlflow.pyfunc.load_model(uri)
           ^^^^^^^^^^^^^^^^^^^^^^^^^^^^^
  File "C:\Users\acer\AppData\Local\Programs\Python\Python312\Lib\site-packages\mlflow\tracing\provider.py", line 1056, in wrapper
    return f(*args, **kwargs)
           ^^^^^^^^^^^^^^^^^^
  File "C:\Users\acer\AppData\Local\Programs\Python\Python312\Lib\site-packages\mlflow\pyfunc\__init__.py", line 1132, in load_model
    local_path = _download_artifact_from_uri(
                 ^^^^^^^^^^^^^^^^^^^^^^^^^^^^
  File "C:\Users\acer\AppData\Local\Programs\Python\Python312\Lib\site-packages\mlflow\tracking\artifact_utils.py", line 117, in _download_artifact_from_uri
    repo = get_artifact_repository(
           ^^^^^^^^^^^^^^^^^^^^^^^^
  File "C:\Users\acer\AppData\Local\Programs\Python\Python312\Lib\site-packages\mlflow\store\artifact\artifact_repository_registry.py", line 158, in get_artifact_repository
    return _artifact_repository_registry.get_artifact_repository(
           ^^^^^^^^^^^^^^^^^^^^^^^^^^^^^^^^^^^^^^^^^^^^^^^^^^^^^^
  File "C:\Users\acer\AppData\Local\Programs\Python\Python312\Lib\site-packages\mlflow\store\artifact\artifact_repository_registry.py", line 85, in get_artifact_repository
    repository_instance = repository(
                          ^^^^^^^^^^^
  File "C:\Users\acer\AppData\Local\Programs\Python\Python312\Lib\site-packages\mlflow\store\artifact\models_artifact_repo.py", line 83, in __init__
    ) = ModelsArtifactRepository._get_model_uri_infos(artifact_uri)
        ^^^^^^^^^^^^^^^^^^^^^^^^^^^^^^^^^^^^^^^^^^^^^^^^^^^^^^^^^^^
  File "C:\Users\acer\AppData\Local\Programs\Python\Python312\Lib\site-packages\mlflow\store\artifact\models_artifact_repo.py", line 136, in _get_model_uri_infos
    name_and_version_or_id = get_model_name_and_version(client, uri)
                             ^^^^^^^^^^^^^^^^^^^^^^^^^^^^^^^^^^^^^^^
  File "C:\Users\acer\AppData\Local\Programs\Python\Python312\Lib\site-packages\mlflow\store\artifact\utils\models.py", line 150, in get_model_name_and_version
    mv = client.get_model_version_by_alias(model_name, model_alias)
         ^^^^^^^^^^^^^^^^^^^^^^^^^^^^^^^^^^^^^^^^^^^^^^^^^^^^^^^^^^
  File "C:\Users\acer\AppData\Local\Programs\Python\Python312\Lib\site-packages\mlflow\tracking\_model_registry\client.py", line 475, in get_model_version_by_alias
    return self.store.get_model_version_by_alias(name, alias)
           ^^^^^^^^^^^^^^^^^^^^^^^^^^^^^^^^^^^^^^^^^^^^^^^^^^
  File "C:\Users\acer\AppData\Local\Programs\Python\Python312\Lib\site-packages\mlflow\store\model_registry\sqlalchemy_store.py", line 1581, in get_model_version_by_alias
    self._get_registered_model(session, name)
  File "C:\Users\acer\AppData\Local\Programs\Python\Python312\Lib\site-packages\mlflow\store\model_registry\sqlalchemy_store.py", line 440, in _get_registered_model
    raise MlflowException(
mlflow.exceptions.MlflowException: Registered Model with name=olist-classifier not found
2026-09-20 15:22:53,857 - INFO - Project root resolved to: D:\MlOps_tasks\task_3
2026-09-20 15:22:53,890 - INFO - Loading MLflow model from URI: models:/olist-classifier@champion
2026-09-20 15:22:59,535 - INFO - Loading pickle artifact: ..\models\transformers\imputer.pkl
2026-09-20 15:22:59,537 - INFO - Loading feature list: ..\feature_list.txt
2026-09-20 15:22:59,537 - INFO - Feature list loaded with 117 columns
2026-09-20 15:22:59,537 - ERROR - Invalid input type: expected dict, got str
2026-09-20 15:22:59,537 - ERROR - Prediction failed: Input data must be a dictionary representing an order.
Traceback (most recent call last):
  File "D:\MlOps_tasks\task_3\src\pipeline.py", line 47, in predict
    raise ValueError("Input data must be a dictionary representing an order.")
ValueError: Input data must be a dictionary representing an order.
2026-09-20 15:25:35,367 - INFO - Project root resolved to: D:\MlOps_tasks\task_3
2026-09-20 15:25:35,401 - INFO - Loading MLflow model from URI: models:/olist-classifier@champion
2026-09-20 15:25:40,943 - INFO - Loading pickle artifact: ..\models\transformers\imputer.pkl
2026-09-20 15:25:40,945 - INFO - Loading feature list: ..\feature_list.txt
2026-09-20 15:25:40,945 - INFO - Feature list loaded with 117 columns
2026-09-20 15:25:40,946 - INFO - Prediction request Received
2026-09-20 15:25:40,946 - INFO - Preparing features for prediction
2026-09-20 15:25:40,946 - INFO - Building order features for order_id=9e6bc602a2466daa94736f31d1319c5d
2026-09-20 15:25:43,645 - ERROR - Failed to build order features for order_id=9e6bc602a2466daa94736f31d1319c5d
Traceback (most recent call last):
  File "D:\MlOps_tasks\task_3\src\data_access.py", line 259, in create_order_features
    final_row = orders.merge(order_items_agg, on='order_id', how='left')
                ^^^^^^^^^^^^
AttributeError: 'str' object has no attribute 'merge'
2026-09-20 15:25:43,647 - ERROR - Prediction failed: 'str' object has no attribute 'merge'
Traceback (most recent call last):
  File "D:\MlOps_tasks\task_3\src\pipeline.py", line 52, in predict
    features = self.prepare_features(order_id)
               ^^^^^^^^^^^^^^^^^^^^^^^^^^^^^^^
  File "D:\MlOps_tasks\task_3\src\pipeline.py", line 30, in prepare_features
    data=create_order_features(order_id)
         ^^^^^^^^^^^^^^^^^^^^^^^^^^^^^^^
  File "D:\MlOps_tasks\task_3\src\data_access.py", line 259, in create_order_features
    final_row = orders.merge(order_items_agg, on='order_id', how='left')
                ^^^^^^^^^^^^
AttributeError: 'str' object has no attribute 'merge'
2026-09-20 15:28:14,538 - INFO - Project root resolved to: D:\MlOps_tasks\task_3
2026-09-20 15:28:14,582 - INFO - Loading MLflow model from URI: models:/olist-classifier@champion
2026-09-20 15:28:20,305 - INFO - Loading pickle artifact: ..\models\transformers\imputer.pkl
2026-09-20 15:28:20,306 - INFO - Loading feature list: ..\feature_list.txt
2026-09-20 15:28:20,306 - INFO - Feature list loaded with 117 columns
2026-09-20 15:28:20,306 - INFO - Prediction request Received
2026-09-20 15:28:20,306 - INFO - Preparing features for prediction
2026-09-20 15:28:20,307 - INFO - Building order features for order_id=9e6bc602a2466daa94736f31d1319c5d
2026-09-20 15:28:20,658 - ERROR - Failed to build order features for order_id=9e6bc602a2466daa94736f31d1319c5d
Traceback (most recent call last):
  File "C:\Users\acer\AppData\Local\Programs\Python\Python312\Lib\site-packages\sqlalchemy\engine\base.py", line 1967, in _exec_single_context
    self.dialect.do_execute(
  File "C:\Users\acer\AppData\Local\Programs\Python\Python312\Lib\site-packages\sqlalchemy\engine\default.py", line 941, in do_execute
    cursor.execute(statement, parameters)
psycopg2.errors.SyntaxError: trailing junk after numeric literal at or near "9e6bc602a2466daa94736f31d1319c5d"
LINE 1: select * from orders WHERE order_id=9e6bc602a2466daa94736f31...
                                            ^


The above exception was the direct cause of the following exception:

Traceback (most recent call last):
  File "D:\MlOps_tasks\task_3\src\data_access.py", line 176, in create_order_features
    orders=pd.read_sql(query,engine)
           ^^^^^^^^^^^^^^^^^^^^^^^^^
  File "C:\Users\acer\AppData\Local\Programs\Python\Python312\Lib\site-packages\pandas\io\sql.py", line 734, in read_sql
    return pandas_sql.read_query(
           ^^^^^^^^^^^^^^^^^^^^^^
  File "C:\Users\acer\AppData\Local\Programs\Python\Python312\Lib\site-packages\pandas\io\sql.py", line 1836, in read_query
    result = self.execute(sql, params)
             ^^^^^^^^^^^^^^^^^^^^^^^^^
  File "C:\Users\acer\AppData\Local\Programs\Python\Python312\Lib\site-packages\pandas\io\sql.py", line 1659, in execute
    return self.con.exec_driver_sql(sql, *args)
           ^^^^^^^^^^^^^^^^^^^^^^^^^^^^^^^^^^^^
  File "C:\Users\acer\AppData\Local\Programs\Python\Python312\Lib\site-packages\sqlalchemy\engine\base.py", line 1779, in exec_driver_sql
    ret = self._execute_context(
          ^^^^^^^^^^^^^^^^^^^^^^
  File "C:\Users\acer\AppData\Local\Programs\Python\Python312\Lib\site-packages\sqlalchemy\engine\base.py", line 1846, in _execute_context
    return self._exec_single_context(
           ^^^^^^^^^^^^^^^^^^^^^^^^^^
  File "C:\Users\acer\AppData\Local\Programs\Python\Python312\Lib\site-packages\sqlalchemy\engine\base.py", line 1986, in _exec_single_context
    self._handle_dbapi_exception(
  File "C:\Users\acer\AppData\Local\Programs\Python\Python312\Lib\site-packages\sqlalchemy\engine\base.py", line 2355, in _handle_dbapi_exception
    raise sqlalchemy_exception.with_traceback(exc_info[2]) from e
  File "C:\Users\acer\AppData\Local\Programs\Python\Python312\Lib\site-packages\sqlalchemy\engine\base.py", line 1967, in _exec_single_context
    self.dialect.do_execute(
  File "C:\Users\acer\AppData\Local\Programs\Python\Python312\Lib\site-packages\sqlalchemy\engine\default.py", line 941, in do_execute
    cursor.execute(statement, parameters)
sqlalchemy.exc.ProgrammingError: (psycopg2.errors.SyntaxError) trailing junk after numeric literal at or near "9e6bc602a2466daa94736f31d1319c5d"
LINE 1: select * from orders WHERE order_id=9e6bc602a2466daa94736f31...
                                            ^

[SQL: select * from orders WHERE order_id=9e6bc602a2466daa94736f31d1319c5d]
(Background on this error at: https://sqlalche.me/e/20/f405)
2026-09-20 15:28:20,673 - ERROR - Prediction failed: (psycopg2.errors.SyntaxError) trailing junk after numeric literal at or near "9e6bc602a2466daa94736f31d1319c5d"
LINE 1: select * from orders WHERE order_id=9e6bc602a2466daa94736f31...
                                            ^

[SQL: select * from orders WHERE order_id=9e6bc602a2466daa94736f31d1319c5d]
(Background on this error at: https://sqlalche.me/e/20/f405)
Traceback (most recent call last):
  File "C:\Users\acer\AppData\Local\Programs\Python\Python312\Lib\site-packages\sqlalchemy\engine\base.py", line 1967, in _exec_single_context
    self.dialect.do_execute(
  File "C:\Users\acer\AppData\Local\Programs\Python\Python312\Lib\site-packages\sqlalchemy\engine\default.py", line 941, in do_execute
    cursor.execute(statement, parameters)
psycopg2.errors.SyntaxError: trailing junk after numeric literal at or near "9e6bc602a2466daa94736f31d1319c5d"
LINE 1: select * from orders WHERE order_id=9e6bc602a2466daa94736f31...
                                            ^


The above exception was the direct cause of the following exception:

Traceback (most recent call last):
  File "D:\MlOps_tasks\task_3\src\pipeline.py", line 52, in predict
    features = self.prepare_features(order_id)
               ^^^^^^^^^^^^^^^^^^^^^^^^^^^^^^^
  File "D:\MlOps_tasks\task_3\src\pipeline.py", line 30, in prepare_features
    data=create_order_features(order_id)
         ^^^^^^^^^^^^^^^^^^^^^^^^^^^^^^^
  File "D:\MlOps_tasks\task_3\src\data_access.py", line 176, in create_order_features
    orders=pd.read_sql(query,engine)
           ^^^^^^^^^^^^^^^^^^^^^^^^^
  File "C:\Users\acer\AppData\Local\Programs\Python\Python312\Lib\site-packages\pandas\io\sql.py", line 734, in read_sql
    return pandas_sql.read_query(
           ^^^^^^^^^^^^^^^^^^^^^^
  File "C:\Users\acer\AppData\Local\Programs\Python\Python312\Lib\site-packages\pandas\io\sql.py", line 1836, in read_query
    result = self.execute(sql, params)
             ^^^^^^^^^^^^^^^^^^^^^^^^^
  File "C:\Users\acer\AppData\Local\Programs\Python\Python312\Lib\site-packages\pandas\io\sql.py", line 1659, in execute
    return self.con.exec_driver_sql(sql, *args)
           ^^^^^^^^^^^^^^^^^^^^^^^^^^^^^^^^^^^^
  File "C:\Users\acer\AppData\Local\Programs\Python\Python312\Lib\site-packages\sqlalchemy\engine\base.py", line 1779, in exec_driver_sql
    ret = self._execute_context(
          ^^^^^^^^^^^^^^^^^^^^^^
  File "C:\Users\acer\AppData\Local\Programs\Python\Python312\Lib\site-packages\sqlalchemy\engine\base.py", line 1846, in _execute_context
    return self._exec_single_context(
           ^^^^^^^^^^^^^^^^^^^^^^^^^^
  File "C:\Users\acer\AppData\Local\Programs\Python\Python312\Lib\site-packages\sqlalchemy\engine\base.py", line 1986, in _exec_single_context
    self._handle_dbapi_exception(
  File "C:\Users\acer\AppData\Local\Programs\Python\Python312\Lib\site-packages\sqlalchemy\engine\base.py", line 2355, in _handle_dbapi_exception
    raise sqlalchemy_exception.with_traceback(exc_info[2]) from e
  File "C:\Users\acer\AppData\Local\Programs\Python\Python312\Lib\site-packages\sqlalchemy\engine\base.py", line 1967, in _exec_single_context
    self.dialect.do_execute(
  File "C:\Users\acer\AppData\Local\Programs\Python\Python312\Lib\site-packages\sqlalchemy\engine\default.py", line 941, in do_execute
    cursor.execute(statement, parameters)
sqlalchemy.exc.ProgrammingError: (psycopg2.errors.SyntaxError) trailing junk after numeric literal at or near "9e6bc602a2466daa94736f31d1319c5d"
LINE 1: select * from orders WHERE order_id=9e6bc602a2466daa94736f31...
                                            ^

[SQL: select * from orders WHERE order_id=9e6bc602a2466daa94736f31d1319c5d]
(Background on this error at: https://sqlalche.me/e/20/f405)
2026-09-20 15:28:57,209 - INFO - Project root resolved to: D:\MlOps_tasks\task_3
2026-09-20 15:28:57,248 - INFO - Loading MLflow model from URI: models:/olist-classifier@champion
2026-09-20 15:29:02,750 - INFO - Loading pickle artifact: ..\models\transformers\imputer.pkl
2026-09-20 15:29:02,750 - INFO - Loading feature list: ..\feature_list.txt
2026-09-20 15:29:02,750 - INFO - Feature list loaded with 117 columns
2026-09-20 15:29:02,750 - INFO - Prediction request Received
2026-09-20 15:29:02,752 - INFO - Preparing features for prediction
2026-09-20 15:29:02,752 - INFO - Building order features for order_id=9e6bc602a2466daa94736f31d1319c5d
2026-09-20 15:29:05,186 - INFO - Order feature creation completed for order_id=9e6bc602a2466daa94736f31d1319c5d
2026-09-20 15:29:05,250 - INFO - Dropping unused columns from the dataset
2026-09-20 15:29:05,250 - INFO - Adding date features
2026-09-20 15:29:05,250 - INFO - Calculating haversine distance
2026-09-20 15:29:05,258 - INFO - Calculating haversine distance
2026-09-20 15:29:05,259 - INFO - Creating missing value indicators for specific columns
2026-09-20 15:29:05,266 - INFO - Validating input data for required columns and non-empty DataFrame
2026-09-20 15:29:05,266 - INFO - Applying imputer to missing values
2026-09-20 15:29:05,274 - INFO - Aligning features to match model's expected input
2026-09-20 15:29:05,306 - INFO - Making predictions using the provided model
2026-09-20 15:29:05,337 - INFO - Prediction request: input=   num_sellers  num_items  ...  customer_lat_missing  customer_lng_missing
0          2.0        2.0  ...                     0                     0

[1 rows x 117 columns] output={'prediction': 0, 'probability': 0.168917715549469} latency=2.584s model_version=1
2026-09-20 15:29:05,529 - INFO - Prediction request Received
2026-09-20 15:29:05,529 - INFO - Preparing features for prediction
2026-09-20 15:29:05,529 - INFO - Building order features for order_id=8fb4e4bd46f9802e9179726dd20019a5
2026-09-20 15:29:07,895 - INFO - Order feature creation completed for order_id=8fb4e4bd46f9802e9179726dd20019a5
2026-09-20 15:29:07,939 - INFO - Dropping unused columns from the dataset
2026-09-20 15:29:07,954 - INFO - Adding date features
2026-09-20 15:29:07,954 - INFO - Calculating haversine distance
2026-09-20 15:29:07,954 - INFO - Calculating haversine distance
2026-09-20 15:29:07,954 - INFO - Creating missing value indicators for specific columns
2026-09-20 15:29:07,964 - INFO - Validating input data for required columns and non-empty DataFrame
2026-09-20 15:29:07,964 - INFO - Applying imputer to missing values
2026-09-20 15:29:07,968 - INFO - Aligning features to match model's expected input
2026-09-20 15:29:07,986 - INFO - Making predictions using the provided model
2026-09-20 15:29:08,015 - INFO - Prediction request: input=   num_sellers  num_items  ...  customer_lat_missing  customer_lng_missing
0          1.0        1.0  ...                     0                     0

[1 rows x 117 columns] output={'prediction': 0, 'probability': 0.20972174406051636} latency=2.486s model_version=1
2026-09-20 15:29:08,208 - INFO - Prediction request Received
2026-09-20 15:29:08,208 - INFO - Preparing features for prediction
2026-09-20 15:29:08,208 - INFO - Building order features for order_id=88a78af246c6c2db88e72b384796c98c
2026-09-20 15:29:10,564 - INFO - Order feature creation completed for order_id=88a78af246c6c2db88e72b384796c98c
2026-09-20 15:29:10,602 - INFO - Dropping unused columns from the dataset
2026-09-20 15:29:10,618 - INFO - Adding date features
2026-09-20 15:29:10,618 - INFO - Calculating haversine distance
2026-09-20 15:29:10,618 - INFO - Calculating haversine distance
2026-09-20 15:29:10,618 - INFO - Creating missing value indicators for specific columns
2026-09-20 15:29:10,618 - INFO - Validating input data for required columns and non-empty DataFrame
2026-09-20 15:29:10,618 - INFO - Applying imputer to missing values
2026-09-20 15:29:10,634 - INFO - Aligning features to match model's expected input
2026-09-20 15:29:10,650 - INFO - Making predictions using the provided model
2026-09-20 15:29:10,684 - INFO - Prediction request: input=   num_sellers  num_items  ...  customer_lat_missing  customer_lng_missing
0          1.0        1.0  ...                     0                     0

[1 rows x 117 columns] output={'prediction': 0, 'probability': 0.246858149766922} latency=2.476s model_version=1
2026-09-20 15:29:10,872 - INFO - Prediction request Received
2026-09-20 15:29:10,872 - INFO - Preparing features for prediction
2026-09-20 15:29:10,872 - INFO - Building order features for order_id=d7c663de1470a2d3671791d3f093991c
2026-09-20 15:29:13,225 - INFO - Order feature creation completed for order_id=d7c663de1470a2d3671791d3f093991c
2026-09-20 15:29:13,266 - INFO - Dropping unused columns from the dataset
2026-09-20 15:29:13,266 - INFO - Adding date features
2026-09-20 15:29:13,266 - INFO - Calculating haversine distance
2026-09-20 15:29:13,282 - INFO - Calculating haversine distance
2026-09-20 15:29:13,282 - INFO - Creating missing value indicators for specific columns
2026-09-20 15:29:13,282 - INFO - Validating input data for required columns and non-empty DataFrame
2026-09-20 15:29:13,282 - INFO - Applying imputer to missing values
2026-09-20 15:29:13,282 - INFO - Aligning features to match model's expected input
2026-09-20 15:29:13,313 - INFO - Making predictions using the provided model
2026-09-20 15:29:13,338 - INFO - Prediction request: input=   num_sellers  num_items  ...  customer_lat_missing  customer_lng_missing
0          1.0        1.0  ...                     0                     0

[1 rows x 117 columns] output={'prediction': 0, 'probability': 0.17072728276252747} latency=2.466s model_version=1
2026-09-20 15:29:13,518 - INFO - Prediction request Received
2026-09-20 15:29:13,518 - INFO - Preparing features for prediction
2026-09-20 15:29:13,518 - INFO - Building order features for order_id=c0e57db4a4a6ef32aa28911d1c07df81
2026-09-20 15:29:16,058 - INFO - Order feature creation completed for order_id=c0e57db4a4a6ef32aa28911d1c07df81
2026-09-20 15:29:16,105 - INFO - Dropping unused columns from the dataset
2026-09-20 15:29:16,105 - INFO - Adding date features
2026-09-20 15:29:16,105 - INFO - Calculating haversine distance
2026-09-20 15:29:16,105 - INFO - Calculating haversine distance
2026-09-20 15:29:16,121 - INFO - Creating missing value indicators for specific columns
2026-09-20 15:29:16,121 - INFO - Validating input data for required columns and non-empty DataFrame
2026-09-20 15:29:16,121 - INFO - Applying imputer to missing values
2026-09-20 15:29:16,121 - INFO - Aligning features to match model's expected input
2026-09-20 15:29:16,153 - INFO - Making predictions using the provided model
2026-09-20 15:29:16,177 - INFO - Prediction request: input=   num_sellers  num_items  ...  customer_lat_missing  customer_lng_missing
0          1.0        1.0  ...                     0                     0

[1 rows x 117 columns] output={'prediction': 0, 'probability': 0.17624437808990479} latency=2.659s model_version=1
2026-09-20 15:29:16,387 - INFO - Prediction request Received
2026-09-20 15:29:16,387 - INFO - Preparing features for prediction
2026-09-20 15:29:16,387 - INFO - Building order features for order_id=e4309eeca1cfe3c6df5a187c38817a5c
2026-09-20 15:29:18,817 - INFO - Order feature creation completed for order_id=e4309eeca1cfe3c6df5a187c38817a5c
2026-09-20 15:29:18,880 - INFO - Dropping unused columns from the dataset
2026-09-20 15:29:18,880 - INFO - Adding date features
2026-09-20 15:29:18,880 - INFO - Calculating haversine distance
2026-09-20 15:29:18,880 - INFO - Calculating haversine distance
2026-09-20 15:29:18,880 - INFO - Creating missing value indicators for specific columns
2026-09-20 15:29:18,896 - INFO - Validating input data for required columns and non-empty DataFrame
2026-09-20 15:29:18,896 - INFO - Applying imputer to missing values
2026-09-20 15:29:18,896 - INFO - Aligning features to match model's expected input
2026-09-20 15:29:18,912 - INFO - Making predictions using the provided model
2026-09-20 15:29:18,948 - INFO - Prediction request: input=   num_sellers  num_items  ...  customer_lat_missing  customer_lng_missing
0          1.0        1.0  ...                     0                     0

[1 rows x 117 columns] output={'prediction': 1, 'probability': 0.5412375926971436} latency=2.561s model_version=1
2026-09-20 15:29:55,871 - INFO - Adding date features
2026-09-20 15:29:55,871 - INFO - Calculating haversine distance
2026-09-20 15:29:55,885 - INFO - Calculating haversine distance
2026-09-20 15:29:55,885 - INFO - Calculating haversine distance
2026-09-20 15:29:55,886 - INFO - Project root resolved to: D:\MlOps_tasks\task_3
2026-09-20 15:29:55,920 - INFO - Loading MLflow model from URI: models:/olist-classifier@champion
2026-09-20 15:30:01,612 - INFO - Loading pickle artifact: ..\models\transformers\imputer.pkl
2026-09-20 15:30:01,614 - INFO - Loading feature list: ..\feature_list.txt
2026-09-20 15:30:01,614 - INFO - Feature list loaded with 117 columns
2026-09-20 15:30:01,615 - INFO - Prediction request Received
2026-09-20 15:30:01,615 - INFO - Preparing features for prediction
2026-09-20 15:30:01,615 - INFO - Building order features for order_id=9e6bc602a2466daa94736f31d1319c5d
2026-09-20 15:30:04,174 - INFO - Order feature creation completed for order_id=9e6bc602a2466daa94736f31d1319c5d
2026-09-20 15:30:04,230 - INFO - Dropping unused columns from the dataset
2026-09-20 15:30:04,234 - INFO - Adding date features
2026-09-20 15:30:04,236 - INFO - Calculating haversine distance
2026-09-20 15:30:04,236 - INFO - Calculating haversine distance
2026-09-20 15:30:04,237 - INFO - Creating missing value indicators for specific columns
2026-09-20 15:30:04,245 - INFO - Validating input data for required columns and non-empty DataFrame
2026-09-20 15:30:04,245 - INFO - Applying imputer to missing values
2026-09-20 15:30:04,264 - INFO - Aligning features to match model's expected input
2026-09-20 15:30:04,281 - INFO - Making predictions using the provided model
2026-09-20 15:30:04,314 - INFO - Prediction request: input=   num_sellers  num_items  ...  customer_lat_missing  customer_lng_missing
0          2.0        2.0  ...                     0                     0

[1 rows x 117 columns] output={'prediction': 0, 'probability': 0.168917715549469} latency=2.699s model_version=1
2026-09-20 15:30:04,514 - INFO - Prediction request Received
2026-09-20 15:30:04,514 - INFO - Preparing features for prediction
2026-09-20 15:30:04,514 - INFO - Building order features for order_id=8fb4e4bd46f9802e9179726dd20019a5
2026-09-20 15:30:07,120 - INFO - Order feature creation completed for order_id=8fb4e4bd46f9802e9179726dd20019a5
2026-09-20 15:30:07,179 - INFO - Dropping unused columns from the dataset
2026-09-20 15:30:07,196 - INFO - Adding date features
2026-09-20 15:30:07,196 - INFO - Calculating haversine distance
2026-09-20 15:30:07,196 - INFO - Calculating haversine distance
2026-09-20 15:30:07,196 - INFO - Creating missing value indicators for specific columns
2026-09-20 15:30:07,196 - INFO - Validating input data for required columns and non-empty DataFrame
2026-09-20 15:30:07,196 - INFO - Applying imputer to missing values
2026-09-20 15:30:07,211 - INFO - Aligning features to match model's expected input
2026-09-20 15:30:07,229 - INFO - Making predictions using the provided model
2026-09-20 15:30:07,261 - INFO - Prediction request: input=   num_sellers  num_items  ...  customer_lat_missing  customer_lng_missing
0          1.0        1.0  ...                     0                     0

[1 rows x 117 columns] output={'prediction': 0, 'probability': 0.20972174406051636} latency=2.746s model_version=1
2026-09-20 15:30:07,463 - INFO - Prediction request Received
2026-09-20 15:30:07,463 - INFO - Preparing features for prediction
2026-09-20 15:30:07,463 - INFO - Building order features for order_id=88a78af246c6c2db88e72b384796c98c
2026-09-20 15:30:09,938 - INFO - Order feature creation completed for order_id=88a78af246c6c2db88e72b384796c98c
2026-09-20 15:30:09,994 - INFO - Dropping unused columns from the dataset
2026-09-20 15:30:09,996 - INFO - Adding date features
2026-09-20 15:30:09,998 - INFO - Calculating haversine distance
2026-09-20 15:30:09,999 - INFO - Calculating haversine distance
2026-09-20 15:30:10,000 - INFO - Creating missing value indicators for specific columns
2026-09-20 15:30:10,007 - INFO - Validating input data for required columns and non-empty DataFrame
2026-09-20 15:30:10,007 - INFO - Applying imputer to missing values
2026-09-20 15:30:10,009 - INFO - Aligning features to match model's expected input
2026-09-20 15:30:10,024 - INFO - Making predictions using the provided model
2026-09-20 15:30:10,056 - INFO - Prediction request: input=   num_sellers  num_items  ...  customer_lat_missing  customer_lng_missing
0          1.0        1.0  ...                     0                     0

[1 rows x 117 columns] output={'prediction': 0, 'probability': 0.246858149766922} latency=2.594s model_version=1
2026-09-20 15:30:10,247 - INFO - Prediction request Received
2026-09-20 15:30:10,247 - INFO - Preparing features for prediction
2026-09-20 15:30:10,247 - INFO - Building order features for order_id=d7c663de1470a2d3671791d3f093991c
2026-09-20 15:30:12,695 - INFO - Order feature creation completed for order_id=d7c663de1470a2d3671791d3f093991c
2026-09-20 15:30:12,739 - INFO - Dropping unused columns from the dataset
2026-09-20 15:30:12,739 - INFO - Adding date features
2026-09-20 15:30:12,739 - INFO - Calculating haversine distance
2026-09-20 15:30:12,739 - INFO - Calculating haversine distance
2026-09-20 15:30:12,754 - INFO - Creating missing value indicators for specific columns
2026-09-20 15:30:12,754 - INFO - Validating input data for required columns and non-empty DataFrame
2026-09-20 15:30:12,754 - INFO - Applying imputer to missing values
2026-09-20 15:30:12,754 - INFO - Aligning features to match model's expected input
2026-09-20 15:30:12,785 - INFO - Making predictions using the provided model
2026-09-20 15:30:12,809 - INFO - Prediction request: input=   num_sellers  num_items  ...  customer_lat_missing  customer_lng_missing
0          1.0        1.0  ...                     0                     0

[1 rows x 117 columns] output={'prediction': 0, 'probability': 0.17072728276252747} latency=2.562s model_version=1
2026-09-20 15:30:13,011 - INFO - Prediction request Received
2026-09-20 15:30:13,011 - INFO - Preparing features for prediction
2026-09-20 15:30:13,011 - INFO - Building order features for order_id=c0e57db4a4a6ef32aa28911d1c07df81
2026-09-20 15:30:15,841 - INFO - Order feature creation completed for order_id=c0e57db4a4a6ef32aa28911d1c07df81
2026-09-20 15:30:15,902 - INFO - Dropping unused columns from the dataset
2026-09-20 15:30:15,906 - INFO - Adding date features
2026-09-20 15:30:15,906 - INFO - Calculating haversine distance
2026-09-20 15:30:15,906 - INFO - Calculating haversine distance
2026-09-20 15:30:15,906 - INFO - Creating missing value indicators for specific columns
2026-09-20 15:30:15,915 - INFO - Validating input data for required columns and non-empty DataFrame
2026-09-20 15:30:15,915 - INFO - Applying imputer to missing values
2026-09-20 15:30:15,921 - INFO - Aligning features to match model's expected input
2026-09-20 15:30:15,939 - INFO - Making predictions using the provided model
2026-09-20 15:30:15,972 - INFO - Prediction request: input=   num_sellers  num_items  ...  customer_lat_missing  customer_lng_missing
0          1.0        1.0  ...                     0                     0

[1 rows x 117 columns] output={'prediction': 0, 'probability': 0.17624437808990479} latency=2.961s model_version=1
2026-09-20 15:30:16,181 - INFO - Prediction request Received
2026-09-20 15:30:16,181 - INFO - Preparing features for prediction
2026-09-20 15:30:16,181 - INFO - Building order features for order_id=e4309eeca1cfe3c6df5a187c38817a5c
2026-09-20 15:30:18,788 - INFO - Order feature creation completed for order_id=e4309eeca1cfe3c6df5a187c38817a5c
2026-09-20 15:30:18,852 - INFO - Dropping unused columns from the dataset
2026-09-20 15:30:18,855 - INFO - Adding date features
2026-09-20 15:30:18,857 - INFO - Calculating haversine distance
2026-09-20 15:30:18,858 - INFO - Calculating haversine distance
2026-09-20 15:30:18,858 - INFO - Creating missing value indicators for specific columns
2026-09-20 15:30:18,858 - INFO - Validating input data for required columns and non-empty DataFrame
2026-09-20 15:30:18,858 - INFO - Applying imputer to missing values
2026-09-20 15:30:18,870 - INFO - Aligning features to match model's expected input
2026-09-20 15:30:18,886 - INFO - Making predictions using the provided model
2026-09-20 15:30:18,919 - INFO - Prediction request: input=   num_sellers  num_items  ...  customer_lat_missing  customer_lng_missing
0          1.0        1.0  ...                     0                     0

[1 rows x 117 columns] output={'prediction': 1, 'probability': 0.5412375926971436} latency=2.738s model_version=1
2026-09-20 15:30:19,120 - INFO - Project root resolved to: D:\MlOps_tasks\task_3
2026-09-20 15:30:19,135 - INFO - Loading MLflow model from URI: models:/olist-classifier@champion
2026-09-20 15:30:19,222 - INFO - Loading pickle artifact: ..\models\transformers\imputer.pkl
2026-09-20 15:30:19,222 - INFO - Loading feature list: ..\feature_list.txt
2026-09-20 15:30:19,222 - INFO - Feature list loaded with 117 columns
2026-09-20 15:30:19,224 - ERROR - Invalid input type: expected str, got dict
2026-09-20 15:30:19,224 - ERROR - Prediction failed: Input data must be a str representing an order_id.
Traceback (most recent call last):
  File "D:\MlOps_tasks\task_3\src\pipeline.py", line 47, in predict
    raise ValueError("Input data must be a str representing an order_id.")
ValueError: Input data must be a str representing an order_id.
2026-09-20 15:30:19,743 - INFO - Creating missing value indicators for specific columns
2026-09-20 15:30:19,743 - WARNING - Missing values found in column 'avg_seller_lat'. Created indicator column 'avg_seller_lat_missing'.
2026-09-20 15:30:19,743 - WARNING - Missing values found in column 'distance_km'. Created indicator column 'distance_km_missing'.
2026-09-20 15:30:19,743 - WARNING - Missing values found in column 'max_product_length_cm'. Created indicator column 'max_product_length_cm_missing'.
2026-09-20 15:30:19,743 - WARNING - Missing values found in column 'avg_product_description_length'. Created indicator column 'avg_product_description_length_missing'.
2026-09-20 15:30:19,743 - WARNING - Missing values found in column 'num_payments'. Created indicator column 'num_payments_missing'.
2026-09-20 15:30:19,743 - WARNING - Missing values found in column 'total_payment_value'. Created indicator column 'total_payment_value_missing'.
2026-09-20 15:30:19,751 - WARNING - Missing values found in column 'customer_lat'. Created indicator column 'customer_lat_missing'.
2026-09-20 15:30:19,753 - INFO - Aligning features to match model's expected input
2026-09-20 15:30:53,176 - INFO - Adding date features
2026-09-20 15:30:53,178 - INFO - Calculating haversine distance
2026-09-20 15:30:53,185 - INFO - Calculating haversine distance
2026-09-20 15:30:53,185 - INFO - Calculating haversine distance
2026-09-20 15:30:53,188 - INFO - Project root resolved to: D:\MlOps_tasks\task_3
2026-09-20 15:30:53,226 - INFO - Loading MLflow model from URI: models:/olist-classifier@champion
2026-09-20 15:30:59,030 - INFO - Loading pickle artifact: ..\models\transformers\imputer.pkl
2026-09-20 15:30:59,031 - INFO - Loading feature list: ..\feature_list.txt
2026-09-20 15:30:59,031 - INFO - Feature list loaded with 117 columns
2026-09-20 15:30:59,031 - INFO - Prediction request Received
2026-09-20 15:30:59,032 - INFO - Preparing features for prediction
2026-09-20 15:30:59,032 - INFO - Building order features for order_id=9e6bc602a2466daa94736f31d1319c5d
2026-09-20 15:31:01,407 - INFO - Order feature creation completed for order_id=9e6bc602a2466daa94736f31d1319c5d
2026-09-20 15:31:01,468 - INFO - Dropping unused columns from the dataset
2026-09-20 15:31:01,468 - INFO - Adding date features
2026-09-20 15:31:01,468 - INFO - Calculating haversine distance
2026-09-20 15:31:01,478 - INFO - Calculating haversine distance
2026-09-20 15:31:01,478 - INFO - Creating missing value indicators for specific columns
2026-09-20 15:31:01,484 - INFO - Validating input data for required columns and non-empty DataFrame
2026-09-20 15:31:01,484 - INFO - Applying imputer to missing values
2026-09-20 15:31:01,500 - INFO - Aligning features to match model's expected input
2026-09-20 15:31:01,516 - INFO - Making predictions using the provided model
2026-09-20 15:31:01,548 - INFO - Prediction request: input=   num_sellers  num_items  ...  customer_lat_missing  customer_lng_missing
0          2.0        2.0  ...                     0                     0

[1 rows x 117 columns] output={'prediction': 0, 'probability': 0.168917715549469} latency=2.516s model_version=1
2026-09-20 15:31:01,734 - INFO - Prediction request Received
2026-09-20 15:31:01,734 - INFO - Preparing features for prediction
2026-09-20 15:31:01,734 - INFO - Building order features for order_id=8fb4e4bd46f9802e9179726dd20019a5
2026-09-20 15:31:04,087 - INFO - Order feature creation completed for order_id=8fb4e4bd46f9802e9179726dd20019a5
2026-09-20 15:31:04,150 - INFO - Dropping unused columns from the dataset
2026-09-20 15:31:04,150 - INFO - Adding date features
2026-09-20 15:31:04,150 - INFO - Calculating haversine distance
2026-09-20 15:31:04,150 - INFO - Calculating haversine distance
2026-09-20 15:31:04,150 - INFO - Creating missing value indicators for specific columns
2026-09-20 15:31:04,166 - INFO - Validating input data for required columns and non-empty DataFrame
2026-09-20 15:31:04,166 - INFO - Applying imputer to missing values
2026-09-20 15:31:04,166 - INFO - Aligning features to match model's expected input
2026-09-20 15:31:04,181 - INFO - Making predictions using the provided model
2026-09-20 15:31:04,213 - INFO - Prediction request: input=   num_sellers  num_items  ...  customer_lat_missing  customer_lng_missing
0          1.0        1.0  ...                     0                     0

[1 rows x 117 columns] output={'prediction': 0, 'probability': 0.20972174406051636} latency=2.479s model_version=1
2026-09-20 15:31:04,397 - INFO - Prediction request Received
2026-09-20 15:31:04,397 - INFO - Preparing features for prediction
2026-09-20 15:31:04,397 - INFO - Building order features for order_id=88a78af246c6c2db88e72b384796c98c
2026-09-20 15:31:06,832 - INFO - Order feature creation completed for order_id=88a78af246c6c2db88e72b384796c98c
2026-09-20 15:31:06,879 - INFO - Dropping unused columns from the dataset
2026-09-20 15:31:06,886 - INFO - Adding date features
2026-09-20 15:31:06,886 - INFO - Calculating haversine distance
2026-09-20 15:31:06,886 - INFO - Calculating haversine distance
2026-09-20 15:31:06,886 - INFO - Creating missing value indicators for specific columns
2026-09-20 15:31:06,895 - INFO - Validating input data for required columns and non-empty DataFrame
2026-09-20 15:31:06,895 - INFO - Applying imputer to missing values
2026-09-20 15:31:06,895 - INFO - Aligning features to match model's expected input
2026-09-20 15:31:06,926 - INFO - Making predictions using the provided model
2026-09-20 15:31:06,948 - INFO - Prediction request: input=   num_sellers  num_items  ...  customer_lat_missing  customer_lng_missing
0          1.0        1.0  ...                     0                     0

[1 rows x 117 columns] output={'prediction': 0, 'probability': 0.246858149766922} latency=2.551s model_version=1
2026-09-20 15:31:07,140 - INFO - Prediction request Received
2026-09-20 15:31:07,140 - INFO - Preparing features for prediction
2026-09-20 15:31:07,140 - INFO - Building order features for order_id=d7c663de1470a2d3671791d3f093991c
2026-09-20 15:31:09,510 - INFO - Order feature creation completed for order_id=d7c663de1470a2d3671791d3f093991c
2026-09-20 15:31:09,558 - INFO - Dropping unused columns from the dataset
2026-09-20 15:31:09,558 - INFO - Adding date features
2026-09-20 15:31:09,558 - INFO - Calculating haversine distance
2026-09-20 15:31:09,558 - INFO - Calculating haversine distance
2026-09-20 15:31:09,558 - INFO - Creating missing value indicators for specific columns
2026-09-20 15:31:09,573 - INFO - Validating input data for required columns and non-empty DataFrame
2026-09-20 15:31:09,573 - INFO - Applying imputer to missing values
2026-09-20 15:31:09,573 - INFO - Aligning features to match model's expected input
2026-09-20 15:31:09,589 - INFO - Making predictions using the provided model
2026-09-20 15:31:09,627 - INFO - Prediction request: input=   num_sellers  num_items  ...  customer_lat_missing  customer_lng_missing
0          1.0        1.0  ...                     0                     0

[1 rows x 117 columns] output={'prediction': 0, 'probability': 0.17072728276252747} latency=2.487s model_version=1
2026-09-20 15:31:09,819 - INFO - Prediction request Received
2026-09-20 15:31:09,819 - INFO - Preparing features for prediction
2026-09-20 15:31:09,819 - INFO - Building order features for order_id=c0e57db4a4a6ef32aa28911d1c07df81
2026-09-20 15:31:12,297 - INFO - Order feature creation completed for order_id=c0e57db4a4a6ef32aa28911d1c07df81
2026-09-20 15:31:12,357 - INFO - Dropping unused columns from the dataset
2026-09-20 15:31:12,357 - INFO - Adding date features
2026-09-20 15:31:12,357 - INFO - Calculating haversine distance
2026-09-20 15:31:12,357 - INFO - Calculating haversine distance
2026-09-20 15:31:12,357 - INFO - Creating missing value indicators for specific columns
2026-09-20 15:31:12,373 - INFO - Validating input data for required columns and non-empty DataFrame
2026-09-20 15:31:12,373 - INFO - Applying imputer to missing values
2026-09-20 15:31:12,373 - INFO - Aligning features to match model's expected input
2026-09-20 15:31:12,389 - INFO - Making predictions using the provided model
2026-09-20 15:31:12,420 - INFO - Prediction request: input=   num_sellers  num_items  ...  customer_lat_missing  customer_lng_missing
0          1.0        1.0  ...                     0                     0

[1 rows x 117 columns] output={'prediction': 0, 'probability': 0.17624437808990479} latency=2.601s model_version=1
2026-09-20 15:31:12,610 - INFO - Prediction request Received
2026-09-20 15:31:12,610 - INFO - Preparing features for prediction
2026-09-20 15:31:12,610 - INFO - Building order features for order_id=e4309eeca1cfe3c6df5a187c38817a5c
2026-09-20 15:31:15,236 - INFO - Order feature creation completed for order_id=e4309eeca1cfe3c6df5a187c38817a5c
2026-09-20 15:31:15,303 - INFO - Dropping unused columns from the dataset
2026-09-20 15:31:15,303 - INFO - Adding date features
2026-09-20 15:31:15,310 - INFO - Calculating haversine distance
2026-09-20 15:31:15,311 - INFO - Calculating haversine distance
2026-09-20 15:31:15,311 - INFO - Creating missing value indicators for specific columns
2026-09-20 15:31:15,320 - INFO - Validating input data for required columns and non-empty DataFrame
2026-09-20 15:31:15,320 - INFO - Applying imputer to missing values
2026-09-20 15:31:15,320 - INFO - Aligning features to match model's expected input
2026-09-20 15:31:15,349 - INFO - Making predictions using the provided model
2026-09-20 15:31:15,374 - INFO - Prediction request: input=   num_sellers  num_items  ...  customer_lat_missing  customer_lng_missing
0          1.0        1.0  ...                     0                     0

[1 rows x 117 columns] output={'prediction': 1, 'probability': 0.5412375926971436} latency=2.764s model_version=1
2026-09-20 15:31:15,576 - INFO - Project root resolved to: D:\MlOps_tasks\task_3
2026-09-20 15:31:15,576 - INFO - Loading MLflow model from URI: models:/olist-classifier@champion
2026-09-20 15:31:15,672 - INFO - Loading pickle artifact: ..\models\transformers\imputer.pkl
2026-09-20 15:31:15,672 - INFO - Loading feature list: ..\feature_list.txt
2026-09-20 15:31:15,674 - INFO - Feature list loaded with 117 columns
2026-09-20 15:31:15,674 - INFO - Prediction request Received
2026-09-20 15:31:15,674 - INFO - Preparing features for prediction
2026-09-20 15:31:15,674 - INFO - Building order features for order_id=test-order-001
2026-09-20 15:31:18,611 - INFO - Order feature creation completed for order_id=test-order-001
2026-09-20 15:31:18,666 - INFO - Dropping unused columns from the dataset
2026-09-20 15:31:18,669 - INFO - Adding date features
2026-09-20 15:31:18,671 - INFO - Calculating haversine distance
2026-09-20 15:31:18,671 - INFO - Calculating haversine distance
2026-09-20 15:31:18,673 - INFO - Creating missing value indicators for specific columns
2026-09-20 15:31:18,680 - INFO - Validating input data for required columns and non-empty DataFrame
2026-09-20 15:31:18,681 - ERROR - ERROR IS:  Input data cannot be empty
Traceback (most recent call last):
  File "D:\MlOps_tasks\task_3\src\validation.py", line 27, in validate_input
    raise ValueError("Input data cannot be empty")
ValueError: Input data cannot be empty
2026-09-20 15:31:18,682 - ERROR - Prediction failed: Input data cannot be empty
Traceback (most recent call last):
  File "D:\MlOps_tasks\task_3\src\pipeline.py", line 52, in predict
    features = self.prepare_features(order_id)
               ^^^^^^^^^^^^^^^^^^^^^^^^^^^^^^^
  File "D:\MlOps_tasks\task_3\src\pipeline.py", line 37, in prepare_features
    validate_input(data)
  File "D:\MlOps_tasks\task_3\src\validation.py", line 27, in validate_input
    raise ValueError("Input data cannot be empty")
ValueError: Input data cannot be empty
2026-09-20 15:31:19,184 - INFO - Creating missing value indicators for specific columns
2026-09-20 15:31:19,185 - WARNING - Missing values found in column 'avg_seller_lat'. Created indicator column 'avg_seller_lat_missing'.
2026-09-20 15:31:19,186 - WARNING - Missing values found in column 'distance_km'. Created indicator column 'distance_km_missing'.
2026-09-20 15:31:19,186 - WARNING - Missing values found in column 'max_product_length_cm'. Created indicator column 'max_product_length_cm_missing'.
2026-09-20 15:31:19,188 - WARNING - Missing values found in column 'avg_product_description_length'. Created indicator column 'avg_product_description_length_missing'.
2026-09-20 15:31:19,188 - WARNING - Missing values found in column 'num_payments'. Created indicator column 'num_payments_missing'.
2026-09-20 15:31:19,189 - WARNING - Missing values found in column 'total_payment_value'. Created indicator column 'total_payment_value_missing'.
2026-09-20 15:31:19,191 - WARNING - Missing values found in column 'customer_lat'. Created indicator column 'customer_lat_missing'.
2026-09-20 15:31:19,194 - INFO - Aligning features to match model's expected input
2026-09-20 15:34:06,247 - INFO - Project root resolved to: D:\MlOps_tasks\task_3
2026-09-20 15:34:06,247 - INFO - Loading MLflow model from URI: models:/olist-classifier@champion
2026-09-20 15:34:07,795 - ERROR - Failed to load MLflow model from URI: models:/olist-classifier@champion
Traceback (most recent call last):
  File "D:\MlOps_tasks\task_3\src\data_access.py", line 22, in load_model
    return mlflow.pyfunc.load_model(uri)
           ^^^^^^^^^^^^^^^^^^^^^^^^^^^^^
  File "C:\Users\acer\AppData\Local\Programs\Python\Python312\Lib\site-packages\mlflow\tracing\provider.py", line 1056, in wrapper
    return f(*args, **kwargs)
           ^^^^^^^^^^^^^^^^^^
  File "C:\Users\acer\AppData\Local\Programs\Python\Python312\Lib\site-packages\mlflow\pyfunc\__init__.py", line 1132, in load_model
    local_path = _download_artifact_from_uri(
                 ^^^^^^^^^^^^^^^^^^^^^^^^^^^^
  File "C:\Users\acer\AppData\Local\Programs\Python\Python312\Lib\site-packages\mlflow\tracking\artifact_utils.py", line 117, in _download_artifact_from_uri
    repo = get_artifact_repository(
           ^^^^^^^^^^^^^^^^^^^^^^^^
  File "C:\Users\acer\AppData\Local\Programs\Python\Python312\Lib\site-packages\mlflow\store\artifact\artifact_repository_registry.py", line 158, in get_artifact_repository
    return _artifact_repository_registry.get_artifact_repository(
           ^^^^^^^^^^^^^^^^^^^^^^^^^^^^^^^^^^^^^^^^^^^^^^^^^^^^^^
  File "C:\Users\acer\AppData\Local\Programs\Python\Python312\Lib\site-packages\mlflow\store\artifact\artifact_repository_registry.py", line 85, in get_artifact_repository
    repository_instance = repository(
                          ^^^^^^^^^^^
  File "C:\Users\acer\AppData\Local\Programs\Python\Python312\Lib\site-packages\mlflow\store\artifact\models_artifact_repo.py", line 83, in __init__
    ) = ModelsArtifactRepository._get_model_uri_infos(artifact_uri)
        ^^^^^^^^^^^^^^^^^^^^^^^^^^^^^^^^^^^^^^^^^^^^^^^^^^^^^^^^^^^
  File "C:\Users\acer\AppData\Local\Programs\Python\Python312\Lib\site-packages\mlflow\store\artifact\models_artifact_repo.py", line 136, in _get_model_uri_infos
    name_and_version_or_id = get_model_name_and_version(client, uri)
                             ^^^^^^^^^^^^^^^^^^^^^^^^^^^^^^^^^^^^^^^
  File "C:\Users\acer\AppData\Local\Programs\Python\Python312\Lib\site-packages\mlflow\store\artifact\utils\models.py", line 150, in get_model_name_and_version
    mv = client.get_model_version_by_alias(model_name, model_alias)
         ^^^^^^^^^^^^^^^^^^^^^^^^^^^^^^^^^^^^^^^^^^^^^^^^^^^^^^^^^^
  File "C:\Users\acer\AppData\Local\Programs\Python\Python312\Lib\site-packages\mlflow\tracking\_model_registry\client.py", line 475, in get_model_version_by_alias
    return self.store.get_model_version_by_alias(name, alias)
           ^^^^^^^^^^^^^^^^^^^^^^^^^^^^^^^^^^^^^^^^^^^^^^^^^^
  File "C:\Users\acer\AppData\Local\Programs\Python\Python312\Lib\site-packages\mlflow\store\model_registry\sqlalchemy_store.py", line 1581, in get_model_version_by_alias
    self._get_registered_model(session, name)
  File "C:\Users\acer\AppData\Local\Programs\Python\Python312\Lib\site-packages\mlflow\store\model_registry\sqlalchemy_store.py", line 440, in _get_registered_model
    raise MlflowException(
mlflow.exceptions.MlflowException: Registered Model with name=olist-classifier not found
2026-09-20 15:35:35,485 - INFO - Project root resolved to: D:\MlOps_tasks\task_3
2026-09-20 15:35:35,488 - INFO - Loading MLflow model from URI: models:/olist-classifier@champion
2026-09-20 15:35:41,076 - INFO - Loading pickle artifact: ..\models\transformers\imputer.pkl
2026-09-20 15:35:41,078 - ERROR - Failed to load pickle artifact: ..\models\transformers\imputer.pkl
Traceback (most recent call last):
  File "D:\MlOps_tasks\task_3\src\data_access.py", line 30, in load_pickle
    return joblib.load(path)
           ^^^^^^^^^^^^^^^^^
  File "C:\Users\acer\AppData\Local\Programs\Python\Python312\Lib\site-packages\joblib\numpy_pickle.py", line 650, in load
    with open(filename, 'rb') as f:
         ^^^^^^^^^^^^^^^^^^^^
FileNotFoundError: [Errno 2] No such file or directory: '..\\models\\transformers\\imputer.pkl'
2026-09-20 15:37:38,096 - INFO - Project root resolved to: D:\MlOps_tasks\task_3
2026-09-20 15:37:38,139 - INFO - Loading MLflow model from URI: models:/olist-classifier@champion
2026-09-20 15:37:43,676 - INFO - Loading pickle artifact: ..\models\transformers\imputer.pkl
2026-09-20 15:37:43,676 - INFO - Loading feature list: ..\feature_list.txt
2026-09-20 15:37:43,676 - INFO - Feature list loaded with 117 columns
2026-09-20 15:37:43,676 - INFO - Prediction request Received
2026-09-20 15:37:43,676 - INFO - Preparing features for prediction
2026-09-20 15:37:43,676 - INFO - Building order features for order_id=9e6bc602a2466daa94736f31d1319c5d
2026-09-20 15:37:46,038 - INFO - Order feature creation completed for order_id=9e6bc602a2466daa94736f31d1319c5d
2026-09-20 15:37:46,085 - INFO - Dropping unused columns from the dataset
2026-09-20 15:37:46,101 - INFO - Adding date features
2026-09-20 15:37:46,101 - INFO - Calculating haversine distance
2026-09-20 15:37:46,101 - INFO - Calculating haversine distance
2026-09-20 15:37:46,101 - INFO - Creating missing value indicators for specific columns
2026-09-20 15:37:46,101 - INFO - Validating input data for required columns and non-empty DataFrame
2026-09-20 15:37:46,101 - INFO - Applying imputer to missing values
2026-09-20 15:37:46,117 - INFO - Aligning features to match model's expected input
2026-09-20 15:37:46,180 - INFO - Making predictions using the provided model
2026-09-20 15:37:46,211 - INFO - Prediction request: input=   num_sellers  num_items  ...  customer_lat_missing  customer_lng_missing
0          2.0        2.0  ...                     0                     0

[1 rows x 117 columns] output={'prediction': 0, 'probability': 0.168917715549469} latency=2.535s model_version=1
2026-09-20 15:37:46,396 - INFO - Prediction request Received
2026-09-20 15:37:46,396 - INFO - Preparing features for prediction
2026-09-20 15:37:46,396 - INFO - Building order features for order_id=8fb4e4bd46f9802e9179726dd20019a5
2026-09-20 15:37:48,765 - INFO - Order feature creation completed for order_id=8fb4e4bd46f9802e9179726dd20019a5
2026-09-20 15:37:48,813 - INFO - Dropping unused columns from the dataset
2026-09-20 15:37:48,829 - INFO - Adding date features
2026-09-20 15:37:48,829 - INFO - Calculating haversine distance
2026-09-20 15:37:48,829 - INFO - Calculating haversine distance
2026-09-20 15:37:48,829 - INFO - Creating missing value indicators for specific columns
2026-09-20 15:37:48,829 - INFO - Validating input data for required columns and non-empty DataFrame
2026-09-20 15:37:48,829 - INFO - Applying imputer to missing values
2026-09-20 15:37:48,829 - INFO - Aligning features to match model's expected input
2026-09-20 15:37:48,892 - INFO - Making predictions using the provided model
2026-09-20 15:37:48,926 - INFO - Prediction request: input=   num_sellers  num_items  ...  customer_lat_missing  customer_lng_missing
0          1.0        1.0  ...                     0                     0

[1 rows x 117 columns] output={'prediction': 0, 'probability': 0.20972174406051636} latency=2.530s model_version=1
2026-09-20 15:37:49,123 - INFO - Prediction request Received
2026-09-20 15:37:49,123 - INFO - Preparing features for prediction
2026-09-20 15:37:49,123 - INFO - Building order features for order_id=88a78af246c6c2db88e72b384796c98c
2026-09-20 15:37:51,510 - INFO - Order feature creation completed for order_id=88a78af246c6c2db88e72b384796c98c
2026-09-20 15:37:51,558 - INFO - Dropping unused columns from the dataset
2026-09-20 15:37:51,576 - INFO - Adding date features
2026-09-20 15:37:51,578 - INFO - Calculating haversine distance
2026-09-20 15:37:51,578 - INFO - Calculating haversine distance
2026-09-20 15:37:51,578 - INFO - Creating missing value indicators for specific columns
2026-09-20 15:37:51,578 - INFO - Validating input data for required columns and non-empty DataFrame
2026-09-20 15:37:51,578 - INFO - Applying imputer to missing values
2026-09-20 15:37:51,590 - INFO - Aligning features to match model's expected input
2026-09-20 15:37:51,656 - INFO - Making predictions using the provided model
2026-09-20 15:37:51,678 - INFO - Prediction request: input=   num_sellers  num_items  ...  customer_lat_missing  customer_lng_missing
0          1.0        1.0  ...                     0                     0

[1 rows x 117 columns] output={'prediction': 0, 'probability': 0.246858149766922} latency=2.555s model_version=1
2026-09-20 15:37:51,871 - INFO - Prediction request Received
2026-09-20 15:37:51,871 - INFO - Preparing features for prediction
2026-09-20 15:37:51,871 - INFO - Building order features for order_id=d7c663de1470a2d3671791d3f093991c
2026-09-20 15:37:54,340 - INFO - Order feature creation completed for order_id=d7c663de1470a2d3671791d3f093991c
2026-09-20 15:37:54,388 - INFO - Dropping unused columns from the dataset
2026-09-20 15:37:54,388 - INFO - Adding date features
2026-09-20 15:37:54,388 - INFO - Calculating haversine distance
2026-09-20 15:37:54,388 - INFO - Calculating haversine distance
2026-09-20 15:37:54,388 - INFO - Creating missing value indicators for specific columns
2026-09-20 15:37:54,404 - INFO - Validating input data for required columns and non-empty DataFrame
2026-09-20 15:37:54,404 - INFO - Applying imputer to missing values
2026-09-20 15:37:54,404 - INFO - Aligning features to match model's expected input
2026-09-20 15:37:54,465 - INFO - Making predictions using the provided model
2026-09-20 15:37:54,489 - INFO - Prediction request: input=   num_sellers  num_items  ...  customer_lat_missing  customer_lng_missing
0          1.0        1.0  ...                     0                     0

[1 rows x 117 columns] output={'prediction': 0, 'probability': 0.17072728276252747} latency=2.618s model_version=1
2026-09-20 15:37:54,676 - INFO - Prediction request Received
2026-09-20 15:37:54,676 - INFO - Preparing features for prediction
2026-09-20 15:37:54,676 - INFO - Building order features for order_id=c0e57db4a4a6ef32aa28911d1c07df81
2026-09-20 15:37:57,131 - INFO - Order feature creation completed for order_id=c0e57db4a4a6ef32aa28911d1c07df81
2026-09-20 15:37:57,179 - INFO - Dropping unused columns from the dataset
2026-09-20 15:37:57,179 - INFO - Adding date features
2026-09-20 15:37:57,179 - INFO - Calculating haversine distance
2026-09-20 15:37:57,179 - INFO - Calculating haversine distance
2026-09-20 15:37:57,195 - INFO - Creating missing value indicators for specific columns
2026-09-20 15:37:57,195 - INFO - Validating input data for required columns and non-empty DataFrame
2026-09-20 15:37:57,195 - INFO - Applying imputer to missing values
2026-09-20 15:37:57,195 - INFO - Aligning features to match model's expected input
2026-09-20 15:37:57,262 - INFO - Making predictions using the provided model
2026-09-20 15:37:57,284 - INFO - Prediction request: input=   num_sellers  num_items  ...  customer_lat_missing  customer_lng_missing
0          1.0        1.0  ...                     0                     0

[1 rows x 117 columns] output={'prediction': 0, 'probability': 0.17624437808990479} latency=2.608s model_version=1
2026-09-20 15:37:57,481 - INFO - Prediction request Received
2026-09-20 15:37:57,481 - INFO - Preparing features for prediction
2026-09-20 15:37:57,481 - INFO - Building order features for order_id=e4309eeca1cfe3c6df5a187c38817a5c
2026-09-20 15:37:59,898 - INFO - Order feature creation completed for order_id=e4309eeca1cfe3c6df5a187c38817a5c
2026-09-20 15:37:59,950 - INFO - Dropping unused columns from the dataset
2026-09-20 15:37:59,952 - INFO - Adding date features
2026-09-20 15:37:59,954 - INFO - Calculating haversine distance
2026-09-20 15:37:59,954 - INFO - Calculating haversine distance
2026-09-20 15:37:59,956 - INFO - Creating missing value indicators for specific columns
2026-09-20 15:37:59,964 - INFO - Validating input data for required columns and non-empty DataFrame
2026-09-20 15:37:59,964 - INFO - Applying imputer to missing values
2026-09-20 15:37:59,966 - INFO - Aligning features to match model's expected input
2026-09-20 15:38:00,025 - INFO - Making predictions using the provided model
2026-09-20 15:38:00,049 - INFO - Prediction request: input=   num_sellers  num_items  ...  customer_lat_missing  customer_lng_missing
0          1.0        1.0  ...                     0                     0

[1 rows x 117 columns] output={'prediction': 1, 'probability': 0.5412375926971436} latency=2.568s model_version=1
2026-09-20 15:38:41,346 - INFO - Project root resolved to: D:\MlOps_tasks\task_3
2026-09-20 15:38:41,346 - INFO - Loading MLflow model from URI: models:/olist-classifier@champion
2026-09-20 15:38:46,989 - INFO - Loading pickle artifact: ..\models\transformers\imputer.pkl
2026-09-20 15:38:46,989 - ERROR - Failed to load pickle artifact: ..\models\transformers\imputer.pkl
Traceback (most recent call last):
  File "D:\MlOps_tasks\task_3\src\data_access.py", line 30, in load_pickle
    return joblib.load(path)
           ^^^^^^^^^^^^^^^^^
  File "C:\Users\acer\AppData\Local\Programs\Python\Python312\Lib\site-packages\joblib\numpy_pickle.py", line 650, in load
    with open(filename, 'rb') as f:
         ^^^^^^^^^^^^^^^^^^^^
FileNotFoundError: [Errno 2] No such file or directory: '..\\models\\transformers\\imputer.pkl'
2026-09-20 15:40:17,672 - INFO - Project root resolved to: D:\MlOps_tasks\task_3
2026-09-20 15:40:17,672 - INFO - Loading MLflow model from URI: models:/olist-classifier@champion
2026-09-20 15:40:23,406 - INFO - Loading pickle artifact: ..\models\transformers\imputer.pkl
2026-09-20 15:40:23,408 - INFO - Loading feature list: ..\feature_list.txt
2026-09-20 15:40:23,408 - INFO - Feature list loaded with 117 columns
2026-09-20 15:40:23,408 - INFO - Prediction request Received
2026-09-20 15:40:23,408 - INFO - Preparing features for prediction
2026-09-20 15:40:23,408 - INFO - Building order features for order_id=test-order-001
2026-09-20 15:40:25,847 - INFO - Order feature creation completed for order_id=test-order-001
2026-09-20 15:40:25,906 - INFO - Dropping unused columns from the dataset
2026-09-20 15:40:25,909 - INFO - Adding date features
2026-09-20 15:40:25,911 - INFO - Calculating haversine distance
2026-09-20 15:40:25,911 - INFO - Calculating haversine distance
2026-09-20 15:40:25,913 - INFO - Creating missing value indicators for specific columns
2026-09-20 15:40:25,919 - INFO - Validating input data for required columns and non-empty DataFrame
2026-09-20 15:40:25,919 - ERROR - ERROR IS:  Input data cannot be empty
Traceback (most recent call last):
  File "D:\MlOps_tasks\task_3\src\validation.py", line 27, in validate_input
    raise ValueError("Input data cannot be empty")
ValueError: Input data cannot be empty
2026-09-20 15:40:25,922 - ERROR - Prediction failed: Input data cannot be empty
Traceback (most recent call last):
  File "D:\MlOps_tasks\task_3\src\pipeline.py", line 52, in predict
    features = self.prepare_features(order_id)
               ^^^^^^^^^^^^^^^^^^^^^^^^^^^^^^^
  File "D:\MlOps_tasks\task_3\src\pipeline.py", line 37, in prepare_features
    validate_input(data)
  File "D:\MlOps_tasks\task_3\src\validation.py", line 27, in validate_input
    raise ValueError("Input data cannot be empty")
ValueError: Input data cannot be empty
2026-09-20 15:41:38,245 - INFO - Project root resolved to: D:\MlOps_tasks\task_3
2026-09-20 15:41:38,248 - INFO - Loading MLflow model from URI: models:/olist-classifier@champion
2026-09-20 15:41:43,919 - INFO - Loading pickle artifact: ..\models\transformers\imputer.pkl
2026-09-20 15:41:43,921 - INFO - Loading feature list: ..\feature_list.txt
2026-09-20 15:41:43,921 - INFO - Feature list loaded with 117 columns
2026-09-20 15:41:43,921 - INFO - Prediction request Received
2026-09-20 15:41:43,921 - INFO - Preparing features for prediction
2026-09-20 15:41:43,921 - INFO - Building order features for order_id=test-order-001
2026-09-20 15:41:46,318 - INFO - Order feature creation completed for order_id=test-order-001
2026-09-20 15:41:46,366 - INFO - Dropping unused columns from the dataset
2026-09-20 15:41:46,366 - INFO - Adding date features
2026-09-20 15:41:46,382 - INFO - Calculating haversine distance
2026-09-20 15:41:46,382 - INFO - Calculating haversine distance
2026-09-20 15:41:46,384 - INFO - Creating missing value indicators for specific columns
2026-09-20 15:41:46,384 - INFO - Applying imputer to missing values
2026-09-20 15:41:46,400 - ERROR - Failed to apply imputer to missing values: Found array with 0 sample(s) (shape=(0, 20)) while a minimum of 1 is required by SimpleImputer.
Traceback (most recent call last):
  File "D:\MlOps_tasks\task_3\src\preprocessing.py", line 22, in apply_imputer
    data[all_missing_cols] = imputer.transform(data[all_missing_cols])
                             ^^^^^^^^^^^^^^^^^^^^^^^^^^^^^^^^^^^^^^^^^
  File "C:\Users\acer\AppData\Local\Programs\Python\Python312\Lib\site-packages\sklearn\utils\_set_output.py", line 319, in wrapped
    data_to_wrap = f(self, X, *args, **kwargs)
                   ^^^^^^^^^^^^^^^^^^^^^^^^^^^
  File "C:\Users\acer\AppData\Local\Programs\Python\Python312\Lib\site-packages\sklearn\impute\_base.py", line 617, in transform
    X = self._validate_input(X, in_fit=False)
        ^^^^^^^^^^^^^^^^^^^^^^^^^^^^^^^^^^^^^
  File "C:\Users\acer\AppData\Local\Programs\Python\Python312\Lib\site-packages\sklearn\impute\_base.py", line 375, in _validate_input
    raise ve
  File "C:\Users\acer\AppData\Local\Programs\Python\Python312\Lib\site-packages\sklearn\impute\_base.py", line 356, in _validate_input
    X = validate_data(
        ^^^^^^^^^^^^^^
  File "C:\Users\acer\AppData\Local\Programs\Python\Python312\Lib\site-packages\sklearn\utils\validation.py", line 3038, in validate_data
    out = check_array(X, input_name="X", **check_params)
          ^^^^^^^^^^^^^^^^^^^^^^^^^^^^^^^^^^^^^^^^^^^^^^
  File "C:\Users\acer\AppData\Local\Programs\Python\Python312\Lib\site-packages\sklearn\utils\validation.py", line 1110, in check_array
    raise ValueError(
ValueError: Found array with 0 sample(s) (shape=(0, 20)) while a minimum of 1 is required by SimpleImputer.
2026-09-20 15:41:46,416 - ERROR - Prediction failed: Found array with 0 sample(s) (shape=(0, 20)) while a minimum of 1 is required by SimpleImputer.
Traceback (most recent call last):
  File "D:\MlOps_tasks\task_3\src\pipeline.py", line 51, in predict
    features = self.prepare_features(order_id)
               ^^^^^^^^^^^^^^^^^^^^^^^^^^^^^^^
  File "D:\MlOps_tasks\task_3\src\pipeline.py", line 36, in prepare_features
    data = apply_imputer(data,self.imputer)
           ^^^^^^^^^^^^^^^^^^^^^^^^^^^^^^^^
  File "D:\MlOps_tasks\task_3\src\preprocessing.py", line 22, in apply_imputer
    data[all_missing_cols] = imputer.transform(data[all_missing_cols])
                             ^^^^^^^^^^^^^^^^^^^^^^^^^^^^^^^^^^^^^^^^^
  File "C:\Users\acer\AppData\Local\Programs\Python\Python312\Lib\site-packages\sklearn\utils\_set_output.py", line 319, in wrapped
    data_to_wrap = f(self, X, *args, **kwargs)
                   ^^^^^^^^^^^^^^^^^^^^^^^^^^^
  File "C:\Users\acer\AppData\Local\Programs\Python\Python312\Lib\site-packages\sklearn\impute\_base.py", line 617, in transform
    X = self._validate_input(X, in_fit=False)
        ^^^^^^^^^^^^^^^^^^^^^^^^^^^^^^^^^^^^^
  File "C:\Users\acer\AppData\Local\Programs\Python\Python312\Lib\site-packages\sklearn\impute\_base.py", line 375, in _validate_input
    raise ve
  File "C:\Users\acer\AppData\Local\Programs\Python\Python312\Lib\site-packages\sklearn\impute\_base.py", line 356, in _validate_input
    X = validate_data(
        ^^^^^^^^^^^^^^
  File "C:\Users\acer\AppData\Local\Programs\Python\Python312\Lib\site-packages\sklearn\utils\validation.py", line 3038, in validate_data
    out = check_array(X, input_name="X", **check_params)
          ^^^^^^^^^^^^^^^^^^^^^^^^^^^^^^^^^^^^^^^^^^^^^^
  File "C:\Users\acer\AppData\Local\Programs\Python\Python312\Lib\site-packages\sklearn\utils\validation.py", line 1110, in check_array
    raise ValueError(
ValueError: Found array with 0 sample(s) (shape=(0, 20)) while a minimum of 1 is required by SimpleImputer.
2026-09-20 15:44:07,845 - INFO - Project root resolved to: D:\MlOps_tasks\task_3
2026-09-20 15:44:07,848 - INFO - Loading MLflow model from URI: models:/olist-classifier@champion
2026-09-20 15:44:13,727 - INFO - Loading pickle artifact: ..\models\transformers\imputer.pkl
2026-09-20 15:44:13,729 - INFO - Loading feature list: ..\feature_list.txt
2026-09-20 15:44:13,729 - INFO - Feature list loaded with 117 columns
2026-09-20 15:44:13,729 - INFO - Prediction request Received
2026-09-20 15:44:13,729 - INFO - Preparing features for prediction
2026-09-20 15:44:13,729 - INFO - Building order features for order_id=test-order-001
2026-09-20 15:44:16,019 - INFO - Order feature creation completed for order_id=test-order-001
2026-09-20 15:44:16,089 - INFO - Dropping unused columns from the dataset
2026-09-20 15:44:16,091 - INFO - Adding date features
2026-09-20 15:44:16,093 - INFO - Calculating haversine distance
2026-09-20 15:44:16,095 - INFO - Calculating haversine distance
2026-09-20 15:44:16,095 - INFO - Creating missing value indicators for specific columns
2026-09-20 15:44:16,099 - INFO - Applying imputer to missing values
2026-09-20 15:44:16,115 - ERROR - Failed to apply imputer to missing values: Found array with 0 sample(s) (shape=(0, 20)) while a minimum of 1 is required by SimpleImputer.
Traceback (most recent call last):
  File "D:\MlOps_tasks\task_3\src\preprocessing.py", line 22, in apply_imputer
    data[all_missing_cols] = imputer.transform(data[all_missing_cols])
                             ^^^^^^^^^^^^^^^^^^^^^^^^^^^^^^^^^^^^^^^^^
  File "C:\Users\acer\AppData\Local\Programs\Python\Python312\Lib\site-packages\sklearn\utils\_set_output.py", line 319, in wrapped
    data_to_wrap = f(self, X, *args, **kwargs)
                   ^^^^^^^^^^^^^^^^^^^^^^^^^^^
  File "C:\Users\acer\AppData\Local\Programs\Python\Python312\Lib\site-packages\sklearn\impute\_base.py", line 617, in transform
    X = self._validate_input(X, in_fit=False)
        ^^^^^^^^^^^^^^^^^^^^^^^^^^^^^^^^^^^^^
  File "C:\Users\acer\AppData\Local\Programs\Python\Python312\Lib\site-packages\sklearn\impute\_base.py", line 375, in _validate_input
    raise ve
  File "C:\Users\acer\AppData\Local\Programs\Python\Python312\Lib\site-packages\sklearn\impute\_base.py", line 356, in _validate_input
    X = validate_data(
        ^^^^^^^^^^^^^^
  File "C:\Users\acer\AppData\Local\Programs\Python\Python312\Lib\site-packages\sklearn\utils\validation.py", line 3038, in validate_data
    out = check_array(X, input_name="X", **check_params)
          ^^^^^^^^^^^^^^^^^^^^^^^^^^^^^^^^^^^^^^^^^^^^^^
  File "C:\Users\acer\AppData\Local\Programs\Python\Python312\Lib\site-packages\sklearn\utils\validation.py", line 1110, in check_array
    raise ValueError(
ValueError: Found array with 0 sample(s) (shape=(0, 20)) while a minimum of 1 is required by SimpleImputer.
2026-09-20 15:44:16,115 - ERROR - Prediction failed: Found array with 0 sample(s) (shape=(0, 20)) while a minimum of 1 is required by SimpleImputer.
Traceback (most recent call last):
  File "D:\MlOps_tasks\task_3\src\pipeline.py", line 51, in predict
    features = self.prepare_features(order_id)
               ^^^^^^^^^^^^^^^^^^^^^^^^^^^^^^^
  File "D:\MlOps_tasks\task_3\src\pipeline.py", line 36, in prepare_features
    data = apply_imputer(data,self.imputer)
           ^^^^^^^^^^^^^^^^^^^^^^^^^^^^^^^^
  File "D:\MlOps_tasks\task_3\src\preprocessing.py", line 22, in apply_imputer
    data[all_missing_cols] = imputer.transform(data[all_missing_cols])
                             ^^^^^^^^^^^^^^^^^^^^^^^^^^^^^^^^^^^^^^^^^
  File "C:\Users\acer\AppData\Local\Programs\Python\Python312\Lib\site-packages\sklearn\utils\_set_output.py", line 319, in wrapped
    data_to_wrap = f(self, X, *args, **kwargs)
                   ^^^^^^^^^^^^^^^^^^^^^^^^^^^
  File "C:\Users\acer\AppData\Local\Programs\Python\Python312\Lib\site-packages\sklearn\impute\_base.py", line 617, in transform
    X = self._validate_input(X, in_fit=False)
        ^^^^^^^^^^^^^^^^^^^^^^^^^^^^^^^^^^^^^
  File "C:\Users\acer\AppData\Local\Programs\Python\Python312\Lib\site-packages\sklearn\impute\_base.py", line 375, in _validate_input
    raise ve
  File "C:\Users\acer\AppData\Local\Programs\Python\Python312\Lib\site-packages\sklearn\impute\_base.py", line 356, in _validate_input
    X = validate_data(
        ^^^^^^^^^^^^^^
  File "C:\Users\acer\AppData\Local\Programs\Python\Python312\Lib\site-packages\sklearn\utils\validation.py", line 3038, in validate_data
    out = check_array(X, input_name="X", **check_params)
          ^^^^^^^^^^^^^^^^^^^^^^^^^^^^^^^^^^^^^^^^^^^^^^
  File "C:\Users\acer\AppData\Local\Programs\Python\Python312\Lib\site-packages\sklearn\utils\validation.py", line 1110, in check_array
    raise ValueError(
ValueError: Found array with 0 sample(s) (shape=(0, 20)) while a minimum of 1 is required by SimpleImputer.
2026-09-20 15:45:51,454 - INFO - Project root resolved to: D:\MlOps_tasks\task_3
2026-09-20 15:45:51,454 - INFO - Loading MLflow model from URI: models:/olist-classifier@champion
2026-09-20 15:45:57,108 - INFO - Loading pickle artifact: ..\models\transformers\imputer.pkl
2026-09-20 15:45:57,108 - INFO - Loading feature list: ..\feature_list.txt
2026-09-20 15:45:57,110 - INFO - Feature list loaded with 117 columns
2026-09-20 15:45:57,110 - INFO - Prediction request Received
2026-09-20 15:45:57,110 - INFO - Preparing features for prediction
2026-09-20 15:45:57,110 - INFO - Building order features for order_id=test-order-001
2026-09-20 15:45:59,518 - INFO - Order feature creation completed for order_id=test-order-001
2026-09-20 15:45:59,581 - INFO - Dropping unused columns from the dataset
2026-09-20 15:45:59,581 - INFO - Adding date features
2026-09-20 15:45:59,581 - INFO - Calculating haversine distance
2026-09-20 15:45:59,581 - INFO - Calculating haversine distance
2026-09-20 15:45:59,581 - INFO - Creating missing value indicators for specific columns
2026-09-20 15:45:59,581 - INFO - Aligning features to match model's expected input
2026-09-20 15:45:59,629 - INFO - Applying imputer to missing values
2026-09-20 15:45:59,629 - ERROR - Failed to apply imputer to missing values: Found array with 0 sample(s) (shape=(0, 20)) while a minimum of 1 is required by SimpleImputer.
Traceback (most recent call last):
  File "D:\MlOps_tasks\task_3\src\preprocessing.py", line 22, in apply_imputer
    data[all_missing_cols] = imputer.transform(data[all_missing_cols])
                             ^^^^^^^^^^^^^^^^^^^^^^^^^^^^^^^^^^^^^^^^^
  File "C:\Users\acer\AppData\Local\Programs\Python\Python312\Lib\site-packages\sklearn\utils\_set_output.py", line 319, in wrapped
    data_to_wrap = f(self, X, *args, **kwargs)
                   ^^^^^^^^^^^^^^^^^^^^^^^^^^^
  File "C:\Users\acer\AppData\Local\Programs\Python\Python312\Lib\site-packages\sklearn\impute\_base.py", line 617, in transform
    X = self._validate_input(X, in_fit=False)
        ^^^^^^^^^^^^^^^^^^^^^^^^^^^^^^^^^^^^^
  File "C:\Users\acer\AppData\Local\Programs\Python\Python312\Lib\site-packages\sklearn\impute\_base.py", line 375, in _validate_input
    raise ve
  File "C:\Users\acer\AppData\Local\Programs\Python\Python312\Lib\site-packages\sklearn\impute\_base.py", line 356, in _validate_input
    X = validate_data(
        ^^^^^^^^^^^^^^
  File "C:\Users\acer\AppData\Local\Programs\Python\Python312\Lib\site-packages\sklearn\utils\validation.py", line 3038, in validate_data
    out = check_array(X, input_name="X", **check_params)
          ^^^^^^^^^^^^^^^^^^^^^^^^^^^^^^^^^^^^^^^^^^^^^^
  File "C:\Users\acer\AppData\Local\Programs\Python\Python312\Lib\site-packages\sklearn\utils\validation.py", line 1110, in check_array
    raise ValueError(
ValueError: Found array with 0 sample(s) (shape=(0, 20)) while a minimum of 1 is required by SimpleImputer.
2026-09-20 15:45:59,645 - ERROR - Prediction failed: Found array with 0 sample(s) (shape=(0, 20)) while a minimum of 1 is required by SimpleImputer.
Traceback (most recent call last):
  File "D:\MlOps_tasks\task_3\src\pipeline.py", line 51, in predict
    features = self.prepare_features(order_id)
               ^^^^^^^^^^^^^^^^^^^^^^^^^^^^^^^
  File "D:\MlOps_tasks\task_3\src\pipeline.py", line 37, in prepare_features
    data = apply_imputer(data,self.imputer)
           ^^^^^^^^^^^^^^^^^^^^^^^^^^^^^^^^
  File "D:\MlOps_tasks\task_3\src\preprocessing.py", line 22, in apply_imputer
    data[all_missing_cols] = imputer.transform(data[all_missing_cols])
                             ^^^^^^^^^^^^^^^^^^^^^^^^^^^^^^^^^^^^^^^^^
  File "C:\Users\acer\AppData\Local\Programs\Python\Python312\Lib\site-packages\sklearn\utils\_set_output.py", line 319, in wrapped
    data_to_wrap = f(self, X, *args, **kwargs)
                   ^^^^^^^^^^^^^^^^^^^^^^^^^^^
  File "C:\Users\acer\AppData\Local\Programs\Python\Python312\Lib\site-packages\sklearn\impute\_base.py", line 617, in transform
    X = self._validate_input(X, in_fit=False)
        ^^^^^^^^^^^^^^^^^^^^^^^^^^^^^^^^^^^^^
  File "C:\Users\acer\AppData\Local\Programs\Python\Python312\Lib\site-packages\sklearn\impute\_base.py", line 375, in _validate_input
    raise ve
  File "C:\Users\acer\AppData\Local\Programs\Python\Python312\Lib\site-packages\sklearn\impute\_base.py", line 356, in _validate_input
    X = validate_data(
        ^^^^^^^^^^^^^^
  File "C:\Users\acer\AppData\Local\Programs\Python\Python312\Lib\site-packages\sklearn\utils\validation.py", line 3038, in validate_data
    out = check_array(X, input_name="X", **check_params)
          ^^^^^^^^^^^^^^^^^^^^^^^^^^^^^^^^^^^^^^^^^^^^^^
  File "C:\Users\acer\AppData\Local\Programs\Python\Python312\Lib\site-packages\sklearn\utils\validation.py", line 1110, in check_array
    raise ValueError(
ValueError: Found array with 0 sample(s) (shape=(0, 20)) while a minimum of 1 is required by SimpleImputer.
2026-09-20 15:50:56,873 - INFO - Project root resolved to: D:\MlOps_tasks\task_3
2026-09-20 15:50:56,925 - INFO - Loading MLflow model from URI: models:/olist-classifier@champion
2026-09-20 15:51:02,658 - INFO - Loading pickle artifact: ..\models\transformers\imputer.pkl
2026-09-20 15:51:02,658 - INFO - Loading feature list: ..\feature_list.txt
2026-09-20 15:51:02,660 - INFO - Feature list loaded with 117 columns
2026-09-20 15:51:02,660 - INFO - Prediction request Received
2026-09-20 15:51:02,660 - INFO - Preparing features for prediction
2026-09-20 15:51:02,660 - INFO - Building order features for order_id=9e6bc602a2466daa94736f31d1319c5d
2026-09-20 15:51:05,125 - INFO - Order feature creation completed for order_id=9e6bc602a2466daa94736f31d1319c5d
2026-09-20 15:51:05,182 - INFO - Dropping unused columns from the dataset
2026-09-20 15:51:05,186 - INFO - Adding date features
2026-09-20 15:51:05,188 - INFO - Calculating haversine distance
2026-09-20 15:51:05,188 - INFO - Calculating haversine distance
2026-09-20 15:51:05,190 - INFO - Creating missing value indicators for specific columns
2026-09-20 15:51:05,196 - INFO - Aligning features to match model's expected input
2026-09-20 15:51:05,256 - INFO - Applying imputer to missing values
2026-09-20 15:51:05,271 - INFO - Validating input data for required columns and non-empty DataFrame
2026-09-20 15:51:05,271 - INFO - Making predictions using the provided model
2026-09-20 15:51:05,303 - ERROR - Failed to make predictions using the provided model
Traceback (most recent call last):
  File "C:\Users\acer\AppData\Local\Programs\Python\Python312\Lib\site-packages\mlflow\pyfunc\__init__.py", line 732, in _validate_prediction_input
    data = _enforce_schema(data, input_schema, flavor)
           ^^^^^^^^^^^^^^^^^^^^^^^^^^^^^^^^^^^^^^^^^^^
  File "C:\Users\acer\AppData\Local\Programs\Python\Python312\Lib\site-packages\mlflow\models\utils.py", line 1287, in _enforce_schema
    _enforce_named_col_schema(pf_input, input_schema)
  File "C:\Users\acer\AppData\Local\Programs\Python\Python312\Lib\site-packages\mlflow\models\utils.py", line 984, in _enforce_named_col_schema
    new_pf_input[name] = _enforce_mlflow_datatype(name, pf_input[name], input_type)
                         ^^^^^^^^^^^^^^^^^^^^^^^^^^^^^^^^^^^^^^^^^^^^^^^^^^^^^^^^^^
  File "C:\Users\acer\AppData\Local\Programs\Python\Python312\Lib\site-packages\mlflow\models\utils.py", line 876, in _enforce_mlflow_datatype
    raise MlflowException(
mlflow.exceptions.MlflowException: Incompatible input types for column pay_boleto. Can not safely convert float64 to int64.

During handling of the above exception, another exception occurred:

Traceback (most recent call last):
  File "D:\MlOps_tasks\task_3\src\prediction.py", line 10, in predict
    pred = int(model.predict(features)[0])
               ^^^^^^^^^^^^^^^^^^^^^^^
  File "C:\Users\acer\AppData\Local\Programs\Python\Python312\Lib\site-packages\mlflow\pyfunc\__init__.py", line 846, in predict
    return self._predict(data, params)
           ^^^^^^^^^^^^^^^^^^^^^^^^^^^
  File "C:\Users\acer\AppData\Local\Programs\Python\Python312\Lib\site-packages\mlflow\pyfunc\__init__.py", line 885, in _predict
    data, params = _validate_prediction_input(
                   ^^^^^^^^^^^^^^^^^^^^^^^^^^^
  File "C:\Users\acer\AppData\Local\Programs\Python\Python312\Lib\site-packages\mlflow\pyfunc\__init__.py", line 744, in _validate_prediction_input
    raise MlflowException.invalid_parameter_value(
mlflow.exceptions.MlflowException: Failed to enforce schema of data '   num_sellers  num_items  ...  customer_lat_missing  customer_lng_missing
0          2.0        2.0  ...                     0                     0

[1 rows x 117 columns]' with schema '['num_sellers': double (required), 'num_items': double (required), 'total_price': double (required), 'total_freight_value': double (required), 'avg_seller_lat': double (required), 'avg_seller_lng': double (required), 'max_product_weight_grams': double (required), 'max_product_length_cm': double (required), 'max_product_height_cm': double (required), 'max_product_width_cm': double (required), 'avg_product_name_length': double (required), 'avg_product_description_length': double (required), 'avg_product_photos_qty': double (required), 'sel_state_AC': long (required), 'sel_state_AM': long (required), 'sel_state_BA': long (required), 'sel_state_CE': long (required), 'sel_state_DF': long (required), 'sel_state_ES': long (required), 'sel_state_GO': long (required), 'sel_state_MA': long (required), 'sel_state_MG': long (required), 'sel_state_MS': long (required), 'sel_state_MT': long (required), 'sel_state_PA': long (required), 'sel_state_PB': long (required), 'sel_state_PE': long (required), 'sel_state_PI': long (required), 'sel_state_PR': long (required), 'sel_state_RJ': long (required), 'sel_state_RN': long (required), 'sel_state_RO': long (required), 'sel_state_RS': long (required), 'sel_state_SC': long (required), 'sel_state_SE': long (required), 'sel_state_SP': long (required), 'cat_automotivo': long (required), 'cat_bebes': long (required), 'cat_beleza_saude': long (required), 'cat_brinquedos': long (required), 'cat_cama_mesa_banho': long (required), 'cat_consoles_games': long (required), 'cat_cool_stuff': long (required), 'cat_eletronicos': long (required), 'cat_esporte_lazer': long (required), 'cat_fashion_bolsas_e_acessorios': long (required), 'cat_ferramentas_jardim': long (required), 'cat_informatica_acessorios': long (required), 'cat_moveis_decoracao': long (required), 'cat_moveis_escritorio': long (required), 'cat_other': long (required), 'cat_papelaria': long (required), 'cat_perfumaria': long (required), 'cat_pet_shop': long (required), 'cat_relogios_presentes': long (required), 'cat_telefonia': long (required), 'cat_utilidades_domesticas': long (required), 'num_payments': double (required), 'num_installments': double (required), 'total_payment_value': double (required), 'pay_boleto': long (required), 'pay_credit_card': long (required), 'pay_debit_card': long (required), 'pay_not_defined': long (required), 'pay_voucher': long (required), 'customer_lat': double (required), 'customer_lng': double (required), 'cust_state_AC': long (required), 'cust_state_AL': long (required), 'cust_state_AM': long (required), 'cust_state_AP': long (required), 'cust_state_BA': long (required), 'cust_state_CE': long (required), 'cust_state_DF': long (required), 'cust_state_ES': long (required), 'cust_state_GO': long (required), 'cust_state_MA': long (required), 'cust_state_MG': long (required), 'cust_state_MS': long (required), 'cust_state_MT': long (required), 'cust_state_PA': long (required), 'cust_state_PB': long (required), 'cust_state_PE': long (required), 'cust_state_PI': long (required), 'cust_state_PR': long (required), 'cust_state_RJ': long (required), 'cust_state_RN': long (required), 'cust_state_RO': long (required), 'cust_state_RR': long (required), 'cust_state_RS': long (required), 'cust_state_SC': long (required), 'cust_state_SE': long (required), 'cust_state_SP': long (required), 'cust_state_TO': long (required), 'purchase_month': long (required), 'estimated_days': long (required), 'distance_km': double (required), 'avg_seller_lat_missing': long (required), 'avg_seller_lng_missing': long (required), 'distance_km_missing': long (required), 'max_product_weight_grams_missing': long (required), 'max_product_length_cm_missing': long (required), 'max_product_height_cm_missing': long (required), 'max_product_width_cm_missing': long (required), 'avg_product_name_length_missing': long (required), 'avg_product_description_length_missing': long (required), 'avg_product_photos_qty_missing': long (required), 'num_payments_missing': long (required), 'num_installments_missing': long (required), 'total_payment_value_missing': long (required), 'pay_boleto_missing': long (required), 'pay_credit_card_missing': long (required), 'pay_debit_card_missing': long (required), 'pay_not_defined_missing': long (required), 'pay_voucher_missing': long (required), 'customer_lat_missing': long (required), 'customer_lng_missing': long (required)]'. Error: Incompatible input types for column pay_boleto. Can not safely convert float64 to int64.
2026-09-20 15:51:05,320 - ERROR - Prediction failed: Failed to enforce schema of data '   num_sellers  num_items  ...  customer_lat_missing  customer_lng_missing
0          2.0        2.0  ...                     0                     0

[1 rows x 117 columns]' with schema '['num_sellers': double (required), 'num_items': double (required), 'total_price': double (required), 'total_freight_value': double (required), 'avg_seller_lat': double (required), 'avg_seller_lng': double (required), 'max_product_weight_grams': double (required), 'max_product_length_cm': double (required), 'max_product_height_cm': double (required), 'max_product_width_cm': double (required), 'avg_product_name_length': double (required), 'avg_product_description_length': double (required), 'avg_product_photos_qty': double (required), 'sel_state_AC': long (required), 'sel_state_AM': long (required), 'sel_state_BA': long (required), 'sel_state_CE': long (required), 'sel_state_DF': long (required), 'sel_state_ES': long (required), 'sel_state_GO': long (required), 'sel_state_MA': long (required), 'sel_state_MG': long (required), 'sel_state_MS': long (required), 'sel_state_MT': long (required), 'sel_state_PA': long (required), 'sel_state_PB': long (required), 'sel_state_PE': long (required), 'sel_state_PI': long (required), 'sel_state_PR': long (required), 'sel_state_RJ': long (required), 'sel_state_RN': long (required), 'sel_state_RO': long (required), 'sel_state_RS': long (required), 'sel_state_SC': long (required), 'sel_state_SE': long (required), 'sel_state_SP': long (required), 'cat_automotivo': long (required), 'cat_bebes': long (required), 'cat_beleza_saude': long (required), 'cat_brinquedos': long (required), 'cat_cama_mesa_banho': long (required), 'cat_consoles_games': long (required), 'cat_cool_stuff': long (required), 'cat_eletronicos': long (required), 'cat_esporte_lazer': long (required), 'cat_fashion_bolsas_e_acessorios': long (required), 'cat_ferramentas_jardim': long (required), 'cat_informatica_acessorios': long (required), 'cat_moveis_decoracao': long (required), 'cat_moveis_escritorio': long (required), 'cat_other': long (required), 'cat_papelaria': long (required), 'cat_perfumaria': long (required), 'cat_pet_shop': long (required), 'cat_relogios_presentes': long (required), 'cat_telefonia': long (required), 'cat_utilidades_domesticas': long (required), 'num_payments': double (required), 'num_installments': double (required), 'total_payment_value': double (required), 'pay_boleto': long (required), 'pay_credit_card': long (required), 'pay_debit_card': long (required), 'pay_not_defined': long (required), 'pay_voucher': long (required), 'customer_lat': double (required), 'customer_lng': double (required), 'cust_state_AC': long (required), 'cust_state_AL': long (required), 'cust_state_AM': long (required), 'cust_state_AP': long (required), 'cust_state_BA': long (required), 'cust_state_CE': long (required), 'cust_state_DF': long (required), 'cust_state_ES': long (required), 'cust_state_GO': long (required), 'cust_state_MA': long (required), 'cust_state_MG': long (required), 'cust_state_MS': long (required), 'cust_state_MT': long (required), 'cust_state_PA': long (required), 'cust_state_PB': long (required), 'cust_state_PE': long (required), 'cust_state_PI': long (required), 'cust_state_PR': long (required), 'cust_state_RJ': long (required), 'cust_state_RN': long (required), 'cust_state_RO': long (required), 'cust_state_RR': long (required), 'cust_state_RS': long (required), 'cust_state_SC': long (required), 'cust_state_SE': long (required), 'cust_state_SP': long (required), 'cust_state_TO': long (required), 'purchase_month': long (required), 'estimated_days': long (required), 'distance_km': double (required), 'avg_seller_lat_missing': long (required), 'avg_seller_lng_missing': long (required), 'distance_km_missing': long (required), 'max_product_weight_grams_missing': long (required), 'max_product_length_cm_missing': long (required), 'max_product_height_cm_missing': long (required), 'max_product_width_cm_missing': long (required), 'avg_product_name_length_missing': long (required), 'avg_product_description_length_missing': long (required), 'avg_product_photos_qty_missing': long (required), 'num_payments_missing': long (required), 'num_installments_missing': long (required), 'total_payment_value_missing': long (required), 'pay_boleto_missing': long (required), 'pay_credit_card_missing': long (required), 'pay_debit_card_missing': long (required), 'pay_not_defined_missing': long (required), 'pay_voucher_missing': long (required), 'customer_lat_missing': long (required), 'customer_lng_missing': long (required)]'. Error: Incompatible input types for column pay_boleto. Can not safely convert float64 to int64.
Traceback (most recent call last):
  File "C:\Users\acer\AppData\Local\Programs\Python\Python312\Lib\site-packages\mlflow\pyfunc\__init__.py", line 732, in _validate_prediction_input
    data = _enforce_schema(data, input_schema, flavor)
           ^^^^^^^^^^^^^^^^^^^^^^^^^^^^^^^^^^^^^^^^^^^
  File "C:\Users\acer\AppData\Local\Programs\Python\Python312\Lib\site-packages\mlflow\models\utils.py", line 1287, in _enforce_schema
    _enforce_named_col_schema(pf_input, input_schema)
  File "C:\Users\acer\AppData\Local\Programs\Python\Python312\Lib\site-packages\mlflow\models\utils.py", line 984, in _enforce_named_col_schema
    new_pf_input[name] = _enforce_mlflow_datatype(name, pf_input[name], input_type)
                         ^^^^^^^^^^^^^^^^^^^^^^^^^^^^^^^^^^^^^^^^^^^^^^^^^^^^^^^^^^
  File "C:\Users\acer\AppData\Local\Programs\Python\Python312\Lib\site-packages\mlflow\models\utils.py", line 876, in _enforce_mlflow_datatype
    raise MlflowException(
mlflow.exceptions.MlflowException: Incompatible input types for column pay_boleto. Can not safely convert float64 to int64.

During handling of the above exception, another exception occurred:

Traceback (most recent call last):
  File "D:\MlOps_tasks\task_3\src\pipeline.py", line 52, in predict
    prediction=predict(self.model, features)
               ^^^^^^^^^^^^^^^^^^^^^^^^^^^^^
  File "D:\MlOps_tasks\task_3\src\prediction.py", line 10, in predict
    pred = int(model.predict(features)[0])
               ^^^^^^^^^^^^^^^^^^^^^^^
  File "C:\Users\acer\AppData\Local\Programs\Python\Python312\Lib\site-packages\mlflow\pyfunc\__init__.py", line 846, in predict
    return self._predict(data, params)
           ^^^^^^^^^^^^^^^^^^^^^^^^^^^
  File "C:\Users\acer\AppData\Local\Programs\Python\Python312\Lib\site-packages\mlflow\pyfunc\__init__.py", line 885, in _predict
    data, params = _validate_prediction_input(
                   ^^^^^^^^^^^^^^^^^^^^^^^^^^^
  File "C:\Users\acer\AppData\Local\Programs\Python\Python312\Lib\site-packages\mlflow\pyfunc\__init__.py", line 744, in _validate_prediction_input
    raise MlflowException.invalid_parameter_value(
mlflow.exceptions.MlflowException: Failed to enforce schema of data '   num_sellers  num_items  ...  customer_lat_missing  customer_lng_missing
0          2.0        2.0  ...                     0                     0

[1 rows x 117 columns]' with schema '['num_sellers': double (required), 'num_items': double (required), 'total_price': double (required), 'total_freight_value': double (required), 'avg_seller_lat': double (required), 'avg_seller_lng': double (required), 'max_product_weight_grams': double (required), 'max_product_length_cm': double (required), 'max_product_height_cm': double (required), 'max_product_width_cm': double (required), 'avg_product_name_length': double (required), 'avg_product_description_length': double (required), 'avg_product_photos_qty': double (required), 'sel_state_AC': long (required), 'sel_state_AM': long (required), 'sel_state_BA': long (required), 'sel_state_CE': long (required), 'sel_state_DF': long (required), 'sel_state_ES': long (required), 'sel_state_GO': long (required), 'sel_state_MA': long (required), 'sel_state_MG': long (required), 'sel_state_MS': long (required), 'sel_state_MT': long (required), 'sel_state_PA': long (required), 'sel_state_PB': long (required), 'sel_state_PE': long (required), 'sel_state_PI': long (required), 'sel_state_PR': long (required), 'sel_state_RJ': long (required), 'sel_state_RN': long (required), 'sel_state_RO': long (required), 'sel_state_RS': long (required), 'sel_state_SC': long (required), 'sel_state_SE': long (required), 'sel_state_SP': long (required), 'cat_automotivo': long (required), 'cat_bebes': long (required), 'cat_beleza_saude': long (required), 'cat_brinquedos': long (required), 'cat_cama_mesa_banho': long (required), 'cat_consoles_games': long (required), 'cat_cool_stuff': long (required), 'cat_eletronicos': long (required), 'cat_esporte_lazer': long (required), 'cat_fashion_bolsas_e_acessorios': long (required), 'cat_ferramentas_jardim': long (required), 'cat_informatica_acessorios': long (required), 'cat_moveis_decoracao': long (required), 'cat_moveis_escritorio': long (required), 'cat_other': long (required), 'cat_papelaria': long (required), 'cat_perfumaria': long (required), 'cat_pet_shop': long (required), 'cat_relogios_presentes': long (required), 'cat_telefonia': long (required), 'cat_utilidades_domesticas': long (required), 'num_payments': double (required), 'num_installments': double (required), 'total_payment_value': double (required), 'pay_boleto': long (required), 'pay_credit_card': long (required), 'pay_debit_card': long (required), 'pay_not_defined': long (required), 'pay_voucher': long (required), 'customer_lat': double (required), 'customer_lng': double (required), 'cust_state_AC': long (required), 'cust_state_AL': long (required), 'cust_state_AM': long (required), 'cust_state_AP': long (required), 'cust_state_BA': long (required), 'cust_state_CE': long (required), 'cust_state_DF': long (required), 'cust_state_ES': long (required), 'cust_state_GO': long (required), 'cust_state_MA': long (required), 'cust_state_MG': long (required), 'cust_state_MS': long (required), 'cust_state_MT': long (required), 'cust_state_PA': long (required), 'cust_state_PB': long (required), 'cust_state_PE': long (required), 'cust_state_PI': long (required), 'cust_state_PR': long (required), 'cust_state_RJ': long (required), 'cust_state_RN': long (required), 'cust_state_RO': long (required), 'cust_state_RR': long (required), 'cust_state_RS': long (required), 'cust_state_SC': long (required), 'cust_state_SE': long (required), 'cust_state_SP': long (required), 'cust_state_TO': long (required), 'purchase_month': long (required), 'estimated_days': long (required), 'distance_km': double (required), 'avg_seller_lat_missing': long (required), 'avg_seller_lng_missing': long (required), 'distance_km_missing': long (required), 'max_product_weight_grams_missing': long (required), 'max_product_length_cm_missing': long (required), 'max_product_height_cm_missing': long (required), 'max_product_width_cm_missing': long (required), 'avg_product_name_length_missing': long (required), 'avg_product_description_length_missing': long (required), 'avg_product_photos_qty_missing': long (required), 'num_payments_missing': long (required), 'num_installments_missing': long (required), 'total_payment_value_missing': long (required), 'pay_boleto_missing': long (required), 'pay_credit_card_missing': long (required), 'pay_debit_card_missing': long (required), 'pay_not_defined_missing': long (required), 'pay_voucher_missing': long (required), 'customer_lat_missing': long (required), 'customer_lng_missing': long (required)]'. Error: Incompatible input types for column pay_boleto. Can not safely convert float64 to int64.
2026-09-20 15:51:30,312 - INFO - Project root resolved to: D:\MlOps_tasks\task_3
2026-09-20 15:51:30,362 - INFO - Loading MLflow model from URI: models:/olist-classifier@champion
2026-09-20 15:51:35,902 - INFO - Loading pickle artifact: ..\models\transformers\imputer.pkl
2026-09-20 15:51:35,902 - INFO - Loading feature list: ..\feature_list.txt
2026-09-20 15:51:35,902 - INFO - Feature list loaded with 117 columns
2026-09-20 15:51:35,902 - INFO - Prediction request Received
2026-09-20 15:51:35,902 - INFO - Preparing features for prediction
2026-09-20 15:51:35,902 - INFO - Building order features for order_id=9e6bc602a2466daa94736f31d1319c5d
2026-09-20 15:51:38,300 - INFO - Order feature creation completed for order_id=9e6bc602a2466daa94736f31d1319c5d
2026-09-20 15:51:38,351 - INFO - Dropping unused columns from the dataset
2026-09-20 15:51:38,351 - INFO - Adding date features
2026-09-20 15:51:38,365 - INFO - Calculating haversine distance
2026-09-20 15:51:38,365 - INFO - Calculating haversine distance
2026-09-20 15:51:38,367 - INFO - Creating missing value indicators for specific columns
2026-09-20 15:51:38,373 - INFO - Applying imputer to missing values
2026-09-20 15:51:38,387 - INFO - Aligning features to match model's expected input
2026-09-20 15:51:38,450 - INFO - Validating input data for required columns and non-empty DataFrame
2026-09-20 15:51:38,450 - INFO - Making predictions using the provided model
2026-09-20 15:51:38,481 - INFO - Prediction request: input=   num_sellers  num_items  ...  customer_lat_missing  customer_lng_missing
0          2.0        2.0  ...                     0                     0

[1 rows x 117 columns] output={'prediction': 0, 'probability': 0.168917715549469} latency=2.580s model_version=1
2026-09-20 15:51:38,683 - INFO - Prediction request Received
2026-09-20 15:51:38,683 - INFO - Preparing features for prediction
2026-09-20 15:51:38,683 - INFO - Building order features for order_id=8fb4e4bd46f9802e9179726dd20019a5
2026-09-20 15:51:41,062 - INFO - Order feature creation completed for order_id=8fb4e4bd46f9802e9179726dd20019a5
2026-09-20 15:51:41,112 - INFO - Dropping unused columns from the dataset
2026-09-20 15:51:41,112 - INFO - Adding date features
2026-09-20 15:51:41,112 - INFO - Calculating haversine distance
2026-09-20 15:51:41,112 - INFO - Calculating haversine distance
2026-09-20 15:51:41,112 - INFO - Creating missing value indicators for specific columns
2026-09-20 15:51:41,126 - INFO - Applying imputer to missing values
2026-09-20 15:51:41,133 - INFO - Aligning features to match model's expected input
2026-09-20 15:51:41,189 - INFO - Validating input data for required columns and non-empty DataFrame
2026-09-20 15:51:41,189 - INFO - Making predictions using the provided model
2026-09-20 15:51:41,211 - INFO - Prediction request: input=   num_sellers  num_items  ...  customer_lat_missing  customer_lng_missing
0          1.0        1.0  ...                     0                     0

[1 rows x 117 columns] output={'prediction': 0, 'probability': 0.20972174406051636} latency=2.528s model_version=1
2026-09-20 15:51:41,404 - INFO - Prediction request Received
2026-09-20 15:51:41,404 - INFO - Preparing features for prediction
2026-09-20 15:51:41,404 - INFO - Building order features for order_id=88a78af246c6c2db88e72b384796c98c
2026-09-20 15:51:43,758 - INFO - Order feature creation completed for order_id=88a78af246c6c2db88e72b384796c98c
2026-09-20 15:51:43,806 - INFO - Dropping unused columns from the dataset
2026-09-20 15:51:43,806 - INFO - Adding date features
2026-09-20 15:51:43,821 - INFO - Calculating haversine distance
2026-09-20 15:51:43,821 - INFO - Calculating haversine distance
2026-09-20 15:51:43,821 - INFO - Creating missing value indicators for specific columns
2026-09-20 15:51:43,821 - INFO - Applying imputer to missing values
2026-09-20 15:51:43,821 - INFO - Aligning features to match model's expected input
2026-09-20 15:51:43,895 - INFO - Validating input data for required columns and non-empty DataFrame
2026-09-20 15:51:43,895 - INFO - Making predictions using the provided model
2026-09-20 15:51:43,923 - INFO - Prediction request: input=   num_sellers  num_items  ...  customer_lat_missing  customer_lng_missing
0          1.0        1.0  ...                     0                     0

[1 rows x 117 columns] output={'prediction': 0, 'probability': 0.246858149766922} latency=2.519s model_version=1
2026-09-20 15:51:44,118 - INFO - Prediction request Received
2026-09-20 15:51:44,118 - INFO - Preparing features for prediction
2026-09-20 15:51:44,118 - INFO - Building order features for order_id=d7c663de1470a2d3671791d3f093991c
2026-09-20 15:51:46,590 - INFO - Order feature creation completed for order_id=d7c663de1470a2d3671791d3f093991c
2026-09-20 15:51:46,653 - INFO - Dropping unused columns from the dataset
2026-09-20 15:51:46,653 - INFO - Adding date features
2026-09-20 15:51:46,653 - INFO - Calculating haversine distance
2026-09-20 15:51:46,653 - INFO - Calculating haversine distance
2026-09-20 15:51:46,653 - INFO - Creating missing value indicators for specific columns
2026-09-20 15:51:46,669 - INFO - Applying imputer to missing values
2026-09-20 15:51:46,669 - INFO - Aligning features to match model's expected input
2026-09-20 15:51:46,728 - INFO - Validating input data for required columns and non-empty DataFrame
2026-09-20 15:51:46,728 - INFO - Making predictions using the provided model
2026-09-20 15:51:46,753 - INFO - Prediction request: input=   num_sellers  num_items  ...  customer_lat_missing  customer_lng_missing
0          1.0        1.0  ...                     0                     0

[1 rows x 117 columns] output={'prediction': 0, 'probability': 0.17072728276252747} latency=2.635s model_version=1
2026-09-20 15:51:46,943 - INFO - Prediction request Received
2026-09-20 15:51:46,943 - INFO - Preparing features for prediction
2026-09-20 15:51:46,943 - INFO - Building order features for order_id=c0e57db4a4a6ef32aa28911d1c07df81
2026-09-20 15:51:49,365 - INFO - Order feature creation completed for order_id=c0e57db4a4a6ef32aa28911d1c07df81
2026-09-20 15:51:49,412 - INFO - Dropping unused columns from the dataset
2026-09-20 15:51:49,412 - INFO - Adding date features
2026-09-20 15:51:49,412 - INFO - Calculating haversine distance
2026-09-20 15:51:49,412 - INFO - Calculating haversine distance
2026-09-20 15:51:49,412 - INFO - Creating missing value indicators for specific columns
2026-09-20 15:51:49,428 - INFO - Applying imputer to missing values
2026-09-20 15:51:49,428 - INFO - Aligning features to match model's expected input
2026-09-20 15:51:49,491 - INFO - Validating input data for required columns and non-empty DataFrame
2026-09-20 15:51:49,491 - INFO - Making predictions using the provided model
2026-09-20 15:51:49,515 - INFO - Prediction request: input=   num_sellers  num_items  ...  customer_lat_missing  customer_lng_missing
0          1.0        1.0  ...                     0                     0

[1 rows x 117 columns] output={'prediction': 0, 'probability': 0.17624437808990479} latency=2.572s model_version=1
2026-09-20 15:51:49,722 - INFO - Prediction request Received
2026-09-20 15:51:49,722 - INFO - Preparing features for prediction
2026-09-20 15:51:49,722 - INFO - Building order features for order_id=e4309eeca1cfe3c6df5a187c38817a5c
2026-09-20 15:51:52,139 - INFO - Order feature creation completed for order_id=e4309eeca1cfe3c6df5a187c38817a5c
2026-09-20 15:51:52,186 - INFO - Dropping unused columns from the dataset
2026-09-20 15:51:52,186 - INFO - Adding date features
2026-09-20 15:51:52,202 - INFO - Calculating haversine distance
2026-09-20 15:51:52,202 - INFO - Calculating haversine distance
2026-09-20 15:51:52,202 - INFO - Creating missing value indicators for specific columns
2026-09-20 15:51:52,202 - INFO - Applying imputer to missing values
2026-09-20 15:51:52,202 - INFO - Aligning features to match model's expected input
2026-09-20 15:51:52,265 - INFO - Validating input data for required columns and non-empty DataFrame
2026-09-20 15:51:52,265 - INFO - Making predictions using the provided model
2026-09-20 15:51:52,293 - INFO - Prediction request: input=   num_sellers  num_items  ...  customer_lat_missing  customer_lng_missing
0          1.0        1.0  ...                     0                     0

[1 rows x 117 columns] output={'prediction': 1, 'probability': 0.5412375926971436} latency=2.571s model_version=1
2026-09-20 15:53:27,775 - INFO - Project root resolved to: D:\MlOps_tasks\task_3
2026-09-20 15:53:27,775 - INFO - Loading MLflow model from URI: models:/olist-classifier@champion
2026-09-20 15:53:33,351 - INFO - Loading pickle artifact: ..\models\transformers\imputer.pkl
2026-09-20 15:53:33,351 - INFO - Loading feature list: ..\feature_list.txt
2026-09-20 15:53:33,351 - INFO - Feature list loaded with 117 columns
2026-09-20 15:53:33,353 - INFO - Prediction request Received
2026-09-20 15:53:33,353 - INFO - Preparing features for prediction
2026-09-20 15:53:33,353 - INFO - Building order features for order_id=test-order-001
2026-09-20 15:53:35,813 - INFO - Order feature creation completed for order_id=test-order-001
2026-09-20 15:53:35,893 - INFO - Dropping unused columns from the dataset
2026-09-20 15:53:35,895 - INFO - Adding date features
2026-09-20 15:53:35,899 - INFO - Calculating haversine distance
2026-09-20 15:53:35,899 - INFO - Calculating haversine distance
2026-09-20 15:53:35,901 - INFO - Creating missing value indicators for specific columns
2026-09-20 15:53:35,907 - INFO - Applying imputer to missing values
2026-09-20 15:53:35,922 - ERROR - Failed to apply imputer to missing values: Found array with 0 sample(s) (shape=(0, 20)) while a minimum of 1 is required by SimpleImputer.
Traceback (most recent call last):
  File "D:\MlOps_tasks\task_3\src\preprocessing.py", line 22, in apply_imputer
    data[all_missing_cols] = imputer.transform(data[all_missing_cols])
                             ^^^^^^^^^^^^^^^^^^^^^^^^^^^^^^^^^^^^^^^^^
  File "C:\Users\acer\AppData\Local\Programs\Python\Python312\Lib\site-packages\sklearn\utils\_set_output.py", line 319, in wrapped
    data_to_wrap = f(self, X, *args, **kwargs)
                   ^^^^^^^^^^^^^^^^^^^^^^^^^^^
  File "C:\Users\acer\AppData\Local\Programs\Python\Python312\Lib\site-packages\sklearn\impute\_base.py", line 617, in transform
    X = self._validate_input(X, in_fit=False)
        ^^^^^^^^^^^^^^^^^^^^^^^^^^^^^^^^^^^^^
  File "C:\Users\acer\AppData\Local\Programs\Python\Python312\Lib\site-packages\sklearn\impute\_base.py", line 375, in _validate_input
    raise ve
  File "C:\Users\acer\AppData\Local\Programs\Python\Python312\Lib\site-packages\sklearn\impute\_base.py", line 356, in _validate_input
    X = validate_data(
        ^^^^^^^^^^^^^^
  File "C:\Users\acer\AppData\Local\Programs\Python\Python312\Lib\site-packages\sklearn\utils\validation.py", line 3038, in validate_data
    out = check_array(X, input_name="X", **check_params)
          ^^^^^^^^^^^^^^^^^^^^^^^^^^^^^^^^^^^^^^^^^^^^^^
  File "C:\Users\acer\AppData\Local\Programs\Python\Python312\Lib\site-packages\sklearn\utils\validation.py", line 1110, in check_array
    raise ValueError(
ValueError: Found array with 0 sample(s) (shape=(0, 20)) while a minimum of 1 is required by SimpleImputer.
2026-09-20 15:53:35,924 - ERROR - Prediction failed: Found array with 0 sample(s) (shape=(0, 20)) while a minimum of 1 is required by SimpleImputer.
Traceback (most recent call last):
  File "D:\MlOps_tasks\task_3\src\pipeline.py", line 51, in predict
    features = self.prepare_features(order_id)
               ^^^^^^^^^^^^^^^^^^^^^^^^^^^^^^^
  File "D:\MlOps_tasks\task_3\src\pipeline.py", line 36, in prepare_features
    data =apply_imputer(data,self.imputer)
          ^^^^^^^^^^^^^^^^^^^^^^^^^^^^^^^^
  File "D:\MlOps_tasks\task_3\src\preprocessing.py", line 22, in apply_imputer
    data[all_missing_cols] = imputer.transform(data[all_missing_cols])
                             ^^^^^^^^^^^^^^^^^^^^^^^^^^^^^^^^^^^^^^^^^
  File "C:\Users\acer\AppData\Local\Programs\Python\Python312\Lib\site-packages\sklearn\utils\_set_output.py", line 319, in wrapped
    data_to_wrap = f(self, X, *args, **kwargs)
                   ^^^^^^^^^^^^^^^^^^^^^^^^^^^
  File "C:\Users\acer\AppData\Local\Programs\Python\Python312\Lib\site-packages\sklearn\impute\_base.py", line 617, in transform
    X = self._validate_input(X, in_fit=False)
        ^^^^^^^^^^^^^^^^^^^^^^^^^^^^^^^^^^^^^
  File "C:\Users\acer\AppData\Local\Programs\Python\Python312\Lib\site-packages\sklearn\impute\_base.py", line 375, in _validate_input
    raise ve
  File "C:\Users\acer\AppData\Local\Programs\Python\Python312\Lib\site-packages\sklearn\impute\_base.py", line 356, in _validate_input
    X = validate_data(
        ^^^^^^^^^^^^^^
  File "C:\Users\acer\AppData\Local\Programs\Python\Python312\Lib\site-packages\sklearn\utils\validation.py", line 3038, in validate_data
    out = check_array(X, input_name="X", **check_params)
          ^^^^^^^^^^^^^^^^^^^^^^^^^^^^^^^^^^^^^^^^^^^^^^
  File "C:\Users\acer\AppData\Local\Programs\Python\Python312\Lib\site-packages\sklearn\utils\validation.py", line 1110, in check_array
    raise ValueError(
ValueError: Found array with 0 sample(s) (shape=(0, 20)) while a minimum of 1 is required by SimpleImputer.
2026-09-20 15:54:26,569 - INFO - Project root resolved to: D:\MlOps_tasks\task_3
2026-09-20 15:54:26,569 - INFO - Loading MLflow model from URI: models:/olist-classifier@champion
2026-09-20 15:54:32,337 - INFO - Loading pickle artifact: ..\models\transformers\imputer.pkl
2026-09-20 15:54:32,337 - INFO - Loading feature list: ..\feature_list.txt
2026-09-20 15:54:32,337 - INFO - Feature list loaded with 117 columns
2026-09-20 15:54:32,339 - INFO - Prediction request Received
2026-09-20 15:54:32,339 - INFO - Preparing features for prediction
2026-09-20 15:54:32,339 - INFO - Building order features for order_id=test-order-001
2026-09-20 15:54:32,740 - ERROR - Failed to build order features for order_id=test-order-001
Traceback (most recent call last):
  File "D:\MlOps_tasks\task_3\src\data_access.py", line 178, in create_order_features
    raise ValueError(f"NO ORDER with order_id {order_id}")
ValueError: NO ORDER with order_id test-order-001
2026-09-20 15:54:32,740 - ERROR - Prediction failed: NO ORDER with order_id test-order-001
Traceback (most recent call last):
  File "D:\MlOps_tasks\task_3\src\pipeline.py", line 51, in predict
    features = self.prepare_features(order_id)
               ^^^^^^^^^^^^^^^^^^^^^^^^^^^^^^^
  File "D:\MlOps_tasks\task_3\src\pipeline.py", line 30, in prepare_features
    data=create_order_features(order_id)
         ^^^^^^^^^^^^^^^^^^^^^^^^^^^^^^^
  File "D:\MlOps_tasks\task_3\src\data_access.py", line 178, in create_order_features
    raise ValueError(f"NO ORDER with order_id {order_id}")
ValueError: NO ORDER with order_id test-order-001
2026-09-20 15:59:33,044 - INFO - Project root resolved to: D:\MlOps_tasks\task_3
2026-09-20 15:59:33,044 - INFO - Loading MLflow model from URI: models:/olist-classifier@champion
2026-09-20 15:59:38,798 - INFO - Loading pickle artifact: ..\models\transformers\imputer.pkl
2026-09-20 15:59:38,799 - INFO - Loading feature list: ..\feature_list.txt
2026-09-20 15:59:38,799 - INFO - Feature list loaded with 117 columns
2026-09-20 15:59:38,800 - INFO - Prediction request Received
2026-09-20 15:59:38,800 - INFO - Preparing features for prediction
2026-09-20 15:59:38,800 - INFO - Building order features for order_id=test-order-001
2026-09-20 15:59:39,207 - ERROR - Failed to build order features for order_id=test-order-001
Traceback (most recent call last):
  File "D:\MlOps_tasks\task_3\src\data_access.py", line 178, in create_order_features
    raise ValueError(f"NO ORDER with order_id {order_id}")
ValueError: NO ORDER with order_id test-order-001
2026-09-20 15:59:39,207 - ERROR - Prediction failed: NO ORDER with order_id test-order-001
Traceback (most recent call last):
  File "D:\MlOps_tasks\task_3\src\pipeline.py", line 51, in predict
    features = self.prepare_features(order_id)
               ^^^^^^^^^^^^^^^^^^^^^^^^^^^^^^^
  File "D:\MlOps_tasks\task_3\src\pipeline.py", line 30, in prepare_features
    data=create_order_features(order_id)
         ^^^^^^^^^^^^^^^^^^^^^^^^^^^^^^^
  File "D:\MlOps_tasks\task_3\src\data_access.py", line 178, in create_order_features
    raise ValueError(f"NO ORDER with order_id {order_id}")
ValueError: NO ORDER with order_id test-order-001
2026-09-20 16:00:00,601 - INFO - Adding date features
2026-09-20 16:00:00,601 - INFO - Calculating haversine distance
2026-09-20 16:00:00,610 - INFO - Calculating haversine distance
2026-09-20 16:00:00,610 - INFO - Calculating haversine distance
2026-09-20 16:00:00,615 - INFO - Project root resolved to: D:\MlOps_tasks\task_3
2026-09-20 16:00:00,652 - INFO - Loading MLflow model from URI: models:/olist-classifier@champion
2026-09-20 16:00:06,276 - INFO - Loading pickle artifact: ..\models\transformers\imputer.pkl
2026-09-20 16:00:06,278 - INFO - Loading feature list: ..\feature_list.txt
2026-09-20 16:00:06,278 - INFO - Feature list loaded with 117 columns
2026-09-20 16:00:06,278 - INFO - Prediction request Received
2026-09-20 16:00:06,278 - INFO - Preparing features for prediction
2026-09-20 16:00:06,278 - INFO - Building order features for order_id=9e6bc602a2466daa94736f31d1319c5d
2026-09-20 16:00:08,689 - INFO - Order feature creation completed for order_id=9e6bc602a2466daa94736f31d1319c5d
2026-09-20 16:00:08,744 - INFO - Dropping unused columns from the dataset
2026-09-20 16:00:08,747 - INFO - Adding date features
2026-09-20 16:00:08,750 - INFO - Calculating haversine distance
2026-09-20 16:00:08,750 - INFO - Calculating haversine distance
2026-09-20 16:00:08,752 - INFO - Creating missing value indicators for specific columns
2026-09-20 16:00:08,762 - INFO - Applying imputer to missing values
2026-09-20 16:00:08,777 - INFO - Aligning features to match model's expected input
2026-09-20 16:00:08,842 - INFO - Validating input data for required columns and non-empty DataFrame
2026-09-20 16:00:08,842 - INFO - Making predictions using the provided model
2026-09-20 16:00:08,867 - INFO - Prediction request: input=   num_sellers  num_items  ...  customer_lat_missing  customer_lng_missing
0          2.0        2.0  ...                     0                     0

[1 rows x 117 columns] output={'prediction': 0, 'probability': 0.168917715549469} latency=2.589s model_version=1
2026-09-20 16:00:09,062 - INFO - Prediction request Received
2026-09-20 16:00:09,063 - INFO - Preparing features for prediction
2026-09-20 16:00:09,063 - INFO - Building order features for order_id=8fb4e4bd46f9802e9179726dd20019a5
2026-09-20 16:00:11,407 - INFO - Order feature creation completed for order_id=8fb4e4bd46f9802e9179726dd20019a5
2026-09-20 16:00:11,457 - INFO - Dropping unused columns from the dataset
2026-09-20 16:00:11,463 - INFO - Adding date features
2026-09-20 16:00:11,465 - INFO - Calculating haversine distance
2026-09-20 16:00:11,465 - INFO - Calculating haversine distance
2026-09-20 16:00:11,467 - INFO - Creating missing value indicators for specific columns
2026-09-20 16:00:11,473 - INFO - Applying imputer to missing values
2026-09-20 16:00:11,473 - INFO - Aligning features to match model's expected input
2026-09-20 16:00:11,521 - INFO - Validating input data for required columns and non-empty DataFrame
2026-09-20 16:00:11,521 - INFO - Making predictions using the provided model
2026-09-20 16:00:11,556 - INFO - Prediction request: input=   num_sellers  num_items  ...  customer_lat_missing  customer_lng_missing
0          1.0        1.0  ...                     0                     0

[1 rows x 117 columns] output={'prediction': 0, 'probability': 0.20972174406051636} latency=2.493s model_version=1
2026-09-20 16:00:11,742 - INFO - Prediction request Received
2026-09-20 16:00:11,742 - INFO - Preparing features for prediction
2026-09-20 16:00:11,742 - INFO - Building order features for order_id=88a78af246c6c2db88e72b384796c98c
2026-09-20 16:00:14,096 - INFO - Order feature creation completed for order_id=88a78af246c6c2db88e72b384796c98c
2026-09-20 16:00:14,136 - INFO - Dropping unused columns from the dataset
2026-09-20 16:00:14,136 - INFO - Adding date features
2026-09-20 16:00:14,152 - INFO - Calculating haversine distance
2026-09-20 16:00:14,154 - INFO - Calculating haversine distance
2026-09-20 16:00:14,154 - INFO - Creating missing value indicators for specific columns
2026-09-20 16:00:14,154 - INFO - Applying imputer to missing values
2026-09-20 16:00:14,154 - INFO - Aligning features to match model's expected input
2026-09-20 16:00:14,226 - INFO - Validating input data for required columns and non-empty DataFrame
2026-09-20 16:00:14,226 - INFO - Making predictions using the provided model
2026-09-20 16:00:14,247 - INFO - Prediction request: input=   num_sellers  num_items  ...  customer_lat_missing  customer_lng_missing
0          1.0        1.0  ...                     0                     0

[1 rows x 117 columns] output={'prediction': 0, 'probability': 0.246858149766922} latency=2.505s model_version=1
2026-09-20 16:00:14,437 - INFO - Prediction request Received
2026-09-20 16:00:14,437 - INFO - Preparing features for prediction
2026-09-20 16:00:14,437 - INFO - Building order features for order_id=d7c663de1470a2d3671791d3f093991c
2026-09-20 16:00:16,801 - INFO - Order feature creation completed for order_id=d7c663de1470a2d3671791d3f093991c
2026-09-20 16:00:16,864 - INFO - Dropping unused columns from the dataset
2026-09-20 16:00:16,864 - INFO - Adding date features
2026-09-20 16:00:16,864 - INFO - Calculating haversine distance
2026-09-20 16:00:16,864 - INFO - Calculating haversine distance
2026-09-20 16:00:16,864 - INFO - Creating missing value indicators for specific columns
2026-09-20 16:00:16,874 - INFO - Applying imputer to missing values
2026-09-20 16:00:16,881 - INFO - Aligning features to match model's expected input
2026-09-20 16:00:16,928 - INFO - Validating input data for required columns and non-empty DataFrame
2026-09-20 16:00:16,928 - INFO - Making predictions using the provided model
2026-09-20 16:00:16,960 - INFO - Prediction request: input=   num_sellers  num_items  ...  customer_lat_missing  customer_lng_missing
0          1.0        1.0  ...                     0                     0

[1 rows x 117 columns] output={'prediction': 0, 'probability': 0.17072728276252747} latency=2.524s model_version=1
2026-09-20 16:00:17,149 - INFO - Prediction request Received
2026-09-20 16:00:17,149 - INFO - Preparing features for prediction
2026-09-20 16:00:17,149 - INFO - Building order features for order_id=c0e57db4a4a6ef32aa28911d1c07df81
2026-09-20 16:00:19,623 - INFO - Order feature creation completed for order_id=c0e57db4a4a6ef32aa28911d1c07df81
2026-09-20 16:00:19,679 - INFO - Dropping unused columns from the dataset
2026-09-20 16:00:19,687 - INFO - Adding date features
2026-09-20 16:00:19,687 - INFO - Calculating haversine distance
2026-09-20 16:00:19,687 - INFO - Calculating haversine distance
2026-09-20 16:00:19,687 - INFO - Creating missing value indicators for specific columns
2026-09-20 16:00:19,697 - INFO - Applying imputer to missing values
2026-09-20 16:00:19,697 - INFO - Aligning features to match model's expected input
2026-09-20 16:00:19,750 - INFO - Validating input data for required columns and non-empty DataFrame
2026-09-20 16:00:19,750 - INFO - Making predictions using the provided model
2026-09-20 16:00:19,781 - INFO - Prediction request: input=   num_sellers  num_items  ...  customer_lat_missing  customer_lng_missing
0          1.0        1.0  ...                     0                     0

[1 rows x 117 columns] output={'prediction': 0, 'probability': 0.17624437808990479} latency=2.631s model_version=1
2026-09-20 16:00:19,981 - INFO - Prediction request Received
2026-09-20 16:00:19,981 - INFO - Preparing features for prediction
2026-09-20 16:00:19,982 - INFO - Building order features for order_id=e4309eeca1cfe3c6df5a187c38817a5c
2026-09-20 16:00:22,370 - INFO - Order feature creation completed for order_id=e4309eeca1cfe3c6df5a187c38817a5c
2026-09-20 16:00:22,414 - INFO - Dropping unused columns from the dataset
2026-09-20 16:00:22,414 - INFO - Adding date features
2026-09-20 16:00:22,414 - INFO - Calculating haversine distance
2026-09-20 16:00:22,414 - INFO - Calculating haversine distance
2026-09-20 16:00:22,414 - INFO - Creating missing value indicators for specific columns
2026-09-20 16:00:22,430 - INFO - Applying imputer to missing values
2026-09-20 16:00:22,430 - INFO - Aligning features to match model's expected input
2026-09-20 16:00:22,495 - INFO - Validating input data for required columns and non-empty DataFrame
2026-09-20 16:00:22,495 - INFO - Making predictions using the provided model
2026-09-20 16:00:22,519 - INFO - Prediction request: input=   num_sellers  num_items  ...  customer_lat_missing  customer_lng_missing
0          1.0        1.0  ...                     0                     0

[1 rows x 117 columns] output={'prediction': 1, 'probability': 0.5412375926971436} latency=2.538s model_version=1
2026-09-20 16:00:22,712 - INFO - Project root resolved to: D:\MlOps_tasks\task_3
2026-09-20 16:00:23,211 - INFO - Creating missing value indicators for specific columns
2026-09-20 16:00:23,211 - WARNING - Missing values found in column 'avg_seller_lat'. Created indicator column 'avg_seller_lat_missing'.
2026-09-20 16:00:23,211 - WARNING - Missing values found in column 'distance_km'. Created indicator column 'distance_km_missing'.
2026-09-20 16:00:23,211 - WARNING - Missing values found in column 'max_product_length_cm'. Created indicator column 'max_product_length_cm_missing'.
2026-09-20 16:00:23,227 - WARNING - Missing values found in column 'avg_product_description_length'. Created indicator column 'avg_product_description_length_missing'.
2026-09-20 16:00:23,228 - WARNING - Missing values found in column 'num_payments'. Created indicator column 'num_payments_missing'.
2026-09-20 16:00:23,229 - WARNING - Missing values found in column 'total_payment_value'. Created indicator column 'total_payment_value_missing'.
2026-09-20 16:00:23,232 - WARNING - Missing values found in column 'customer_lat'. Created indicator column 'customer_lat_missing'.
2026-09-20 16:00:23,235 - INFO - Aligning features to match model's expected input
2026-09-20 16:01:21,651 - INFO - Adding date features
2026-09-20 16:01:21,656 - INFO - Calculating haversine distance
2026-09-20 16:01:21,656 - INFO - Calculating haversine distance
2026-09-20 16:01:21,656 - INFO - Calculating haversine distance
2026-09-20 16:01:21,665 - INFO - Project root resolved to: D:\MlOps_tasks\task_3
2026-09-20 16:01:21,707 - INFO - Loading MLflow model from URI: models:/olist-classifier@champion
2026-09-20 16:01:27,343 - INFO - Loading pickle artifact: ..\models\transformers\imputer.pkl
2026-09-20 16:01:27,344 - INFO - Loading feature list: ..\feature_list.txt
2026-09-20 16:01:27,344 - INFO - Feature list loaded with 117 columns
2026-09-20 16:01:27,344 - INFO - Prediction request Received
2026-09-20 16:01:27,344 - INFO - Preparing features for prediction
2026-09-20 16:01:27,344 - INFO - Building order features for order_id=9e6bc602a2466daa94736f31d1319c5d
2026-09-20 16:01:30,199 - INFO - Order feature creation completed for order_id=9e6bc602a2466daa94736f31d1319c5d
2026-09-20 16:01:30,259 - INFO - Dropping unused columns from the dataset
2026-09-20 16:01:30,263 - INFO - Adding date features
2026-09-20 16:01:30,265 - INFO - Calculating haversine distance
2026-09-20 16:01:30,265 - INFO - Calculating haversine distance
2026-09-20 16:01:30,266 - INFO - Creating missing value indicators for specific columns
2026-09-20 16:01:30,268 - INFO - Applying imputer to missing values
2026-09-20 16:01:30,282 - INFO - Aligning features to match model's expected input
2026-09-20 16:01:30,350 - INFO - Validating input data for required columns and non-empty DataFrame
2026-09-20 16:01:30,350 - INFO - Making predictions using the provided model
2026-09-20 16:01:30,374 - INFO - Prediction request: input=   num_sellers  num_items  ...  customer_lat_missing  customer_lng_missing
0          2.0        2.0  ...                     0                     0

[1 rows x 117 columns] output={'prediction': 0, 'probability': 0.168917715549469} latency=3.030s model_version=1
2026-09-20 16:01:30,578 - INFO - Prediction request Received
2026-09-20 16:01:30,578 - INFO - Preparing features for prediction
2026-09-20 16:01:30,578 - INFO - Building order features for order_id=8fb4e4bd46f9802e9179726dd20019a5
2026-09-20 16:01:33,005 - INFO - Order feature creation completed for order_id=8fb4e4bd46f9802e9179726dd20019a5
2026-09-20 16:01:33,068 - INFO - Dropping unused columns from the dataset
2026-09-20 16:01:33,079 - INFO - Adding date features
2026-09-20 16:01:33,081 - INFO - Calculating haversine distance
2026-09-20 16:01:33,081 - INFO - Calculating haversine distance
2026-09-20 16:01:33,083 - INFO - Creating missing value indicators for specific columns
2026-09-20 16:01:33,091 - INFO - Applying imputer to missing values
2026-09-20 16:01:33,093 - INFO - Aligning features to match model's expected input
2026-09-20 16:01:33,151 - INFO - Validating input data for required columns and non-empty DataFrame
2026-09-20 16:01:33,151 - INFO - Making predictions using the provided model
2026-09-20 16:01:33,174 - INFO - Prediction request: input=   num_sellers  num_items  ...  customer_lat_missing  customer_lng_missing
0          1.0        1.0  ...                     0                     0

[1 rows x 117 columns] output={'prediction': 0, 'probability': 0.20972174406051636} latency=2.595s model_version=1
2026-09-20 16:01:33,377 - INFO - Prediction request Received
2026-09-20 16:01:33,377 - INFO - Preparing features for prediction
2026-09-20 16:01:33,377 - INFO - Building order features for order_id=88a78af246c6c2db88e72b384796c98c
2026-09-20 16:01:36,075 - INFO - Order feature creation completed for order_id=88a78af246c6c2db88e72b384796c98c
2026-09-20 16:01:36,137 - INFO - Dropping unused columns from the dataset
2026-09-20 16:01:36,140 - INFO - Adding date features
2026-09-20 16:01:36,142 - INFO - Calculating haversine distance
2026-09-20 16:01:36,142 - INFO - Calculating haversine distance
2026-09-20 16:01:36,144 - INFO - Creating missing value indicators for specific columns
2026-09-20 16:01:36,153 - INFO - Applying imputer to missing values
2026-09-20 16:01:36,156 - INFO - Aligning features to match model's expected input
2026-09-20 16:01:36,230 - INFO - Validating input data for required columns and non-empty DataFrame
2026-09-20 16:01:36,231 - INFO - Making predictions using the provided model
2026-09-20 16:01:36,256 - INFO - Prediction request: input=   num_sellers  num_items  ...  customer_lat_missing  customer_lng_missing
0          1.0        1.0  ...                     0                     0

[1 rows x 117 columns] output={'prediction': 0, 'probability': 0.246858149766922} latency=2.879s model_version=1
2026-09-20 16:01:36,464 - INFO - Prediction request Received
2026-09-20 16:01:36,464 - INFO - Preparing features for prediction
2026-09-20 16:01:36,464 - INFO - Building order features for order_id=d7c663de1470a2d3671791d3f093991c
2026-09-20 16:01:39,000 - INFO - Order feature creation completed for order_id=d7c663de1470a2d3671791d3f093991c
2026-09-20 16:01:39,057 - INFO - Dropping unused columns from the dataset
2026-09-20 16:01:39,061 - INFO - Adding date features
2026-09-20 16:01:39,061 - INFO - Calculating haversine distance
2026-09-20 16:01:39,061 - INFO - Calculating haversine distance
2026-09-20 16:01:39,061 - INFO - Creating missing value indicators for specific columns
2026-09-20 16:01:39,061 - INFO - Applying imputer to missing values
2026-09-20 16:01:39,061 - INFO - Aligning features to match model's expected input
2026-09-20 16:01:39,136 - INFO - Validating input data for required columns and non-empty DataFrame
2026-09-20 16:01:39,136 - INFO - Making predictions using the provided model
2026-09-20 16:01:39,160 - INFO - Prediction request: input=   num_sellers  num_items  ...  customer_lat_missing  customer_lng_missing
0          1.0        1.0  ...                     0                     0

[1 rows x 117 columns] output={'prediction': 0, 'probability': 0.17072728276252747} latency=2.696s model_version=1
2026-09-20 16:01:39,351 - INFO - Prediction request Received
2026-09-20 16:01:39,351 - INFO - Preparing features for prediction
2026-09-20 16:01:39,351 - INFO - Building order features for order_id=c0e57db4a4a6ef32aa28911d1c07df81
2026-09-20 16:01:41,980 - INFO - Order feature creation completed for order_id=c0e57db4a4a6ef32aa28911d1c07df81
2026-09-20 16:01:42,036 - INFO - Dropping unused columns from the dataset
2026-09-20 16:01:42,038 - INFO - Adding date features
2026-09-20 16:01:42,040 - INFO - Calculating haversine distance
2026-09-20 16:01:42,041 - INFO - Calculating haversine distance
2026-09-20 16:01:42,042 - INFO - Creating missing value indicators for specific columns
2026-09-20 16:01:42,050 - INFO - Applying imputer to missing values
2026-09-20 16:01:42,053 - INFO - Aligning features to match model's expected input
2026-09-20 16:01:42,114 - INFO - Validating input data for required columns and non-empty DataFrame
2026-09-20 16:01:42,114 - INFO - Making predictions using the provided model
2026-09-20 16:01:42,138 - INFO - Prediction request: input=   num_sellers  num_items  ...  customer_lat_missing  customer_lng_missing
0          1.0        1.0  ...                     0                     0

[1 rows x 117 columns] output={'prediction': 0, 'probability': 0.17624437808990479} latency=2.787s model_version=1
2026-09-20 16:01:42,346 - INFO - Prediction request Received
2026-09-20 16:01:42,346 - INFO - Preparing features for prediction
2026-09-20 16:01:42,346 - INFO - Building order features for order_id=e4309eeca1cfe3c6df5a187c38817a5c
2026-09-20 16:01:45,011 - INFO - Order feature creation completed for order_id=e4309eeca1cfe3c6df5a187c38817a5c
2026-09-20 16:01:45,076 - INFO - Dropping unused columns from the dataset
2026-09-20 16:01:45,079 - INFO - Adding date features
2026-09-20 16:01:45,081 - INFO - Calculating haversine distance
2026-09-20 16:01:45,083 - INFO - Calculating haversine distance
2026-09-20 16:01:45,083 - INFO - Creating missing value indicators for specific columns
2026-09-20 16:01:45,093 - INFO - Applying imputer to missing values
2026-09-20 16:01:45,096 - INFO - Aligning features to match model's expected input
2026-09-20 16:01:45,163 - INFO - Validating input data for required columns and non-empty DataFrame
2026-09-20 16:01:45,163 - INFO - Making predictions using the provided model
2026-09-20 16:01:45,191 - INFO - Prediction request: input=   num_sellers  num_items  ...  customer_lat_missing  customer_lng_missing
0          1.0        1.0  ...                     0                     0

[1 rows x 117 columns] output={'prediction': 1, 'probability': 0.5412375926971436} latency=2.844s model_version=1
2026-09-20 16:01:45,395 - INFO - Project root resolved to: D:\MlOps_tasks\task_3
2026-09-20 16:01:45,395 - INFO - Loading MLflow model from URI: models:/olist-classifier@champion
2026-09-20 16:01:45,476 - INFO - Loading pickle artifact: ..\models\transformers\imputer.pkl
2026-09-20 16:01:45,478 - INFO - Loading feature list: ..\feature_list.txt
2026-09-20 16:01:45,478 - INFO - Feature list loaded with 117 columns
2026-09-20 16:01:45,478 - INFO - Prediction request Received
2026-09-20 16:01:45,478 - INFO - Preparing features for prediction
2026-09-20 16:01:45,478 - INFO - Building order features for order_id=test-order-001
2026-09-20 16:01:45,846 - ERROR - Failed to build order features for order_id=test-order-001
Traceback (most recent call last):
  File "D:\MlOps_tasks\task_3\src\data_access.py", line 178, in create_order_features
    raise ValueError(f"NO ORDER with order_id {order_id}")
ValueError: NO ORDER with order_id test-order-001
2026-09-20 16:01:45,846 - ERROR - Prediction failed: NO ORDER with order_id test-order-001
Traceback (most recent call last):
  File "D:\MlOps_tasks\task_3\src\pipeline.py", line 51, in predict
    features = self.prepare_features(order_id)
               ^^^^^^^^^^^^^^^^^^^^^^^^^^^^^^^
  File "D:\MlOps_tasks\task_3\src\pipeline.py", line 30, in prepare_features
    data=create_order_features(order_id)
         ^^^^^^^^^^^^^^^^^^^^^^^^^^^^^^^
  File "D:\MlOps_tasks\task_3\src\data_access.py", line 178, in create_order_features
    raise ValueError(f"NO ORDER with order_id {order_id}")
ValueError: NO ORDER with order_id test-order-001
2026-09-20 16:01:45,873 - INFO - Creating missing value indicators for specific columns
2026-09-20 16:01:45,873 - WARNING - Missing values found in column 'avg_seller_lat'. Created indicator column 'avg_seller_lat_missing'.
2026-09-20 16:01:45,873 - WARNING - Missing values found in column 'distance_km'. Created indicator column 'distance_km_missing'.
2026-09-20 16:01:45,873 - WARNING - Missing values found in column 'max_product_length_cm'. Created indicator column 'max_product_length_cm_missing'.
2026-09-20 16:01:45,873 - WARNING - Missing values found in column 'avg_product_description_length'. Created indicator column 'avg_product_description_length_missing'.
2026-09-20 16:01:45,873 - WARNING - Missing values found in column 'num_payments'. Created indicator column 'num_payments_missing'.
2026-09-20 16:01:45,873 - WARNING - Missing values found in column 'total_payment_value'. Created indicator column 'total_payment_value_missing'.
2026-09-20 16:01:45,873 - WARNING - Missing values found in column 'customer_lat'. Created indicator column 'customer_lat_missing'.
2026-09-20 16:01:45,873 - INFO - Aligning features to match model's expected input
2026-09-20 16:21:27,527 - INFO - Project root resolved to: D:\MlOps_tasks\task_3
2026-09-20 16:21:27,572 - INFO - Loading MLflow model from URI: models:/olist-classifier@champion
2026-09-20 16:21:33,525 - INFO - Loading pickle artifact: ..\models\transformers\imputer.pkl
2026-09-20 16:21:33,527 - INFO - Loading feature list: ..\feature_list.txt
2026-09-20 16:21:33,527 - INFO - Feature list loaded with 117 columns
2026-09-20 16:21:33,527 - ERROR - Prediction failed: isinstance() argument 2 cannot be a parameterized generic
Traceback (most recent call last):
  File "D:\MlOps_tasks\task_3\src\pipeline.py", line 44, in predict
    if not isinstance(order_ids, list[str]):
           ^^^^^^^^^^^^^^^^^^^^^^^^^^^^^^^^
TypeError: isinstance() argument 2 cannot be a parameterized generic
2026-09-20 16:24:34,397 - INFO - Project root resolved to: D:\MlOps_tasks\task_3
2026-09-20 16:24:34,442 - INFO - Loading MLflow model from URI: models:/olist-classifier@champion
2026-09-20 16:24:40,067 - INFO - Loading pickle artifact: ..\models\transformers\imputer.pkl
2026-09-20 16:24:40,069 - INFO - Loading feature list: ..\feature_list.txt
2026-09-20 16:24:40,069 - INFO - Feature list loaded with 117 columns
2026-09-20 16:24:40,069 - ERROR - Prediction failed: isinstance() argument 2 cannot be a parameterized generic
Traceback (most recent call last):
  File "D:\MlOps_tasks\task_3\src\pipeline.py", line 44, in predict
    if not isinstance(order_ids, list[str]):
           ^^^^^^^^^^^^^^^^^^^^^^^^^^^^^^^^
TypeError: isinstance() argument 2 cannot be a parameterized generic
2026-09-20 16:24:53,433 - INFO - Project root resolved to: D:\MlOps_tasks\task_3
2026-09-20 16:24:53,470 - INFO - Loading MLflow model from URI: models:/olist-classifier@champion
2026-09-20 16:24:59,019 - INFO - Loading pickle artifact: ..\models\transformers\imputer.pkl
2026-09-20 16:24:59,019 - INFO - Loading feature list: ..\feature_list.txt
2026-09-20 16:24:59,021 - INFO - Feature list loaded with 117 columns
2026-09-20 16:24:59,021 - INFO - Prediction request Received
2026-09-20 16:24:59,021 - INFO - Preparing features for prediction
2026-09-20 16:24:59,021 - INFO - Building order features for order_id=9e6bc602a2466daa94736f31d1319c5d, 8fb4e4bd46f9802e9179726dd20019a5, 88a78af246c6c2db88e72b384796c98c, d7c663de1470a2d3671791d3f093991c, c0e57db4a4a6ef32aa28911d1c07df81
2026-09-20 16:24:59,389 - ERROR - Failed to build order features for order_id=9e6bc602a2466daa94736f31d1319c5d, 8fb4e4bd46f9802e9179726dd20019a5, 88a78af246c6c2db88e72b384796c98c, d7c663de1470a2d3671791d3f093991c, c0e57db4a4a6ef32aa28911d1c07df81
Traceback (most recent call last):
  File "C:\Users\acer\AppData\Local\Programs\Python\Python312\Lib\site-packages\sqlalchemy\engine\base.py", line 1967, in _exec_single_context
    self.dialect.do_execute(
  File "C:\Users\acer\AppData\Local\Programs\Python\Python312\Lib\site-packages\sqlalchemy\engine\default.py", line 941, in do_execute
    cursor.execute(statement, parameters)
psycopg2.errors.SyntaxError: syntax error at or near "'('"
LINE 1: select * from orders WHERE order_id IN'('9e6bc602a2466daa947...
                                              ^


The above exception was the direct cause of the following exception:

Traceback (most recent call last):
  File "D:\MlOps_tasks\task_3\src\data_access.py", line 177, in create_order_features
    orders=pd.read_sql(query,engine)
           ^^^^^^^^^^^^^^^^^^^^^^^^^
  File "C:\Users\acer\AppData\Local\Programs\Python\Python312\Lib\site-packages\pandas\io\sql.py", line 734, in read_sql
    return pandas_sql.read_query(
           ^^^^^^^^^^^^^^^^^^^^^^
  File "C:\Users\acer\AppData\Local\Programs\Python\Python312\Lib\site-packages\pandas\io\sql.py", line 1836, in read_query
    result = self.execute(sql, params)
             ^^^^^^^^^^^^^^^^^^^^^^^^^
  File "C:\Users\acer\AppData\Local\Programs\Python\Python312\Lib\site-packages\pandas\io\sql.py", line 1659, in execute
    return self.con.exec_driver_sql(sql, *args)
           ^^^^^^^^^^^^^^^^^^^^^^^^^^^^^^^^^^^^
  File "C:\Users\acer\AppData\Local\Programs\Python\Python312\Lib\site-packages\sqlalchemy\engine\base.py", line 1779, in exec_driver_sql
    ret = self._execute_context(
          ^^^^^^^^^^^^^^^^^^^^^^
  File "C:\Users\acer\AppData\Local\Programs\Python\Python312\Lib\site-packages\sqlalchemy\engine\base.py", line 1846, in _execute_context
    return self._exec_single_context(
           ^^^^^^^^^^^^^^^^^^^^^^^^^^
  File "C:\Users\acer\AppData\Local\Programs\Python\Python312\Lib\site-packages\sqlalchemy\engine\base.py", line 1986, in _exec_single_context
    self._handle_dbapi_exception(
  File "C:\Users\acer\AppData\Local\Programs\Python\Python312\Lib\site-packages\sqlalchemy\engine\base.py", line 2355, in _handle_dbapi_exception
    raise sqlalchemy_exception.with_traceback(exc_info[2]) from e
  File "C:\Users\acer\AppData\Local\Programs\Python\Python312\Lib\site-packages\sqlalchemy\engine\base.py", line 1967, in _exec_single_context
    self.dialect.do_execute(
  File "C:\Users\acer\AppData\Local\Programs\Python\Python312\Lib\site-packages\sqlalchemy\engine\default.py", line 941, in do_execute
    cursor.execute(statement, parameters)
sqlalchemy.exc.ProgrammingError: (psycopg2.errors.SyntaxError) syntax error at or near "'('"
LINE 1: select * from orders WHERE order_id IN'('9e6bc602a2466daa947...
                                              ^

[SQL: select * from orders WHERE order_id IN'('9e6bc602a2466daa94736f31d1319c5d', '8fb4e4bd46f9802e9179726dd20019a5', '88a78af246c6c2db88e72b384796c98c', 'd7c663de1470a2d3671791d3f093991c', 'c0e57db4a4a6ef32aa28911d1c07df81')']
(Background on this error at: https://sqlalche.me/e/20/f405)
2026-09-20 16:24:59,389 - ERROR - Prediction failed: (psycopg2.errors.SyntaxError) syntax error at or near "'('"
LINE 1: select * from orders WHERE order_id IN'('9e6bc602a2466daa947...
                                              ^

[SQL: select * from orders WHERE order_id IN'('9e6bc602a2466daa94736f31d1319c5d', '8fb4e4bd46f9802e9179726dd20019a5', '88a78af246c6c2db88e72b384796c98c', 'd7c663de1470a2d3671791d3f093991c', 'c0e57db4a4a6ef32aa28911d1c07df81')']
(Background on this error at: https://sqlalche.me/e/20/f405)
Traceback (most recent call last):
  File "C:\Users\acer\AppData\Local\Programs\Python\Python312\Lib\site-packages\sqlalchemy\engine\base.py", line 1967, in _exec_single_context
    self.dialect.do_execute(
  File "C:\Users\acer\AppData\Local\Programs\Python\Python312\Lib\site-packages\sqlalchemy\engine\default.py", line 941, in do_execute
    cursor.execute(statement, parameters)
psycopg2.errors.SyntaxError: syntax error at or near "'('"
LINE 1: select * from orders WHERE order_id IN'('9e6bc602a2466daa947...
                                              ^


The above exception was the direct cause of the following exception:

Traceback (most recent call last):
  File "D:\MlOps_tasks\task_3\src\pipeline.py", line 51, in predict
    features = self.prepare_features(order_ids)
               ^^^^^^^^^^^^^^^^^^^^^^^^^^^^^^^^
  File "D:\MlOps_tasks\task_3\src\pipeline.py", line 30, in prepare_features
    data=create_order_features(order_ids)
         ^^^^^^^^^^^^^^^^^^^^^^^^^^^^^^^^
  File "D:\MlOps_tasks\task_3\src\data_access.py", line 177, in create_order_features
    orders=pd.read_sql(query,engine)
           ^^^^^^^^^^^^^^^^^^^^^^^^^
  File "C:\Users\acer\AppData\Local\Programs\Python\Python312\Lib\site-packages\pandas\io\sql.py", line 734, in read_sql
    return pandas_sql.read_query(
           ^^^^^^^^^^^^^^^^^^^^^^
  File "C:\Users\acer\AppData\Local\Programs\Python\Python312\Lib\site-packages\pandas\io\sql.py", line 1836, in read_query
    result = self.execute(sql, params)
             ^^^^^^^^^^^^^^^^^^^^^^^^^
  File "C:\Users\acer\AppData\Local\Programs\Python\Python312\Lib\site-packages\pandas\io\sql.py", line 1659, in execute
    return self.con.exec_driver_sql(sql, *args)
           ^^^^^^^^^^^^^^^^^^^^^^^^^^^^^^^^^^^^
  File "C:\Users\acer\AppData\Local\Programs\Python\Python312\Lib\site-packages\sqlalchemy\engine\base.py", line 1779, in exec_driver_sql
    ret = self._execute_context(
          ^^^^^^^^^^^^^^^^^^^^^^
  File "C:\Users\acer\AppData\Local\Programs\Python\Python312\Lib\site-packages\sqlalchemy\engine\base.py", line 1846, in _execute_context
    return self._exec_single_context(
           ^^^^^^^^^^^^^^^^^^^^^^^^^^
  File "C:\Users\acer\AppData\Local\Programs\Python\Python312\Lib\site-packages\sqlalchemy\engine\base.py", line 1986, in _exec_single_context
    self._handle_dbapi_exception(
  File "C:\Users\acer\AppData\Local\Programs\Python\Python312\Lib\site-packages\sqlalchemy\engine\base.py", line 2355, in _handle_dbapi_exception
    raise sqlalchemy_exception.with_traceback(exc_info[2]) from e
  File "C:\Users\acer\AppData\Local\Programs\Python\Python312\Lib\site-packages\sqlalchemy\engine\base.py", line 1967, in _exec_single_context
    self.dialect.do_execute(
  File "C:\Users\acer\AppData\Local\Programs\Python\Python312\Lib\site-packages\sqlalchemy\engine\default.py", line 941, in do_execute
    cursor.execute(statement, parameters)
sqlalchemy.exc.ProgrammingError: (psycopg2.errors.SyntaxError) syntax error at or near "'('"
LINE 1: select * from orders WHERE order_id IN'('9e6bc602a2466daa947...
                                              ^

[SQL: select * from orders WHERE order_id IN'('9e6bc602a2466daa94736f31d1319c5d', '8fb4e4bd46f9802e9179726dd20019a5', '88a78af246c6c2db88e72b384796c98c', 'd7c663de1470a2d3671791d3f093991c', 'c0e57db4a4a6ef32aa28911d1c07df81')']
(Background on this error at: https://sqlalche.me/e/20/f405)
2026-09-20 16:25:38,735 - INFO - Project root resolved to: D:\MlOps_tasks\task_3
2026-09-20 16:25:38,769 - INFO - Loading MLflow model from URI: models:/olist-classifier@champion
2026-09-20 16:25:44,291 - INFO - Loading pickle artifact: ..\models\transformers\imputer.pkl
2026-09-20 16:25:44,291 - INFO - Loading feature list: ..\feature_list.txt
2026-09-20 16:25:44,291 - INFO - Feature list loaded with 117 columns
2026-09-20 16:25:44,291 - INFO - Prediction request Received
2026-09-20 16:25:44,294 - INFO - Preparing features for prediction
2026-09-20 16:25:44,294 - INFO - Building order features for order_id=9e6bc602a2466daa94736f31d1319c5d, 8fb4e4bd46f9802e9179726dd20019a5, 88a78af246c6c2db88e72b384796c98c, d7c663de1470a2d3671791d3f093991c, c0e57db4a4a6ef32aa28911d1c07df81
2026-09-20 16:25:46,792 - INFO - Order feature creation completed for order_id=9e6bc602a2466daa94736f31d1319c5d, 8fb4e4bd46f9802e9179726dd20019a5, 88a78af246c6c2db88e72b384796c98c, d7c663de1470a2d3671791d3f093991c, c0e57db4a4a6ef32aa28911d1c07df81
2026-09-20 16:25:46,856 - INFO - Dropping unused columns from the dataset
2026-09-20 16:25:46,863 - INFO - Adding date features
2026-09-20 16:25:46,865 - INFO - Calculating haversine distance
2026-09-20 16:25:46,866 - INFO - Calculating haversine distance
2026-09-20 16:25:46,867 - INFO - Creating missing value indicators for specific columns
2026-09-20 16:25:46,873 - INFO - Applying imputer to missing values
2026-09-20 16:25:46,880 - INFO - Aligning features to match model's expected input
2026-09-20 16:25:46,943 - INFO - Validating input data for required columns and non-empty DataFrame
2026-09-20 16:25:46,943 - INFO - Making predictions using the provided model
2026-09-20 16:25:46,965 - ERROR - Failed to make predictions using the provided model
Traceback (most recent call last):
  File "D:\MlOps_tasks\task_3\src\prediction.py", line 10, in predict
    preds = int(model.predict(features))
            ^^^^^^^^^^^^^^^^^^^^^^^^^^^^
TypeError: only length-1 arrays can be converted to Python scalars
2026-09-20 16:25:46,965 - ERROR - Prediction failed: only length-1 arrays can be converted to Python scalars
Traceback (most recent call last):
  File "D:\MlOps_tasks\task_3\src\pipeline.py", line 52, in predict
    prediction=predict(self.model, features)
               ^^^^^^^^^^^^^^^^^^^^^^^^^^^^^
  File "D:\MlOps_tasks\task_3\src\prediction.py", line 10, in predict
    preds = int(model.predict(features))
            ^^^^^^^^^^^^^^^^^^^^^^^^^^^^
TypeError: only length-1 arrays can be converted to Python scalars
2026-09-20 16:26:11,884 - INFO - Project root resolved to: D:\MlOps_tasks\task_3
2026-09-20 16:26:11,974 - INFO - Loading MLflow model from URI: models:/olist-classifier@champion
2026-09-20 16:26:17,529 - INFO - Loading pickle artifact: ..\models\transformers\imputer.pkl
2026-09-20 16:26:17,531 - INFO - Loading feature list: ..\feature_list.txt
2026-09-20 16:26:17,531 - INFO - Feature list loaded with 117 columns
2026-09-20 16:26:17,531 - INFO - Prediction request Received
2026-09-20 16:26:17,531 - INFO - Preparing features for prediction
2026-09-20 16:26:17,531 - INFO - Building order features for order_id=9e6bc602a2466daa94736f31d1319c5d, 8fb4e4bd46f9802e9179726dd20019a5, 88a78af246c6c2db88e72b384796c98c, d7c663de1470a2d3671791d3f093991c, c0e57db4a4a6ef32aa28911d1c07df81
2026-09-20 16:26:20,018 - INFO - Order feature creation completed for order_id=9e6bc602a2466daa94736f31d1319c5d, 8fb4e4bd46f9802e9179726dd20019a5, 88a78af246c6c2db88e72b384796c98c, d7c663de1470a2d3671791d3f093991c, c0e57db4a4a6ef32aa28911d1c07df81
2026-09-20 16:26:20,084 - INFO - Dropping unused columns from the dataset
2026-09-20 16:26:20,086 - INFO - Adding date features
2026-09-20 16:26:20,086 - INFO - Calculating haversine distance
2026-09-20 16:26:20,086 - INFO - Calculating haversine distance
2026-09-20 16:26:20,086 - INFO - Creating missing value indicators for specific columns
2026-09-20 16:26:20,098 - INFO - Applying imputer to missing values
2026-09-20 16:26:20,098 - INFO - Aligning features to match model's expected input
2026-09-20 16:26:20,165 - INFO - Validating input data for required columns and non-empty DataFrame
2026-09-20 16:26:20,165 - INFO - Making predictions using the provided model
2026-09-20 16:26:20,198 - ERROR - Failed to make predictions using the provided model
Traceback (most recent call last):
  File "D:\MlOps_tasks\task_3\src\prediction.py", line 15, in predict
    proba = float(underlying_model.predict_proba(features)[:, 1])
            ^^^^^^^^^^^^^^^^^^^^^^^^^^^^^^^^^^^^^^^^^^^^^^^^^^^^^
TypeError: only length-1 arrays can be converted to Python scalars
2026-09-20 16:26:20,199 - ERROR - Prediction failed: only length-1 arrays can be converted to Python scalars
Traceback (most recent call last):
  File "D:\MlOps_tasks\task_3\src\pipeline.py", line 52, in predict
    prediction=predict(self.model, features)
               ^^^^^^^^^^^^^^^^^^^^^^^^^^^^^
  File "D:\MlOps_tasks\task_3\src\prediction.py", line 15, in predict
    proba = float(underlying_model.predict_proba(features)[:, 1])
            ^^^^^^^^^^^^^^^^^^^^^^^^^^^^^^^^^^^^^^^^^^^^^^^^^^^^^
TypeError: only length-1 arrays can be converted to Python scalars
2026-09-20 16:26:37,748 - INFO - Project root resolved to: D:\MlOps_tasks\task_3
2026-09-20 16:26:37,791 - INFO - Loading MLflow model from URI: models:/olist-classifier@champion
2026-09-20 16:26:43,289 - INFO - Loading pickle artifact: ..\models\transformers\imputer.pkl
2026-09-20 16:26:43,289 - INFO - Loading feature list: ..\feature_list.txt
2026-09-20 16:26:43,289 - INFO - Feature list loaded with 117 columns
2026-09-20 16:26:43,289 - INFO - Prediction request Received
2026-09-20 16:26:43,289 - INFO - Preparing features for prediction
2026-09-20 16:26:43,289 - INFO - Building order features for order_id=9e6bc602a2466daa94736f31d1319c5d, 8fb4e4bd46f9802e9179726dd20019a5, 88a78af246c6c2db88e72b384796c98c, d7c663de1470a2d3671791d3f093991c, c0e57db4a4a6ef32aa28911d1c07df81
2026-09-20 16:26:45,716 - INFO - Order feature creation completed for order_id=9e6bc602a2466daa94736f31d1319c5d, 8fb4e4bd46f9802e9179726dd20019a5, 88a78af246c6c2db88e72b384796c98c, d7c663de1470a2d3671791d3f093991c, c0e57db4a4a6ef32aa28911d1c07df81
2026-09-20 16:26:45,762 - INFO - Dropping unused columns from the dataset
2026-09-20 16:26:45,762 - INFO - Adding date features
2026-09-20 16:26:45,778 - INFO - Calculating haversine distance
2026-09-20 16:26:45,780 - INFO - Calculating haversine distance
2026-09-20 16:26:45,782 - INFO - Creating missing value indicators for specific columns
2026-09-20 16:26:45,789 - INFO - Applying imputer to missing values
2026-09-20 16:26:45,794 - INFO - Aligning features to match model's expected input
2026-09-20 16:26:45,858 - INFO - Validating input data for required columns and non-empty DataFrame
2026-09-20 16:26:45,858 - INFO - Making predictions using the provided model
2026-09-20 16:26:45,889 - ERROR - Failed to make predictions using the provided model
Traceback (most recent call last):
  File "D:\MlOps_tasks\task_3\src\prediction.py", line 21, in predict
    for p, prob in zip(preds, probas)
                              ^^^^^^
UnboundLocalError: cannot access local variable 'probas' where it is not associated with a value
2026-09-20 16:26:45,889 - ERROR - Prediction failed: cannot access local variable 'probas' where it is not associated with a value
Traceback (most recent call last):
  File "D:\MlOps_tasks\task_3\src\pipeline.py", line 52, in predict
    prediction=predict(self.model, features)
               ^^^^^^^^^^^^^^^^^^^^^^^^^^^^^
  File "D:\MlOps_tasks\task_3\src\prediction.py", line 21, in predict
    for p, prob in zip(preds, probas)
                              ^^^^^^
UnboundLocalError: cannot access local variable 'probas' where it is not associated with a value
2026-09-20 16:27:17,092 - INFO - Project root resolved to: D:\MlOps_tasks\task_3
2026-09-20 16:27:17,127 - INFO - Loading MLflow model from URI: models:/olist-classifier@champion
2026-09-20 16:27:22,678 - INFO - Loading pickle artifact: ..\models\transformers\imputer.pkl
2026-09-20 16:27:22,680 - INFO - Loading feature list: ..\feature_list.txt
2026-09-20 16:27:22,680 - INFO - Feature list loaded with 117 columns
2026-09-20 16:27:22,680 - INFO - Prediction request Received
2026-09-20 16:27:22,680 - INFO - Preparing features for prediction
2026-09-20 16:27:22,680 - INFO - Building order features for order_id=9e6bc602a2466daa94736f31d1319c5d, 8fb4e4bd46f9802e9179726dd20019a5, 88a78af246c6c2db88e72b384796c98c, d7c663de1470a2d3671791d3f093991c, c0e57db4a4a6ef32aa28911d1c07df81
2026-09-20 16:27:25,069 - INFO - Order feature creation completed for order_id=9e6bc602a2466daa94736f31d1319c5d, 8fb4e4bd46f9802e9179726dd20019a5, 88a78af246c6c2db88e72b384796c98c, d7c663de1470a2d3671791d3f093991c, c0e57db4a4a6ef32aa28911d1c07df81
2026-09-20 16:27:25,116 - INFO - Dropping unused columns from the dataset
2026-09-20 16:27:25,116 - INFO - Adding date features
2026-09-20 16:27:25,116 - INFO - Calculating haversine distance
2026-09-20 16:27:25,116 - INFO - Calculating haversine distance
2026-09-20 16:27:25,132 - INFO - Creating missing value indicators for specific columns
2026-09-20 16:27:25,132 - INFO - Applying imputer to missing values
2026-09-20 16:27:25,148 - INFO - Aligning features to match model's expected input
2026-09-20 16:27:25,211 - INFO - Validating input data for required columns and non-empty DataFrame
2026-09-20 16:27:25,211 - INFO - Making predictions using the provided model
2026-09-20 16:27:25,240 - INFO - Prediction request: input=   num_sellers  num_items  ...  customer_lat_missing  customer_lng_missing
0          2.0        2.0  ...                     0                     0
1          1.0        1.0  ...                     0                     0
2          1.0        1.0  ...                     0                     0
3          1.0        1.0  ...                     0                     0
4          1.0        1.0  ...                     0                     0

[5 rows x 117 columns] output=[{'prediction': 0, 'probability': 0.168917715549469}, {'prediction': 0, 'probability': 0.17624437808990479}, {'prediction': 0, 'probability': 0.246858149766922}, {'prediction': 0, 'probability': 0.20972174406051636}, {'prediction': 0, 'probability': 0.17072728276252747}] latency=2.561s model_version=1
2026-09-20 16:27:25,443 - INFO - Prediction request Received
2026-09-20 16:27:25,443 - INFO - Preparing features for prediction
2026-09-20 16:27:25,443 - INFO - Building order features for order_id=e4309eeca1cfe3c6df5a187c38817a5c
2026-09-20 16:27:27,814 - INFO - Order feature creation completed for order_id=e4309eeca1cfe3c6df5a187c38817a5c
2026-09-20 16:27:27,869 - INFO - Dropping unused columns from the dataset
2026-09-20 16:27:27,869 - INFO - Adding date features
2026-09-20 16:27:27,869 - INFO - Calculating haversine distance
2026-09-20 16:27:27,869 - INFO - Calculating haversine distance
2026-09-20 16:27:27,869 - INFO - Creating missing value indicators for specific columns
2026-09-20 16:27:27,885 - INFO - Applying imputer to missing values
2026-09-20 16:27:27,885 - INFO - Aligning features to match model's expected input
2026-09-20 16:27:27,956 - INFO - Validating input data for required columns and non-empty DataFrame
2026-09-20 16:27:27,956 - INFO - Making predictions using the provided model
2026-09-20 16:27:27,980 - INFO - Prediction request: input=   num_sellers  num_items  ...  customer_lat_missing  customer_lng_missing
0          1.0        1.0  ...                     0                     0

[1 rows x 117 columns] output=[{'prediction': 1, 'probability': 0.5412375926971436}] latency=2.536s model_version=1
2026-09-20 16:28:34,578 - INFO - Adding date features
2026-09-20 16:28:34,587 - INFO - Calculating haversine distance
2026-09-20 16:28:34,589 - INFO - Calculating haversine distance
2026-09-20 16:28:34,589 - INFO - Calculating haversine distance
2026-09-20 16:28:34,594 - INFO - Project root resolved to: D:\MlOps_tasks\task_3
2026-09-20 16:28:34,636 - INFO - Loading MLflow model from URI: models:/olist-classifier@champion
2026-09-20 16:28:40,189 - INFO - Loading pickle artifact: ..\models\transformers\imputer.pkl
2026-09-20 16:28:40,189 - INFO - Loading feature list: ..\feature_list.txt
2026-09-20 16:28:40,189 - INFO - Feature list loaded with 117 columns
2026-09-20 16:28:40,191 - INFO - Prediction request Received
2026-09-20 16:28:40,191 - INFO - Preparing features for prediction
2026-09-20 16:28:40,191 - INFO - Building order features for order_id=9e6bc602a2466daa94736f31d1319c5d, 8fb4e4bd46f9802e9179726dd20019a5, 88a78af246c6c2db88e72b384796c98c, d7c663de1470a2d3671791d3f093991c, c0e57db4a4a6ef32aa28911d1c07df81
2026-09-20 16:28:42,570 - INFO - Order feature creation completed for order_id=9e6bc602a2466daa94736f31d1319c5d, 8fb4e4bd46f9802e9179726dd20019a5, 88a78af246c6c2db88e72b384796c98c, d7c663de1470a2d3671791d3f093991c, c0e57db4a4a6ef32aa28911d1c07df81
2026-09-20 16:28:42,641 - INFO - Dropping unused columns from the dataset
2026-09-20 16:28:42,645 - INFO - Adding date features
2026-09-20 16:28:42,645 - INFO - Calculating haversine distance
2026-09-20 16:28:42,645 - INFO - Calculating haversine distance
2026-09-20 16:28:42,649 - INFO - Creating missing value indicators for specific columns
2026-09-20 16:28:42,649 - INFO - Applying imputer to missing values
2026-09-20 16:28:42,665 - INFO - Aligning features to match model's expected input
2026-09-20 16:28:42,729 - INFO - Validating input data for required columns and non-empty DataFrame
2026-09-20 16:28:42,729 - INFO - Making predictions using the provided model
2026-09-20 16:28:42,754 - INFO - Prediction request: input=   num_sellers  num_items  ...  customer_lat_missing  customer_lng_missing
0          2.0        2.0  ...                     0                     0
1          1.0        1.0  ...                     0                     0
2          1.0        1.0  ...                     0                     0
3          1.0        1.0  ...                     0                     0
4          1.0        1.0  ...                     0                     0

[5 rows x 117 columns] output=[{'prediction': 0, 'probability': 0.168917715549469}, {'prediction': 0, 'probability': 0.17624437808990479}, {'prediction': 0, 'probability': 0.246858149766922}, {'prediction': 0, 'probability': 0.20972174406051636}, {'prediction': 0, 'probability': 0.17072728276252747}] latency=2.563s model_version=1
2026-09-20 16:28:42,961 - INFO - Prediction request Received
2026-09-20 16:28:42,961 - INFO - Preparing features for prediction
2026-09-20 16:28:42,961 - INFO - Building order features for order_id=e4309eeca1cfe3c6df5a187c38817a5c
2026-09-20 16:28:45,345 - INFO - Order feature creation completed for order_id=e4309eeca1cfe3c6df5a187c38817a5c
2026-09-20 16:28:45,394 - INFO - Dropping unused columns from the dataset
2026-09-20 16:28:45,394 - INFO - Adding date features
2026-09-20 16:28:45,394 - INFO - Calculating haversine distance
2026-09-20 16:28:45,394 - INFO - Calculating haversine distance
2026-09-20 16:28:45,394 - INFO - Creating missing value indicators for specific columns
2026-09-20 16:28:45,410 - INFO - Applying imputer to missing values
2026-09-20 16:28:45,410 - INFO - Aligning features to match model's expected input
2026-09-20 16:28:45,476 - INFO - Validating input data for required columns and non-empty DataFrame
2026-09-20 16:28:45,476 - INFO - Making predictions using the provided model
2026-09-20 16:28:45,505 - INFO - Prediction request: input=   num_sellers  num_items  ...  customer_lat_missing  customer_lng_missing
0          1.0        1.0  ...                     0                     0

[1 rows x 117 columns] output=[{'prediction': 1, 'probability': 0.5412375926971436}] latency=2.544s model_version=1
2026-09-20 16:28:46,189 - INFO - Creating missing value indicators for specific columns
2026-09-20 16:28:46,189 - WARNING - Missing values found in column 'avg_seller_lat'. Created indicator column 'avg_seller_lat_missing'.
2026-09-20 16:28:46,189 - WARNING - Missing values found in column 'distance_km'. Created indicator column 'distance_km_missing'.
2026-09-20 16:28:46,189 - WARNING - Missing values found in column 'max_product_length_cm'. Created indicator column 'max_product_length_cm_missing'.
2026-09-20 16:28:46,189 - WARNING - Missing values found in column 'avg_product_description_length'. Created indicator column 'avg_product_description_length_missing'.
2026-09-20 16:28:46,189 - WARNING - Missing values found in column 'num_payments'. Created indicator column 'num_payments_missing'.
2026-09-20 16:28:46,189 - WARNING - Missing values found in column 'total_payment_value'. Created indicator column 'total_payment_value_missing'.
2026-09-20 16:28:46,189 - WARNING - Missing values found in column 'customer_lat'. Created indicator column 'customer_lat_missing'.
2026-09-20 16:28:46,189 - INFO - Aligning features to match model's expected input
2026-09-20 16:29:17,064 - INFO - Adding date features
2026-09-20 16:29:17,070 - INFO - Calculating haversine distance
2026-09-20 16:29:17,070 - INFO - Calculating haversine distance
2026-09-20 16:29:17,070 - INFO - Calculating haversine distance
2026-09-20 16:29:17,078 - INFO - Project root resolved to: D:\MlOps_tasks\task_3
2026-09-20 16:29:17,120 - INFO - Loading MLflow model from URI: models:/olist-classifier@champion
2026-09-20 16:29:22,695 - INFO - Loading pickle artifact: ..\models\transformers\imputer.pkl
2026-09-20 16:29:22,696 - INFO - Loading feature list: ..\feature_list.txt
2026-09-20 16:29:22,696 - INFO - Feature list loaded with 117 columns
2026-09-20 16:29:22,696 - INFO - Prediction request Received
2026-09-20 16:29:22,697 - INFO - Preparing features for prediction
2026-09-20 16:29:22,697 - INFO - Building order features for order_id=9e6bc602a2466daa94736f31d1319c5d, 8fb4e4bd46f9802e9179726dd20019a5, 88a78af246c6c2db88e72b384796c98c, d7c663de1470a2d3671791d3f093991c, c0e57db4a4a6ef32aa28911d1c07df81
2026-09-20 16:29:25,216 - INFO - Order feature creation completed for order_id=9e6bc602a2466daa94736f31d1319c5d, 8fb4e4bd46f9802e9179726dd20019a5, 88a78af246c6c2db88e72b384796c98c, d7c663de1470a2d3671791d3f093991c, c0e57db4a4a6ef32aa28911d1c07df81
2026-09-20 16:29:25,276 - INFO - Dropping unused columns from the dataset
2026-09-20 16:29:25,276 - INFO - Adding date features
2026-09-20 16:29:25,276 - INFO - Calculating haversine distance
2026-09-20 16:29:25,276 - INFO - Calculating haversine distance
2026-09-20 16:29:25,276 - INFO - Creating missing value indicators for specific columns
2026-09-20 16:29:25,276 - INFO - Applying imputer to missing values
2026-09-20 16:29:25,292 - INFO - Aligning features to match model's expected input
2026-09-20 16:29:25,362 - INFO - Validating input data for required columns and non-empty DataFrame
2026-09-20 16:29:25,362 - INFO - Making predictions using the provided model
2026-09-20 16:29:25,396 - INFO - Prediction request: input=   num_sellers  num_items  ...  customer_lat_missing  customer_lng_missing
0          2.0        2.0  ...                     0                     0
1          1.0        1.0  ...                     0                     0
2          1.0        1.0  ...                     0                     0
3          1.0        1.0  ...                     0                     0
4          1.0        1.0  ...                     0                     0

[5 rows x 117 columns] output=[{'prediction': 0, 'probability': 0.168917715549469}, {'prediction': 0, 'probability': 0.17624437808990479}, {'prediction': 0, 'probability': 0.246858149766922}, {'prediction': 0, 'probability': 0.20972174406051636}, {'prediction': 0, 'probability': 0.17072728276252747}] latency=2.699s model_version=1
2026-09-20 16:29:25,601 - INFO - Prediction request Received
2026-09-20 16:29:25,601 - INFO - Preparing features for prediction
2026-09-20 16:29:25,601 - INFO - Building order features for order_id=e4309eeca1cfe3c6df5a187c38817a5c
2026-09-20 16:29:27,987 - INFO - Order feature creation completed for order_id=e4309eeca1cfe3c6df5a187c38817a5c
2026-09-20 16:29:28,043 - INFO - Dropping unused columns from the dataset
2026-09-20 16:29:28,043 - INFO - Adding date features
2026-09-20 16:29:28,043 - INFO - Calculating haversine distance
2026-09-20 16:29:28,043 - INFO - Calculating haversine distance
2026-09-20 16:29:28,055 - INFO - Creating missing value indicators for specific columns
2026-09-20 16:29:28,059 - INFO - Applying imputer to missing values
2026-09-20 16:29:28,059 - INFO - Aligning features to match model's expected input
2026-09-20 16:29:28,132 - INFO - Validating input data for required columns and non-empty DataFrame
2026-09-20 16:29:28,132 - INFO - Making predictions using the provided model
2026-09-20 16:29:28,155 - INFO - Prediction request: input=   num_sellers  num_items  ...  customer_lat_missing  customer_lng_missing
0          1.0        1.0  ...                     0                     0

[1 rows x 117 columns] output=[{'prediction': 1, 'probability': 0.5412375926971436}] latency=2.555s model_version=1
2026-09-20 16:29:28,359 - INFO - Project root resolved to: D:\MlOps_tasks\task_3
2026-09-20 16:29:28,359 - INFO - Loading MLflow model from URI: models:/olist-classifier@champion
2026-09-20 16:29:28,443 - INFO - Loading pickle artifact: ..\models\transformers\imputer.pkl
2026-09-20 16:29:28,444 - INFO - Loading feature list: ..\feature_list.txt
2026-09-20 16:29:28,445 - INFO - Feature list loaded with 117 columns
2026-09-20 16:29:28,445 - INFO - Prediction request Received
2026-09-20 16:29:28,445 - INFO - Preparing features for prediction
2026-09-20 16:29:28,445 - INFO - Building order features for order_id=test-order-001
2026-09-20 16:29:28,782 - ERROR - Failed to build order features for order_id=test-order-001
Traceback (most recent call last):
  File "D:\MlOps_tasks\task_3\src\data_access.py", line 181, in create_order_features
    raise ValueError(f"NO ORDER with order_id(s): {missing_ids}")
ValueError: NO ORDER with order_id(s): {'test-order-001'}
2026-09-20 16:29:28,782 - ERROR - Prediction failed: NO ORDER with order_id(s): {'test-order-001'}
Traceback (most recent call last):
  File "D:\MlOps_tasks\task_3\src\pipeline.py", line 51, in predict
    features = self.prepare_features(order_ids)
               ^^^^^^^^^^^^^^^^^^^^^^^^^^^^^^^^
  File "D:\MlOps_tasks\task_3\src\pipeline.py", line 30, in prepare_features
    data=create_order_features(order_ids)
         ^^^^^^^^^^^^^^^^^^^^^^^^^^^^^^^^
  File "D:\MlOps_tasks\task_3\src\data_access.py", line 181, in create_order_features
    raise ValueError(f"NO ORDER with order_id(s): {missing_ids}")
ValueError: NO ORDER with order_id(s): {'test-order-001'}
2026-09-20 16:29:29,284 - INFO - Creating missing value indicators for specific columns
2026-09-20 16:29:29,284 - WARNING - Missing values found in column 'avg_seller_lat'. Created indicator column 'avg_seller_lat_missing'.
2026-09-20 16:29:29,284 - WARNING - Missing values found in column 'distance_km'. Created indicator column 'distance_km_missing'.
2026-09-20 16:29:29,284 - WARNING - Missing values found in column 'max_product_length_cm'. Created indicator column 'max_product_length_cm_missing'.
2026-09-20 16:29:29,284 - WARNING - Missing values found in column 'avg_product_description_length'. Created indicator column 'avg_product_description_length_missing'.
2026-09-20 16:29:29,284 - WARNING - Missing values found in column 'num_payments'. Created indicator column 'num_payments_missing'.
2026-09-20 16:29:29,284 - WARNING - Missing values found in column 'total_payment_value'. Created indicator column 'total_payment_value_missing'.
2026-09-20 16:29:29,299 - WARNING - Missing values found in column 'customer_lat'. Created indicator column 'customer_lat_missing'.
2026-09-20 16:29:29,302 - INFO - Aligning features to match model's expected input
2026-09-20 16:31:17,002 - INFO - Adding date features
2026-09-20 16:31:17,008 - INFO - Calculating haversine distance
2026-09-20 16:31:17,009 - INFO - Calculating haversine distance
2026-09-20 16:31:17,010 - INFO - Calculating haversine distance
2026-09-20 16:31:17,013 - INFO - Project root resolved to: D:\MlOps_tasks\task_3
2026-09-20 16:31:17,048 - INFO - Loading MLflow model from URI: models:/olist-classifier@champion
2026-09-20 16:31:23,295 - INFO - Loading pickle artifact: ..\models\transformers\imputer.pkl
2026-09-20 16:31:23,296 - INFO - Loading feature list: ..\feature_list.txt
2026-09-20 16:31:23,297 - INFO - Feature list loaded with 117 columns
2026-09-20 16:31:23,297 - INFO - Prediction request Received
2026-09-20 16:31:23,297 - INFO - Preparing features for prediction
2026-09-20 16:31:23,297 - INFO - Building order features for order_id=9e6bc602a2466daa94736f31d1319c5d, 8fb4e4bd46f9802e9179726dd20019a5, 88a78af246c6c2db88e72b384796c98c, d7c663de1470a2d3671791d3f093991c, c0e57db4a4a6ef32aa28911d1c07df81
2026-09-20 16:31:25,921 - INFO - Order feature creation completed for order_id=9e6bc602a2466daa94736f31d1319c5d, 8fb4e4bd46f9802e9179726dd20019a5, 88a78af246c6c2db88e72b384796c98c, d7c663de1470a2d3671791d3f093991c, c0e57db4a4a6ef32aa28911d1c07df81
2026-09-20 16:31:25,979 - INFO - Dropping unused columns from the dataset
2026-09-20 16:31:25,980 - INFO - Adding date features
2026-09-20 16:31:25,985 - INFO - Calculating haversine distance
2026-09-20 16:31:25,985 - INFO - Calculating haversine distance
2026-09-20 16:31:25,987 - INFO - Creating missing value indicators for specific columns
2026-09-20 16:31:25,993 - INFO - Applying imputer to missing values
2026-09-20 16:31:26,009 - INFO - Aligning features to match model's expected input
2026-09-20 16:31:26,065 - INFO - Validating input data for required columns and non-empty DataFrame
2026-09-20 16:31:26,065 - INFO - Making predictions using the provided model
2026-09-20 16:31:26,097 - INFO - Prediction request: input=   num_sellers  num_items  ...  customer_lat_missing  customer_lng_missing
0          2.0        2.0  ...                     0                     0
1          1.0        1.0  ...                     0                     0
2          1.0        1.0  ...                     0                     0
3          1.0        1.0  ...                     0                     0
4          1.0        1.0  ...                     0                     0

[5 rows x 117 columns] output=[{'prediction': 0, 'probability': 0.168917715549469}, {'prediction': 0, 'probability': 0.17624437808990479}, {'prediction': 0, 'probability': 0.246858149766922}, {'prediction': 0, 'probability': 0.20972174406051636}, {'prediction': 0, 'probability': 0.17072728276252747}] latency=2.800s model_version=1
2026-09-20 16:31:26,303 - INFO - Prediction request Received
2026-09-20 16:31:26,303 - INFO - Preparing features for prediction
2026-09-20 16:31:26,303 - INFO - Building order features for order_id=e4309eeca1cfe3c6df5a187c38817a5c
2026-09-20 16:31:28,811 - INFO - Order feature creation completed for order_id=e4309eeca1cfe3c6df5a187c38817a5c
2026-09-20 16:31:28,870 - INFO - Dropping unused columns from the dataset
2026-09-20 16:31:28,870 - INFO - Adding date features
2026-09-20 16:31:28,870 - INFO - Calculating haversine distance
2026-09-20 16:31:28,870 - INFO - Calculating haversine distance
2026-09-20 16:31:28,870 - INFO - Creating missing value indicators for specific columns
2026-09-20 16:31:28,870 - INFO - Applying imputer to missing values
2026-09-20 16:31:28,870 - INFO - Aligning features to match model's expected input
2026-09-20 16:31:28,943 - INFO - Validating input data for required columns and non-empty DataFrame
2026-09-20 16:31:28,943 - INFO - Making predictions using the provided model
2026-09-20 16:31:28,969 - INFO - Prediction request: input=   num_sellers  num_items  ...  customer_lat_missing  customer_lng_missing
0          1.0        1.0  ...                     0                     0

[1 rows x 117 columns] output=[{'prediction': 1, 'probability': 0.5412375926971436}] latency=2.666s model_version=1
2026-09-20 16:31:29,663 - INFO - Creating missing value indicators for specific columns
2026-09-20 16:31:29,664 - WARNING - Missing values found in column 'avg_seller_lat'. Created indicator column 'avg_seller_lat_missing'.
2026-09-20 16:31:29,664 - WARNING - Missing values found in column 'distance_km'. Created indicator column 'distance_km_missing'.
2026-09-20 16:31:29,665 - WARNING - Missing values found in column 'max_product_length_cm'. Created indicator column 'max_product_length_cm_missing'.
2026-09-20 16:31:29,666 - WARNING - Missing values found in column 'avg_product_description_length'. Created indicator column 'avg_product_description_length_missing'.
2026-09-20 16:31:29,667 - WARNING - Missing values found in column 'num_payments'. Created indicator column 'num_payments_missing'.
2026-09-20 16:31:29,668 - WARNING - Missing values found in column 'total_payment_value'. Created indicator column 'total_payment_value_missing'.
2026-09-20 16:31:29,671 - WARNING - Missing values found in column 'customer_lat'. Created indicator column 'customer_lat_missing'.
2026-09-20 16:31:29,673 - INFO - Aligning features to match model's expected input
2026-09-20 16:31:51,069 - INFO - Adding date features
2026-09-20 16:31:51,078 - INFO - Calculating haversine distance
2026-09-20 16:31:51,080 - INFO - Calculating haversine distance
2026-09-20 16:31:51,080 - INFO - Calculating haversine distance
2026-09-20 16:31:51,084 - INFO - Project root resolved to: D:\MlOps_tasks\task_3
2026-09-20 16:31:51,121 - INFO - Loading MLflow model from URI: models:/olist-classifier@champion
2026-09-20 16:31:57,265 - INFO - Loading pickle artifact: ..\models\transformers\imputer.pkl
2026-09-20 16:31:57,266 - INFO - Loading feature list: ..\feature_list.txt
2026-09-20 16:31:57,266 - INFO - Feature list loaded with 117 columns
2026-09-20 16:31:57,267 - INFO - Prediction request Received
2026-09-20 16:31:57,267 - INFO - Preparing features for prediction
2026-09-20 16:31:57,267 - INFO - Building order features for order_id=9e6bc602a2466daa94736f31d1319c5d, 8fb4e4bd46f9802e9179726dd20019a5, 88a78af246c6c2db88e72b384796c98c, d7c663de1470a2d3671791d3f093991c, c0e57db4a4a6ef32aa28911d1c07df81
2026-09-20 16:31:59,721 - INFO - Order feature creation completed for order_id=9e6bc602a2466daa94736f31d1319c5d, 8fb4e4bd46f9802e9179726dd20019a5, 88a78af246c6c2db88e72b384796c98c, d7c663de1470a2d3671791d3f093991c, c0e57db4a4a6ef32aa28911d1c07df81
2026-09-20 16:31:59,768 - INFO - Dropping unused columns from the dataset
2026-09-20 16:31:59,784 - INFO - Adding date features
2026-09-20 16:31:59,784 - INFO - Calculating haversine distance
2026-09-20 16:31:59,784 - INFO - Calculating haversine distance
2026-09-20 16:31:59,784 - INFO - Creating missing value indicators for specific columns
2026-09-20 16:31:59,784 - INFO - Applying imputer to missing values
2026-09-20 16:31:59,800 - INFO - Aligning features to match model's expected input
2026-09-20 16:31:59,870 - INFO - Validating input data for required columns and non-empty DataFrame
2026-09-20 16:31:59,870 - INFO - Making predictions using the provided model
2026-09-20 16:31:59,895 - INFO - Prediction request: input=   num_sellers  num_items  ...  customer_lat_missing  customer_lng_missing
0          2.0        2.0  ...                     0                     0
1          1.0        1.0  ...                     0                     0
2          1.0        1.0  ...                     0                     0
3          1.0        1.0  ...                     0                     0
4          1.0        1.0  ...                     0                     0

[5 rows x 117 columns] output=[{'prediction': 0, 'probability': 0.168917715549469}, {'prediction': 0, 'probability': 0.17624437808990479}, {'prediction': 0, 'probability': 0.246858149766922}, {'prediction': 0, 'probability': 0.20972174406051636}, {'prediction': 0, 'probability': 0.17072728276252747}] latency=2.628s model_version=1
2026-09-20 16:32:00,101 - INFO - Prediction request Received
2026-09-20 16:32:00,101 - INFO - Preparing features for prediction
2026-09-20 16:32:00,101 - INFO - Building order features for order_id=e4309eeca1cfe3c6df5a187c38817a5c
2026-09-20 16:32:02,515 - INFO - Order feature creation completed for order_id=e4309eeca1cfe3c6df5a187c38817a5c
2026-09-20 16:32:02,580 - INFO - Dropping unused columns from the dataset
2026-09-20 16:32:02,580 - INFO - Adding date features
2026-09-20 16:32:02,580 - INFO - Calculating haversine distance
2026-09-20 16:32:02,580 - INFO - Calculating haversine distance
2026-09-20 16:32:02,594 - INFO - Creating missing value indicators for specific columns
2026-09-20 16:32:02,600 - INFO - Applying imputer to missing values
2026-09-20 16:32:02,604 - INFO - Aligning features to match model's expected input
2026-09-20 16:32:02,674 - INFO - Validating input data for required columns and non-empty DataFrame
2026-09-20 16:32:02,674 - INFO - Making predictions using the provided model
2026-09-20 16:32:02,696 - INFO - Prediction request: input=   num_sellers  num_items  ...  customer_lat_missing  customer_lng_missing
0          1.0        1.0  ...                     0                     0

[1 rows x 117 columns] output=[{'prediction': 1, 'probability': 0.5412375926971436}] latency=2.595s model_version=1
2026-09-20 16:32:02,895 - INFO - Project root resolved to: D:\MlOps_tasks\task_3
2026-09-20 16:32:02,897 - INFO - Loading MLflow model from URI: models:/olist-classifier@champion
2026-09-20 16:32:02,978 - INFO - Loading pickle artifact: ..\models\transformers\imputer.pkl
2026-09-20 16:32:02,979 - INFO - Loading feature list: ..\feature_list.txt
2026-09-20 16:32:02,979 - INFO - Feature list loaded with 117 columns
2026-09-20 16:32:02,979 - INFO - Prediction request Received
2026-09-20 16:32:02,979 - INFO - Preparing features for prediction
2026-09-20 16:32:02,980 - INFO - Building order features for order_id=test-order-001
2026-09-20 16:32:03,324 - ERROR - Failed to build order features for order_id=test-order-001
Traceback (most recent call last):
  File "D:\MlOps_tasks\task_3\src\data_access.py", line 181, in create_order_features
    raise ValueError(f"NO ORDER with order_id(s): {missing_ids}")
ValueError: NO ORDER with order_id(s): {'test-order-001'}
2026-09-20 16:32:03,324 - ERROR - Prediction failed: NO ORDER with order_id(s): {'test-order-001'}
Traceback (most recent call last):
  File "D:\MlOps_tasks\task_3\src\pipeline.py", line 51, in predict
    features = self.prepare_features(order_ids)
               ^^^^^^^^^^^^^^^^^^^^^^^^^^^^^^^^
  File "D:\MlOps_tasks\task_3\src\pipeline.py", line 30, in prepare_features
    data=create_order_features(order_ids)
         ^^^^^^^^^^^^^^^^^^^^^^^^^^^^^^^^
  File "D:\MlOps_tasks\task_3\src\data_access.py", line 181, in create_order_features
    raise ValueError(f"NO ORDER with order_id(s): {missing_ids}")
ValueError: NO ORDER with order_id(s): {'test-order-001'}
2026-09-20 16:32:03,340 - INFO - Creating missing value indicators for specific columns
2026-09-20 16:32:03,341 - WARNING - Missing values found in column 'avg_seller_lat'. Created indicator column 'avg_seller_lat_missing'.
2026-09-20 16:32:03,342 - WARNING - Missing values found in column 'distance_km'. Created indicator column 'distance_km_missing'.
2026-09-20 16:32:03,344 - WARNING - Missing values found in column 'max_product_length_cm'. Created indicator column 'max_product_length_cm_missing'.
2026-09-20 16:32:03,345 - WARNING - Missing values found in column 'avg_product_description_length'. Created indicator column 'avg_product_description_length_missing'.
2026-09-20 16:32:03,346 - WARNING - Missing values found in column 'num_payments'. Created indicator column 'num_payments_missing'.
2026-09-20 16:32:03,347 - WARNING - Missing values found in column 'total_payment_value'. Created indicator column 'total_payment_value_missing'.
2026-09-20 16:32:03,350 - WARNING - Missing values found in column 'customer_lat'. Created indicator column 'customer_lat_missing'.
2026-09-20 16:32:03,354 - INFO - Aligning features to match model's expected input
2026-09-20 17:10:12,300 - INFO - Loading MLflow model from URI: models:/olist-classifier@champion
2026-09-20 17:10:17,966 - INFO - Loading pickle artifact: ..\models\transformers\imputer.pkl
2026-09-20 17:10:17,967 - ERROR - Failed to load pickle artifact: ..\models\transformers\imputer.pkl
Traceback (most recent call last):
  File "D:\MlOps_tasks\task_3\src\data_access.py", line 30, in load_pickle
    return joblib.load(path)
           ~~~~~~~~~~~^^^^^^
  File "C:\Users\acer\AppData\Local\Programs\Python\Python314\Lib\site-packages\joblib\numpy_pickle.py", line 741, in load
    with open(filename, "rb") as f:
         ~~~~^^^^^^^^^^^^^^^^
FileNotFoundError: [Errno 2] No such file or directory: '..\\models\\transformers\\imputer.pkl'
2026-09-20 17:14:06,422 - INFO - Loading MLflow model from URI: models:/olist-classifier@champion
2026-09-20 17:14:13,424 - INFO - Loading pickle artifact: ..\models\transformers\imputer.pkl
2026-09-20 17:14:13,425 - ERROR - Failed to load pickle artifact: ..\models\transformers\imputer.pkl
Traceback (most recent call last):
  File "D:\MlOps_tasks\task_3\src\data_access.py", line 32, in load_pickle
    return joblib.load(path)
           ~~~~~~~~~~~^^^^^^
  File "C:\Users\acer\AppData\Local\Programs\Python\Python314\Lib\site-packages\joblib\numpy_pickle.py", line 741, in load
    with open(filename, "rb") as f:
         ~~~~^^^^^^^^^^^^^^^^
FileNotFoundError: [Errno 2] No such file or directory: '..\\models\\transformers\\imputer.pkl'
2026-09-20 17:14:16,747 - INFO - Loading MLflow model from URI: models:/olist-classifier@champion
2026-09-20 17:14:22,701 - INFO - Loading pickle artifact: ..\models\transformers\imputer.pkl
2026-09-20 17:14:22,702 - ERROR - Failed to load pickle artifact: ..\models\transformers\imputer.pkl\tests
Traceback (most recent call last):
  File "D:\MlOps_tasks\task_3\src\data_access.py", line 32, in load_pickle
    return joblib.load(path)
           ~~~~~~~~~~~^^^^^^
  File "C:\Users\acer\AppData\Local\Programs\Python\Python314\Lib\site-packages\joblib\numpy_pickle.py", line 741, in load
    with open(filename, "rb") as f:
         ~~~~^^^^^^^^^^^^^^^^
FileNotFoundError: [Errno 2] No such file or directory: '..\\models\\transformers\\imputer.pkl\\tests'
2026-09-20 17:14:41,510 - INFO - Loading MLflow model from URI: models:/olist-classifier@champion
2026-09-20 17:14:47,228 - INFO - Loading pickle artifact: ..\models\transformers\imputer.pkl
2026-09-20 17:14:47,228 - ERROR - Failed to load pickle artifact: ..\models\transformers\imputer.pkl
Traceback (most recent call last):
  File "D:\MlOps_tasks\task_3\src\data_access.py", line 30, in load_pickle
    return joblib.load(path)
           ~~~~~~~~~~~^^^^^^
  File "C:\Users\acer\AppData\Local\Programs\Python\Python314\Lib\site-packages\joblib\numpy_pickle.py", line 741, in load
    with open(filename, "rb") as f:
         ~~~~^^^^^^^^^^^^^^^^
FileNotFoundError: [Errno 2] No such file or directory: '..\\models\\transformers\\imputer.pkl'
2026-09-20 17:15:06,789 - INFO - Loading MLflow model from URI: models:/olist-classifier@champion
2026-09-20 17:15:12,881 - INFO - Loading pickle artifact: ..\models\transformers\imputer.pkl
2026-09-20 17:15:12,882 - ERROR - Failed to load pickle artifact: ..\models\transformers\imputer.pkl
Traceback (most recent call last):
  File "D:\MlOps_tasks\task_3\src\data_access.py", line 33, in load_pickle
    return joblib.load(path)
           ~~~~~~~~~~~^^^^^^
  File "C:\Users\acer\AppData\Local\Programs\Python\Python314\Lib\site-packages\joblib\numpy_pickle.py", line 741, in load
    with open(filename, "rb") as f:
         ~~~~^^^^^^^^^^^^^^^^
FileNotFoundError: [Errno 2] No such file or directory: '..\\models\\transformers\\imputer.pkl'
2026-09-20 17:15:15,895 - INFO - Loading MLflow model from URI: models:/olist-classifier@champion
2026-09-20 17:15:22,153 - INFO - Loading pickle artifact: ..\models\transformers\imputer.pkl
2026-09-20 17:15:22,153 - ERROR - Failed to load pickle artifact: ..\models\transformers\imputer.pkl
Traceback (most recent call last):
  File "D:\MlOps_tasks\task_3\src\data_access.py", line 33, in load_pickle
    return joblib.load(path)
           ~~~~~~~~~~~^^^^^^
  File "C:\Users\acer\AppData\Local\Programs\Python\Python314\Lib\site-packages\joblib\numpy_pickle.py", line 741, in load
    with open(filename, "rb") as f:
         ~~~~^^^^^^^^^^^^^^^^
FileNotFoundError: [Errno 2] No such file or directory: '..\\models\\transformers\\imputer.pkl'
2026-09-20 17:15:28,795 - INFO - Loading MLflow model from URI: models:/olist-classifier@champion
2026-09-20 17:15:35,462 - INFO - Loading pickle artifact: ..\models\transformers\imputer.pkl
2026-09-20 17:15:35,463 - ERROR - Failed to load pickle artifact: ..\models\transformers\imputer.pkl
Traceback (most recent call last):
  File "D:\MlOps_tasks\task_3\src\data_access.py", line 33, in load_pickle
    return joblib.load(path)
           ~~~~~~~~~~~^^^^^^
  File "C:\Users\acer\AppData\Local\Programs\Python\Python314\Lib\site-packages\joblib\numpy_pickle.py", line 741, in load
    with open(filename, "rb") as f:
         ~~~~^^^^^^^^^^^^^^^^
FileNotFoundError: [Errno 2] No such file or directory: '..\\models\\transformers\\imputer.pkl'
2026-09-20 17:15:38,946 - INFO - Loading MLflow model from URI: models:/olist-classifier@champion
2026-09-20 17:15:44,797 - INFO - Loading pickle artifact: ..\models\transformers\imputer.pkl
2026-09-20 17:15:44,798 - ERROR - Failed to load pickle artifact: ..\models\transformers\imputer.pkl
Traceback (most recent call last):
  File "D:\MlOps_tasks\task_3\src\data_access.py", line 34, in load_pickle
    return joblib.load(path)
           ~~~~~~~~~~~^^^^^^
  File "C:\Users\acer\AppData\Local\Programs\Python\Python314\Lib\site-packages\joblib\numpy_pickle.py", line 741, in load
    with open(filename, "rb") as f:
         ~~~~^^^^^^^^^^^^^^^^
FileNotFoundError: [Errno 2] No such file or directory: '..\\models\\transformers\\imputer.pkl'
2026-09-20 17:15:47,850 - INFO - Loading MLflow model from URI: models:/olist-classifier@champion
2026-09-20 17:15:53,624 - INFO - Loading pickle artifact: ..\models\transformers\imputer.pkl
2026-09-20 17:15:53,625 - ERROR - Failed to load pickle artifact: ..\models\transformers\imputer.pkl
Traceback (most recent call last):
  File "D:\MlOps_tasks\task_3\src\data_access.py", line 34, in load_pickle
    return joblib.load(path)
           ~~~~~~~~~~~^^^^^^
  File "C:\Users\acer\AppData\Local\Programs\Python\Python314\Lib\site-packages\joblib\numpy_pickle.py", line 741, in load
    with open(filename, "rb") as f:
         ~~~~^^^^^^^^^^^^^^^^
FileNotFoundError: [Errno 2] No such file or directory: '..\\models\\transformers\\imputer.pkl'
2026-09-20 17:16:46,951 - INFO - Loading MLflow model from URI: models:/olist-classifier@champion
2026-09-20 17:16:52,792 - INFO - Loading pickle artifact: ..\models\transformers\imputer.pkl
2026-09-20 17:16:52,793 - ERROR - Failed to load pickle artifact: ..\models\transformers\imputer.pkl
Traceback (most recent call last):
  File "D:\MlOps_tasks\task_3\src\data_access.py", line 34, in load_pickle
    return joblib.load(path)
           ~~~~~~~~~~~^^^^^^
  File "C:\Users\acer\AppData\Local\Programs\Python\Python314\Lib\site-packages\joblib\numpy_pickle.py", line 741, in load
    with open(filename, "rb") as f:
         ~~~~^^^^^^^^^^^^^^^^
FileNotFoundError: [Errno 2] No such file or directory: '..\\models\\transformers\\imputer.pkl'
2026-09-20 17:17:19,069 - INFO - Loading MLflow model from URI: models:/olist-classifier@champion
2026-09-20 17:17:25,188 - INFO - Loading pickle artifact: ..\models\transformers\imputer.pkl
2026-09-20 17:17:25,189 - ERROR - Failed to load pickle artifact: ..\models\transformers\imputer.pkl
Traceback (most recent call last):
  File "D:\MlOps_tasks\task_3\src\data_access.py", line 31, in load_pickle
    return joblib.load(path)
           ~~~~~~~~~~~^^^^^^
  File "C:\Users\acer\AppData\Local\Programs\Python\Python314\Lib\site-packages\joblib\numpy_pickle.py", line 741, in load
    with open(filename, "rb") as f:
         ~~~~^^^^^^^^^^^^^^^^
FileNotFoundError: [Errno 2] No such file or directory: '..\\models\\transformers\\imputer.pkl'
2026-09-20 17:17:51,924 - INFO - Loading MLflow model from URI: models:/olist-classifier@champion
2026-09-20 17:17:57,625 - INFO - Loading pickle artifact: models\transformers\imputer.pkl
2026-09-20 17:17:57,626 - INFO - Loading feature list: ..\feature_list.txt
2026-09-20 17:17:57,627 - ERROR - Failed to load feature list: ..\feature_list.txt
Traceback (most recent call last):
  File "D:\MlOps_tasks\task_3\src\data_access.py", line 42, in load_feature_list
    for line in path.read_text(encoding="utf-8").splitlines()
                ~~~~~~~~~~~~~~^^^^^^^^^^^^^^^^^^
  File "C:\Users\acer\AppData\Local\Programs\Python\Python314\Lib\pathlib\__init__.py", line 787, in read_text
    with self.open(mode='r', encoding=encoding, errors=errors, newline=newline) as f:
         ~~~~~~~~~^^^^^^^^^^^^^^^^^^^^^^^^^^^^^^^^^^^^^^^^^^^^^^^^^^^^^^^^^^^^^
  File "C:\Users\acer\AppData\Local\Programs\Python\Python314\Lib\pathlib\__init__.py", line 771, in open
    return io.open(self, mode, buffering, encoding, errors, newline)
           ~~~~~~~^^^^^^^^^^^^^^^^^^^^^^^^^^^^^^^^^^^^^^^^^^^^^^^^^^
FileNotFoundError: [Errno 2] No such file or directory: '..\\feature_list.txt'
2026-09-20 17:19:07,492 - INFO - Loading MLflow model from URI: models:/olist-classifier@champion
2026-09-20 17:19:13,484 - INFO - Loading pickle artifact: models\transformers\imputer.pkl
2026-09-20 17:19:13,486 - INFO - Loading feature list: feature_list.txt
2026-09-20 17:19:13,486 - INFO - Feature list loaded with 117 columns
2026-09-20 17:20:44,704 - INFO - Project root resolved to: D:\MlOps_tasks\task_3
2026-09-20 17:20:46,245 - INFO - Project root resolved to: D:\MlOps_tasks\task_3
2026-09-20 17:22:07,351 - INFO - Project root resolved to: D:\MlOps_tasks\task_3
2026-09-20 17:22:07,369 - INFO - Project root resolved to: D:\MlOps_tasks\task_3
2026-09-20 17:22:36,230 - INFO - Loading MLflow model from URI: models:/olist-classifier@champion
2026-09-20 17:22:42,293 - INFO - Loading pickle artifact: models\transformers\imputer.pkl
2026-09-20 17:22:42,294 - INFO - Loading feature list: feature_list.txt
2026-09-20 17:22:42,294 - INFO - Feature list loaded with 117 columns
2026-09-20 17:23:08,606 - INFO - Adding date features
2026-09-20 17:23:08,613 - INFO - Calculating haversine distance
2026-09-20 17:23:08,614 - INFO - Calculating haversine distance
2026-09-20 17:23:08,614 - INFO - Calculating haversine distance
2026-09-20 17:23:08,619 - INFO - Project root resolved to: D:\MlOps_tasks\task_3
2026-09-20 17:23:08,662 - INFO - Loading MLflow model from URI: models:/olist-classifier@champion
2026-09-20 17:23:14,476 - INFO - Loading pickle artifact: models\transformers\imputer.pkl
2026-09-20 17:23:14,476 - ERROR - Failed to load pickle artifact: models\transformers\imputer.pkl
Traceback (most recent call last):
  File "D:\MlOps_tasks\task_3\src\data_access.py", line 31, in load_pickle
    return joblib.load(path)
           ^^^^^^^^^^^^^^^^^
  File "C:\Users\acer\AppData\Local\Programs\Python\Python312\Lib\site-packages\joblib\numpy_pickle.py", line 650, in load
    with open(filename, 'rb') as f:
         ^^^^^^^^^^^^^^^^^^^^
FileNotFoundError: [Errno 2] No such file or directory: 'models\\transformers\\imputer.pkl'
2026-09-20 17:23:15,041 - INFO - Project root resolved to: D:\MlOps_tasks\task_3
2026-09-20 17:23:15,049 - INFO - Loading MLflow model from URI: models:/olist-classifier@champion
2026-09-20 17:23:15,126 - INFO - Loading pickle artifact: models\transformers\imputer.pkl
2026-09-20 17:23:15,126 - ERROR - Failed to load pickle artifact: models\transformers\imputer.pkl
Traceback (most recent call last):
  File "D:\MlOps_tasks\task_3\src\data_access.py", line 31, in load_pickle
    return joblib.load(path)
           ^^^^^^^^^^^^^^^^^
  File "C:\Users\acer\AppData\Local\Programs\Python\Python312\Lib\site-packages\joblib\numpy_pickle.py", line 650, in load
    with open(filename, 'rb') as f:
         ^^^^^^^^^^^^^^^^^^^^
FileNotFoundError: [Errno 2] No such file or directory: 'models\\transformers\\imputer.pkl'
2026-09-20 17:23:15,146 - INFO - Creating missing value indicators for specific columns
2026-09-20 17:23:15,148 - WARNING - Missing values found in column 'avg_seller_lat'. Created indicator column 'avg_seller_lat_missing'.
2026-09-20 17:23:15,148 - WARNING - Missing values found in column 'distance_km'. Created indicator column 'distance_km_missing'.
2026-09-20 17:23:15,150 - WARNING - Missing values found in column 'max_product_length_cm'. Created indicator column 'max_product_length_cm_missing'.
2026-09-20 17:23:15,150 - WARNING - Missing values found in column 'avg_product_description_length'. Created indicator column 'avg_product_description_length_missing'.
2026-09-20 17:23:15,152 - WARNING - Missing values found in column 'num_payments'. Created indicator column 'num_payments_missing'.
2026-09-20 17:23:15,152 - WARNING - Missing values found in column 'total_payment_value'. Created indicator column 'total_payment_value_missing'.
2026-09-20 17:23:15,155 - WARNING - Missing values found in column 'customer_lat'. Created indicator column 'customer_lat_missing'.
2026-09-20 17:23:15,157 - INFO - Aligning features to match model's expected input
2026-09-20 17:23:40,219 - INFO - Loading MLflow model from URI: models:/olist-classifier@champion
2026-09-20 17:23:40,537 - INFO - Adding date features
2026-09-20 17:23:40,558 - INFO - Calculating haversine distance
2026-09-20 17:23:40,560 - INFO - Calculating haversine distance
2026-09-20 17:23:40,560 - INFO - Calculating haversine distance
2026-09-20 17:23:40,566 - INFO - Project root resolved to: D:\MlOps_tasks\task_3
2026-09-20 17:23:40,627 - INFO - Loading MLflow model from URI: models:/olist-classifier@champion
2026-09-20 17:23:46,917 - INFO - Loading pickle artifact: models\transformers\imputer.pkl
2026-09-20 17:23:46,918 - INFO - Loading feature list: feature_list.txt
2026-09-20 17:23:46,919 - INFO - Feature list loaded with 117 columns
2026-09-20 17:23:47,239 - INFO - Loading pickle artifact: models\transformers\imputer.pkl
2026-09-20 17:23:47,241 - INFO - Loading feature list: feature_list.txt
2026-09-20 17:23:47,241 - INFO - Feature list loaded with 117 columns
2026-09-20 17:23:47,241 - INFO - Prediction request Received
2026-09-20 17:23:47,241 - INFO - Preparing features for prediction
2026-09-20 17:23:47,241 - INFO - Building order features for order_id=9e6bc602a2466daa94736f31d1319c5d, 8fb4e4bd46f9802e9179726dd20019a5, 88a78af246c6c2db88e72b384796c98c, d7c663de1470a2d3671791d3f093991c, c0e57db4a4a6ef32aa28911d1c07df81
2026-09-20 17:23:47,243 - ERROR - Failed to build order features for order_id=9e6bc602a2466daa94736f31d1319c5d, 8fb4e4bd46f9802e9179726dd20019a5, 88a78af246c6c2db88e72b384796c98c, d7c663de1470a2d3671791d3f093991c, c0e57db4a4a6ef32aa28911d1c07df81
Traceback (most recent call last):
  File "D:\MlOps_tasks\task_3\src\data_access.py", line 163, in create_order_features
    connection_string=yaml.safe_load(open('../config/params.yaml'))['connection_string']
                                     ^^^^^^^^^^^^^^^^^^^^^^^^^^^^^
FileNotFoundError: [Errno 2] No such file or directory: '../config/params.yaml'
2026-09-20 17:23:47,243 - ERROR - Prediction failed: [Errno 2] No such file or directory: '../config/params.yaml'
Traceback (most recent call last):
  File "D:\MlOps_tasks\task_3\src\pipeline.py", line 51, in predict
    features = self.prepare_features(order_ids)
               ^^^^^^^^^^^^^^^^^^^^^^^^^^^^^^^^
  File "D:\MlOps_tasks\task_3\src\pipeline.py", line 30, in prepare_features
    data=create_order_features(order_ids)
         ^^^^^^^^^^^^^^^^^^^^^^^^^^^^^^^^
  File "D:\MlOps_tasks\task_3\src\data_access.py", line 163, in create_order_features
    connection_string=yaml.safe_load(open('../config/params.yaml'))['connection_string']
                                     ^^^^^^^^^^^^^^^^^^^^^^^^^^^^^
FileNotFoundError: [Errno 2] No such file or directory: '../config/params.yaml'
2026-09-20 17:23:47,740 - INFO - Project root resolved to: D:\MlOps_tasks\task_3
2026-09-20 17:23:47,742 - INFO - Loading MLflow model from URI: models:/olist-classifier@champion
2026-09-20 17:23:47,825 - INFO - Loading pickle artifact: models\transformers\imputer.pkl
2026-09-20 17:23:47,826 - INFO - Loading feature list: feature_list.txt
2026-09-20 17:23:47,826 - INFO - Feature list loaded with 117 columns
2026-09-20 17:23:47,826 - INFO - Prediction request Received
2026-09-20 17:23:47,827 - INFO - Preparing features for prediction
2026-09-20 17:23:47,827 - INFO - Building order features for order_id=test-order-001
2026-09-20 17:23:47,827 - ERROR - Failed to build order features for order_id=test-order-001
Traceback (most recent call last):
  File "D:\MlOps_tasks\task_3\src\data_access.py", line 163, in create_order_features
    connection_string=yaml.safe_load(open('../config/params.yaml'))['connection_string']
                                     ^^^^^^^^^^^^^^^^^^^^^^^^^^^^^
FileNotFoundError: [Errno 2] No such file or directory: '../config/params.yaml'
2026-09-20 17:23:47,827 - ERROR - Prediction failed: [Errno 2] No such file or directory: '../config/params.yaml'
Traceback (most recent call last):
  File "D:\MlOps_tasks\task_3\src\pipeline.py", line 51, in predict
    features = self.prepare_features(order_ids)
               ^^^^^^^^^^^^^^^^^^^^^^^^^^^^^^^^
  File "D:\MlOps_tasks\task_3\src\pipeline.py", line 30, in prepare_features
    data=create_order_features(order_ids)
         ^^^^^^^^^^^^^^^^^^^^^^^^^^^^^^^^
  File "D:\MlOps_tasks\task_3\src\data_access.py", line 163, in create_order_features
    connection_string=yaml.safe_load(open('../config/params.yaml'))['connection_string']
                                     ^^^^^^^^^^^^^^^^^^^^^^^^^^^^^
FileNotFoundError: [Errno 2] No such file or directory: '../config/params.yaml'
2026-09-20 17:23:47,840 - INFO - Creating missing value indicators for specific columns
2026-09-20 17:23:47,841 - WARNING - Missing values found in column 'avg_seller_lat'. Created indicator column 'avg_seller_lat_missing'.
2026-09-20 17:23:47,843 - WARNING - Missing values found in column 'distance_km'. Created indicator column 'distance_km_missing'.
2026-09-20 17:23:47,843 - WARNING - Missing values found in column 'max_product_length_cm'. Created indicator column 'max_product_length_cm_missing'.
2026-09-20 17:23:47,845 - WARNING - Missing values found in column 'avg_product_description_length'. Created indicator column 'avg_product_description_length_missing'.
2026-09-20 17:23:47,845 - WARNING - Missing values found in column 'num_payments'. Created indicator column 'num_payments_missing'.
2026-09-20 17:23:47,847 - WARNING - Missing values found in column 'total_payment_value'. Created indicator column 'total_payment_value_missing'.
2026-09-20 17:23:47,849 - WARNING - Missing values found in column 'customer_lat'. Created indicator column 'customer_lat_missing'.
2026-09-20 17:23:47,853 - INFO - Aligning features to match model's expected input
2026-09-20 17:24:51,641 - INFO - Loading MLflow model from URI: models:/olist-classifier@champion
2026-09-20 17:24:54,768 - INFO - Adding date features
2026-09-20 17:24:54,780 - INFO - Calculating haversine distance
2026-09-20 17:24:54,781 - INFO - Calculating haversine distance
2026-09-20 17:24:54,781 - INFO - Calculating haversine distance
2026-09-20 17:24:54,785 - INFO - Project root resolved to: D:\MlOps_tasks\task_3
2026-09-20 17:24:54,825 - INFO - Loading MLflow model from URI: models:/olist-classifier@champion
2026-09-20 17:24:58,246 - INFO - Loading pickle artifact: models\transformers\imputer.pkl
2026-09-20 17:24:58,247 - INFO - Loading feature list: feature_list.txt
2026-09-20 17:24:58,248 - INFO - Feature list loaded with 117 columns
2026-09-20 17:25:00,987 - INFO - Loading pickle artifact: models\transformers\imputer.pkl
2026-09-20 17:25:00,987 - INFO - Loading feature list: feature_list.txt
2026-09-20 17:25:00,987 - INFO - Feature list loaded with 117 columns
2026-09-20 17:25:00,990 - INFO - Prediction request Received
2026-09-20 17:25:00,990 - INFO - Preparing features for prediction
2026-09-20 17:25:00,990 - INFO - Building order features for order_id=9e6bc602a2466daa94736f31d1319c5d, 8fb4e4bd46f9802e9179726dd20019a5, 88a78af246c6c2db88e72b384796c98c, d7c663de1470a2d3671791d3f093991c, c0e57db4a4a6ef32aa28911d1c07df81
2026-09-20 17:25:03,827 - INFO - Order feature creation completed for order_id=9e6bc602a2466daa94736f31d1319c5d, 8fb4e4bd46f9802e9179726dd20019a5, 88a78af246c6c2db88e72b384796c98c, d7c663de1470a2d3671791d3f093991c, c0e57db4a4a6ef32aa28911d1c07df81
2026-09-20 17:25:03,891 - INFO - Dropping unused columns from the dataset
2026-09-20 17:25:03,895 - INFO - Adding date features
2026-09-20 17:25:03,897 - INFO - Calculating haversine distance
2026-09-20 17:25:03,897 - INFO - Calculating haversine distance
2026-09-20 17:25:03,899 - INFO - Creating missing value indicators for specific columns
2026-09-20 17:25:03,899 - INFO - Applying imputer to missing values
2026-09-20 17:25:03,907 - INFO - Aligning features to match model's expected input
2026-09-20 17:25:03,970 - INFO - Validating input data for required columns and non-empty DataFrame
2026-09-20 17:25:03,970 - INFO - Making predictions using the provided model
2026-09-20 17:25:04,004 - INFO - Prediction request: input=   num_sellers  num_items  ...  customer_lat_missing  customer_lng_missing
0          2.0        2.0  ...                     0                     0
1          1.0        1.0  ...                     0                     0
2          1.0        1.0  ...                     0                     0
3          1.0        1.0  ...                     0                     0
4          1.0        1.0  ...                     0                     0

[5 rows x 117 columns] output=[{'prediction': 0, 'probability': 0.168917715549469}, {'prediction': 0, 'probability': 0.17624437808990479}, {'prediction': 0, 'probability': 0.246858149766922}, {'prediction': 0, 'probability': 0.20972174406051636}, {'prediction': 0, 'probability': 0.17072728276252747}] latency=3.014s model_version=1
2026-09-20 17:25:04,212 - INFO - Prediction request Received
2026-09-20 17:25:04,212 - INFO - Preparing features for prediction
2026-09-20 17:25:04,213 - INFO - Building order features for order_id=e4309eeca1cfe3c6df5a187c38817a5c
2026-09-20 17:25:06,584 - INFO - Order feature creation completed for order_id=e4309eeca1cfe3c6df5a187c38817a5c
2026-09-20 17:25:06,632 - INFO - Dropping unused columns from the dataset
2026-09-20 17:25:06,632 - INFO - Adding date features
2026-09-20 17:25:06,632 - INFO - Calculating haversine distance
2026-09-20 17:25:06,632 - INFO - Calculating haversine distance
2026-09-20 17:25:06,632 - INFO - Creating missing value indicators for specific columns
2026-09-20 17:25:06,648 - INFO - Applying imputer to missing values
2026-09-20 17:25:06,648 - INFO - Aligning features to match model's expected input
2026-09-20 17:25:06,721 - INFO - Validating input data for required columns and non-empty DataFrame
2026-09-20 17:25:06,721 - INFO - Making predictions using the provided model
2026-09-20 17:25:06,747 - INFO - Prediction request: input=   num_sellers  num_items  ...  customer_lat_missing  customer_lng_missing
0          1.0        1.0  ...                     0                     0

[1 rows x 117 columns] output=[{'prediction': 1, 'probability': 0.5412375926971436}] latency=2.535s model_version=1
2026-09-20 17:25:06,942 - INFO - Project root resolved to: D:\MlOps_tasks\task_3
2026-09-20 17:25:06,950 - INFO - Loading MLflow model from URI: models:/olist-classifier@champion
2026-09-20 17:25:07,029 - INFO - Loading pickle artifact: models\transformers\imputer.pkl
2026-09-20 17:25:07,030 - INFO - Loading feature list: feature_list.txt
2026-09-20 17:25:07,031 - INFO - Feature list loaded with 117 columns
2026-09-20 17:25:07,031 - INFO - Prediction request Received
2026-09-20 17:25:07,031 - INFO - Preparing features for prediction
2026-09-20 17:25:07,031 - INFO - Building order features for order_id=test-order-001
2026-09-20 17:25:07,368 - ERROR - Failed to build order features for order_id=test-order-001
Traceback (most recent call last):
  File "D:\MlOps_tasks\task_3\src\data_access.py", line 182, in create_order_features
    raise ValueError(f"NO ORDER with order_id(s): {missing_ids}")
ValueError: NO ORDER with order_id(s): {'test-order-001'}
2026-09-20 17:25:07,368 - ERROR - Prediction failed: NO ORDER with order_id(s): {'test-order-001'}
Traceback (most recent call last):
  File "D:\MlOps_tasks\task_3\src\pipeline.py", line 51, in predict
    features = self.prepare_features(order_ids)
               ^^^^^^^^^^^^^^^^^^^^^^^^^^^^^^^^
  File "D:\MlOps_tasks\task_3\src\pipeline.py", line 30, in prepare_features
    data=create_order_features(order_ids)
         ^^^^^^^^^^^^^^^^^^^^^^^^^^^^^^^^
  File "D:\MlOps_tasks\task_3\src\data_access.py", line 182, in create_order_features
    raise ValueError(f"NO ORDER with order_id(s): {missing_ids}")
ValueError: NO ORDER with order_id(s): {'test-order-001'}
2026-09-20 17:25:07,393 - INFO - Creating missing value indicators for specific columns
2026-09-20 17:25:07,394 - WARNING - Missing values found in column 'avg_seller_lat'. Created indicator column 'avg_seller_lat_missing'.
2026-09-20 17:25:07,395 - WARNING - Missing values found in column 'distance_km'. Created indicator column 'distance_km_missing'.
2026-09-20 17:25:07,396 - WARNING - Missing values found in column 'max_product_length_cm'. Created indicator column 'max_product_length_cm_missing'.
2026-09-20 17:25:07,398 - WARNING - Missing values found in column 'avg_product_description_length'. Created indicator column 'avg_product_description_length_missing'.
2026-09-20 17:25:07,398 - WARNING - Missing values found in column 'num_payments'. Created indicator column 'num_payments_missing'.
2026-09-20 17:25:07,398 - WARNING - Missing values found in column 'total_payment_value'. Created indicator column 'total_payment_value_missing'.
2026-09-20 17:25:07,398 - WARNING - Missing values found in column 'customer_lat'. Created indicator column 'customer_lat_missing'.
2026-09-20 17:25:07,406 - INFO - Aligning features to match model's expected input
2026-09-20 17:29:00,854 - INFO - Prediction request Received
2026-09-20 17:29:00,854 - INFO - Preparing features for prediction
2026-09-20 17:29:00,854 - INFO - Building order features for order_id=d7c663de1470a2d3671791d3f093991c
2026-09-20 17:29:06,301 - INFO - Order feature creation completed for order_id=d7c663de1470a2d3671791d3f093991c
2026-09-20 17:29:06,308 - INFO - Dropping unused columns from the dataset
2026-09-20 17:29:06,313 - INFO - Adding date features
2026-09-20 17:29:06,320 - INFO - Calculating haversine distance
2026-09-20 17:29:06,321 - INFO - Calculating haversine distance
2026-09-20 17:29:06,323 - INFO - Creating missing value indicators for specific columns
2026-09-20 17:29:06,333 - INFO - Applying imputer to missing values
2026-09-20 17:29:06,349 - INFO - Aligning features to match model's expected input
2026-09-20 17:29:06,488 - INFO - Validating input data for required columns and non-empty DataFrame
2026-09-20 17:29:06,488 - INFO - Making predictions using the provided model
2026-09-20 17:29:06,529 - INFO - Prediction request: input=   num_sellers  num_items  total_price  ...  pay_voucher_missing  customer_lat_missing  customer_lng_missing
0          1.0        1.0         55.0  ...                    0                     0                     0

[1 rows x 117 columns] output=[{'prediction': 0, 'probability': 0.17072728276252747}] latency=5.675s model_version=1
2026-09-20 17:30:33,959 - INFO - Prediction request Received
2026-09-20 17:30:33,959 - INFO - Preparing features for prediction
2026-09-20 17:30:33,959 - INFO - Building order features for order_id=d7c663de1470a2d3671791d3f093991c, d7c663de1470a2d3671791d3f093991c, e4309eeca1cfe3c6df5a187c38817a5c
2026-09-20 17:30:34,226 - ERROR - Failed to build order features for order_id=d7c663de1470a2d3671791d3f093991c, d7c663de1470a2d3671791d3f093991c, e4309eeca1cfe3c6df5a187c38817a5c
Traceback (most recent call last):
  File "D:\MlOps_tasks\task_3\src\data_access.py", line 182, in create_order_features
    raise ValueError(f"NO ORDER with order_id(s): {missing_ids}")
ValueError: NO ORDER with order_id(s): set()
2026-09-20 17:30:34,228 - ERROR - Prediction failed: NO ORDER with order_id(s): set()
Traceback (most recent call last):
  File "D:\MlOps_tasks\task_3\src\pipeline.py", line 51, in predict
    features = self.prepare_features(order_ids)
  File "D:\MlOps_tasks\task_3\src\pipeline.py", line 30, in prepare_features
    data=create_order_features(order_ids)
  File "D:\MlOps_tasks\task_3\src\data_access.py", line 182, in create_order_features
    raise ValueError(f"NO ORDER with order_id(s): {missing_ids}")
ValueError: NO ORDER with order_id(s): set()
2026-09-20 17:30:37,276 - INFO - Prediction request Received
2026-09-20 17:30:37,276 - INFO - Preparing features for prediction
2026-09-20 17:30:37,276 - INFO - Building order features for order_id=d7c663de1470a2d3671791d3f093991c, d7c663de1470a2d3671791d3f093991c, e4309eeca1cfe3c6df5a187c38817a5c
2026-09-20 17:30:37,524 - ERROR - Failed to build order features for order_id=d7c663de1470a2d3671791d3f093991c, d7c663de1470a2d3671791d3f093991c, e4309eeca1cfe3c6df5a187c38817a5c
Traceback (most recent call last):
  File "D:\MlOps_tasks\task_3\src\data_access.py", line 182, in create_order_features
    raise ValueError(f"NO ORDER with order_id(s): {missing_ids}")
ValueError: NO ORDER with order_id(s): set()
2026-09-20 17:30:37,525 - ERROR - Prediction failed: NO ORDER with order_id(s): set()
Traceback (most recent call last):
  File "D:\MlOps_tasks\task_3\src\pipeline.py", line 51, in predict
    features = self.prepare_features(order_ids)
  File "D:\MlOps_tasks\task_3\src\pipeline.py", line 30, in prepare_features
    data=create_order_features(order_ids)
  File "D:\MlOps_tasks\task_3\src\data_access.py", line 182, in create_order_features
    raise ValueError(f"NO ORDER with order_id(s): {missing_ids}")
ValueError: NO ORDER with order_id(s): set()
2026-09-20 17:31:43,734 - INFO - Prediction request Received
2026-09-20 17:31:43,734 - INFO - Preparing features for prediction
2026-09-20 17:31:43,734 - INFO - Building order features for order_id=d7c663de1470a2d3671791d3f093991c
2026-09-20 17:31:45,510 - INFO - Order feature creation completed for order_id=d7c663de1470a2d3671791d3f093991c
2026-09-20 17:31:45,518 - INFO - Dropping unused columns from the dataset
2026-09-20 17:31:45,523 - INFO - Adding date features
2026-09-20 17:31:45,527 - INFO - Calculating haversine distance
2026-09-20 17:31:45,528 - INFO - Calculating haversine distance
2026-09-20 17:31:45,532 - INFO - Creating missing value indicators for specific columns
2026-09-20 17:31:45,543 - INFO - Applying imputer to missing values
2026-09-20 17:31:45,549 - INFO - Aligning features to match model's expected input
2026-09-20 17:31:45,682 - INFO - Validating input data for required columns and non-empty DataFrame
2026-09-20 17:31:45,683 - INFO - Making predictions using the provided model
2026-09-20 17:31:45,717 - INFO - Prediction request: input=   num_sellers  num_items  total_price  ...  pay_voucher_missing  customer_lat_missing  customer_lng_missing
0          1.0        1.0         55.0  ...                    0                     0                     0

[1 rows x 117 columns] output=[{'prediction': 0, 'probability': 0.17072728276252747}] latency=1.983s model_version=1
2026-09-20 17:32:28,471 - INFO - Prediction request Received
2026-09-20 17:32:28,471 - INFO - Preparing features for prediction
2026-09-20 17:32:28,472 - INFO - Building order features for order_id=d7c663de1470a2d3671791d3f093991c, d7c663de1470a2d3671791d3f093991c
2026-09-20 17:32:28,740 - ERROR - Failed to build order features for order_id=d7c663de1470a2d3671791d3f093991c, d7c663de1470a2d3671791d3f093991c
Traceback (most recent call last):
  File "D:\MlOps_tasks\task_3\src\data_access.py", line 182, in create_order_features
    raise ValueError(f"NO ORDER with order_id(s): {missing_ids}")
ValueError: NO ORDER with order_id(s): set()
2026-09-20 17:32:28,741 - ERROR - Prediction failed: NO ORDER with order_id(s): set()
Traceback (most recent call last):
  File "D:\MlOps_tasks\task_3\src\pipeline.py", line 51, in predict
    features = self.prepare_features(order_ids)
  File "D:\MlOps_tasks\task_3\src\pipeline.py", line 30, in prepare_features
    data=create_order_features(order_ids)
  File "D:\MlOps_tasks\task_3\src\data_access.py", line 182, in create_order_features
    raise ValueError(f"NO ORDER with order_id(s): {missing_ids}")
ValueError: NO ORDER with order_id(s): set()
2026-09-20 17:32:45,854 - INFO - Prediction request Received
2026-09-20 17:32:45,854 - INFO - Preparing features for prediction
2026-09-20 17:32:45,854 - INFO - Building order features for order_id=d7c663de1470a2d3671791d3f093991c, e4309eeca1cfe3c6df5a187c38817a5c
2026-09-20 17:32:47,672 - INFO - Order feature creation completed for order_id=d7c663de1470a2d3671791d3f093991c, e4309eeca1cfe3c6df5a187c38817a5c
2026-09-20 17:32:47,680 - INFO - Dropping unused columns from the dataset
2026-09-20 17:32:47,686 - INFO - Adding date features
2026-09-20 17:32:47,691 - INFO - Calculating haversine distance
2026-09-20 17:32:47,692 - INFO - Calculating haversine distance
2026-09-20 17:32:47,694 - INFO - Creating missing value indicators for specific columns
2026-09-20 17:32:47,707 - INFO - Applying imputer to missing values
2026-09-20 17:32:47,711 - INFO - Aligning features to match model's expected input
2026-09-20 17:32:47,797 - INFO - Validating input data for required columns and non-empty DataFrame
2026-09-20 17:32:47,797 - INFO - Making predictions using the provided model
2026-09-20 17:32:47,832 - INFO - Prediction request: input=   num_sellers  num_items  total_price  ...  pay_voucher_missing  customer_lat_missing  customer_lng_missing
0          1.0        1.0        114.9  ...                    0                     0                     0
1          1.0        1.0         55.0  ...                    0                     0                     0

[2 rows x 117 columns] output=[{'prediction': 1, 'probability': 0.5412375926971436}, {'prediction': 0, 'probability': 0.17072728276252747}] latency=1.978s model_version=1
2026-09-20 17:33:45,591 - INFO - Loading MLflow model from URI: models:/olist-classifier@champion
2026-09-20 17:33:52,369 - INFO - Loading pickle artifact: models\transformers\imputer.pkl
2026-09-20 17:33:52,371 - INFO - Loading feature list: feature_list.txt
2026-09-20 17:33:52,371 - INFO - Feature list loaded with 117 columns
2026-09-20 17:33:58,285 - INFO - Loading MLflow model from URI: models:/olist-classifier@champion
2026-09-20 17:34:04,417 - INFO - Loading pickle artifact: models\transformers\imputer.pkl
2026-09-20 17:34:04,419 - INFO - Loading feature list: feature_list.txt
2026-09-20 17:34:04,419 - INFO - Feature list loaded with 117 columns
2026-09-20 17:34:07,890 - INFO - Loading MLflow model from URI: models:/olist-classifier@champion
2026-09-20 17:34:13,975 - INFO - Loading pickle artifact: models\transformers\imputer.pkl
2026-09-20 17:34:13,976 - INFO - Loading feature list: feature_list.txt
2026-09-20 17:34:13,977 - INFO - Feature list loaded with 117 columns
2026-09-20 17:34:14,019 - INFO - Prediction request Received
2026-09-20 17:34:14,019 - INFO - Preparing features for prediction
2026-09-20 17:34:14,020 - INFO - Building order features for order_id=d7c663de1470a2d3671791d3f093991c, e4309eeca1cfe3c6df5a187c38817a5c
2026-09-20 17:34:15,995 - INFO - Order feature creation completed for order_id=d7c663de1470a2d3671791d3f093991c, e4309eeca1cfe3c6df5a187c38817a5c
2026-09-20 17:34:16,003 - INFO - Dropping unused columns from the dataset
2026-09-20 17:34:16,008 - INFO - Adding date features
2026-09-20 17:34:16,013 - INFO - Calculating haversine distance
2026-09-20 17:34:16,015 - INFO - Calculating haversine distance
2026-09-20 17:34:16,017 - INFO - Creating missing value indicators for specific columns
2026-09-20 17:34:16,027 - INFO - Applying imputer to missing values
2026-09-20 17:34:16,179 - INFO - Aligning features to match model's expected input
2026-09-20 17:34:16,273 - INFO - Validating input data for required columns and non-empty DataFrame
2026-09-20 17:34:16,273 - INFO - Making predictions using the provided model
2026-09-20 17:34:16,311 - INFO - Prediction request: input=   num_sellers  num_items  total_price  ...  pay_voucher_missing  customer_lat_missing  customer_lng_missing
0          1.0        1.0        114.9  ...                    0                     0                     0
1          1.0        1.0         55.0  ...                    0                     0                     0

[2 rows x 117 columns] output=[{'prediction': 1, 'probability': 0.5412375926971436}, {'prediction': 0, 'probability': 0.17072728276252747}] latency=2.291s model_version=1
2026-09-20 17:35:48,947 - INFO - Loading MLflow model from URI: models:/olist-classifier@champion
2026-09-20 17:35:55,258 - INFO - Loading pickle artifact: models\transformers\imputer.pkl
2026-09-20 17:35:55,259 - INFO - Loading feature list: feature_list.txt
2026-09-20 17:35:55,260 - INFO - Feature list loaded with 117 columns
2026-09-20 17:35:55,300 - INFO - Prediction request Received
2026-09-20 17:35:55,300 - INFO - Preparing features for prediction
2026-09-20 17:35:55,301 - INFO - Building order features for order_id=d7c663de1470a2d3671791d3f093991c, e4309eeca1cfe3c6df5a187c38817a5c
2026-09-20 17:35:56,957 - INFO - Order feature creation completed for order_id=d7c663de1470a2d3671791d3f093991c, e4309eeca1cfe3c6df5a187c38817a5c
2026-09-20 17:35:56,964 - INFO - Dropping unused columns from the dataset
2026-09-20 17:35:56,969 - INFO - Adding date features
2026-09-20 17:35:56,976 - INFO - Calculating haversine distance
2026-09-20 17:35:56,977 - INFO - Calculating haversine distance
2026-09-20 17:35:56,978 - INFO - Creating missing value indicators for specific columns
2026-09-20 17:35:56,990 - INFO - Applying imputer to missing values
2026-09-20 17:35:57,140 - INFO - Aligning features to match model's expected input
2026-09-20 17:35:57,233 - INFO - Validating input data for required columns and non-empty DataFrame
2026-09-20 17:35:57,233 - INFO - Making predictions using the provided model
2026-09-20 17:35:57,271 - INFO - Prediction request: input=   num_sellers  num_items  total_price  ...  pay_voucher_missing  customer_lat_missing  customer_lng_missing
0          1.0        1.0        114.9  ...                    0                     0                     0
1          1.0        1.0         55.0  ...                    0                     0                     0

[2 rows x 117 columns] output=[{'prediction': 1, 'probability': 0.5412375926971436}, {'prediction': 0, 'probability': 0.17072728276252747}] latency=1.970s model_version=1
2026-09-20 17:37:02,195 - INFO - Loading MLflow model from URI: models:/olist-classifier@champion
2026-09-20 17:37:08,025 - INFO - Loading pickle artifact: models\transformers\imputer.pkl
2026-09-20 17:37:08,026 - INFO - Loading feature list: feature_list.txt
2026-09-20 17:37:08,027 - INFO - Feature list loaded with 117 columns
2026-09-20 17:37:08,066 - INFO - Prediction request Received
2026-09-20 17:37:08,066 - INFO - Preparing features for prediction
2026-09-20 17:37:08,067 - INFO - Building order features for order_id=d7c663de1470a2d3671791d3f093991c, e4309eeca1cfe3c6df5a187c38817a5c
2026-09-20 17:37:09,760 - INFO - Order feature creation completed for order_id=d7c663de1470a2d3671791d3f093991c, e4309eeca1cfe3c6df5a187c38817a5c
2026-09-20 17:37:09,767 - INFO - Dropping unused columns from the dataset
2026-09-20 17:37:09,773 - INFO - Adding date features
2026-09-20 17:37:09,778 - INFO - Calculating haversine distance
2026-09-20 17:37:09,779 - INFO - Calculating haversine distance
2026-09-20 17:37:09,781 - INFO - Creating missing value indicators for specific columns
2026-09-20 17:37:09,793 - INFO - Applying imputer to missing values
2026-09-20 17:37:09,936 - INFO - Aligning features to match model's expected input
2026-09-20 17:37:10,026 - INFO - Validating input data for required columns and non-empty DataFrame
2026-09-20 17:37:10,026 - INFO - Making predictions using the provided model
2026-09-20 17:37:10,063 - INFO - Prediction request: input=   num_sellers  num_items  total_price  ...  pay_voucher_missing  customer_lat_missing  customer_lng_missing
0          1.0        1.0         55.0  ...                    0                     0                     0
1          1.0        1.0        114.9  ...                    0                     0                     0

[2 rows x 117 columns] output=[{'prediction': 0, 'probability': 0.17072728276252747}, {'prediction': 1, 'probability': 0.5412375926971436}] latency=1.996s model_version=1
2026-09-20 17:40:00,435 - INFO - Loading MLflow model from URI: models:/olist-classifier@champion
2026-09-20 17:40:07,552 - INFO - Loading pickle artifact: models\transformers\imputer.pkl
2026-09-20 17:40:07,553 - INFO - Loading feature list: feature_list.txt
2026-09-20 17:40:07,554 - INFO - Feature list loaded with 117 columns
2026-09-20 17:40:11,011 - INFO - Loading MLflow model from URI: models:/olist-classifier@champion
2026-09-20 17:40:16,826 - INFO - Loading pickle artifact: models\transformers\imputer.pkl
2026-09-20 17:40:16,828 - INFO - Loading feature list: feature_list.txt
2026-09-20 17:40:16,828 - INFO - Feature list loaded with 117 columns
2026-09-20 17:41:13,906 - INFO - Prediction request Received
2026-09-20 17:41:13,906 - INFO - Preparing features for prediction
2026-09-20 17:41:13,907 - INFO - Building order features for order_id=d7c663de1470a2d3671791d3f093991c, e4309eeca1cfe3c6df5a187c38817a5cuihiuj, e4309eeca1cfe3c6df5a187c38817a5c
2026-09-20 17:41:14,188 - ERROR - Failed to build order features for order_id=d7c663de1470a2d3671791d3f093991c, e4309eeca1cfe3c6df5a187c38817a5cuihiuj, e4309eeca1cfe3c6df5a187c38817a5c
Traceback (most recent call last):
  File "D:\MlOps_tasks\task_3\src\data_access.py", line 180, in create_order_features
    orders = orders.set_index('order_id').loc[order_ids].reset_index()# to restore order.
             ~~~~~~~~~~~~~~~~~~~~~~~~~~~~~~~~^^^^^^^^^^^
  File "C:\Users\acer\AppData\Local\Programs\Python\Python314\Lib\site-packages\pandas\core\indexing.py", line 1207, in __getitem__
    return self._getitem_axis(maybe_callable, axis=axis)
           ~~~~~~~~~~~~~~~~~~^^^^^^^^^^^^^^^^^^^^^^^^^^^
  File "C:\Users\acer\AppData\Local\Programs\Python\Python314\Lib\site-packages\pandas\core\indexing.py", line 1438, in _getitem_axis
    return self._getitem_iterable(key, axis=axis)
           ~~~~~~~~~~~~~~~~~~~~~~^^^^^^^^^^^^^^^^
  File "C:\Users\acer\AppData\Local\Programs\Python\Python314\Lib\site-packages\pandas\core\indexing.py", line 1378, in _getitem_iterable
    keyarr, indexer = self._get_listlike_indexer(key, axis)
                      ~~~~~~~~~~~~~~~~~~~~~~~~~~^^^^^^^^^^^
  File "C:\Users\acer\AppData\Local\Programs\Python\Python314\Lib\site-packages\pandas\core\indexing.py", line 1576, in _get_listlike_indexer
    keyarr, indexer = ax._get_indexer_strict(key, axis_name)
                      ~~~~~~~~~~~~~~~~~~~~~~^^^^^^^^^^^^^^^^
  File "C:\Users\acer\AppData\Local\Programs\Python\Python314\Lib\site-packages\pandas\core\indexes\base.py", line 6302, in _get_indexer_strict
    self._raise_if_missing(keyarr, indexer, axis_name)
    ~~~~~~~~~~~~~~~~~~~~~~^^^^^^^^^^^^^^^^^^^^^^^^^^^^
  File "C:\Users\acer\AppData\Local\Programs\Python\Python314\Lib\site-packages\pandas\core\indexes\base.py", line 6355, in _raise_if_missing
    raise KeyError(f"{not_found} not in index")
KeyError: "['e4309eeca1cfe3c6df5a187c38817a5cuihiuj'] not in index"
2026-09-20 17:41:14,202 - ERROR - Prediction failed: "['e4309eeca1cfe3c6df5a187c38817a5cuihiuj'] not in index"
Traceback (most recent call last):
  File "D:\MlOps_tasks\task_3\src\pipeline.py", line 51, in predict
    features = self.prepare_features(order_ids)
  File "D:\MlOps_tasks\task_3\src\pipeline.py", line 30, in prepare_features
    data=create_order_features(order_ids)
  File "D:\MlOps_tasks\task_3\src\data_access.py", line 180, in create_order_features
    orders = orders.set_index('order_id').loc[order_ids].reset_index()# to restore order.
             ~~~~~~~~~~~~~~~~~~~~~~~~~~~~~~~~^^^^^^^^^^^
  File "C:\Users\acer\AppData\Local\Programs\Python\Python314\Lib\site-packages\pandas\core\indexing.py", line 1207, in __getitem__
    return self._getitem_axis(maybe_callable, axis=axis)
           ~~~~~~~~~~~~~~~~~~^^^^^^^^^^^^^^^^^^^^^^^^^^^
  File "C:\Users\acer\AppData\Local\Programs\Python\Python314\Lib\site-packages\pandas\core\indexing.py", line 1438, in _getitem_axis
    return self._getitem_iterable(key, axis=axis)
           ~~~~~~~~~~~~~~~~~~~~~~^^^^^^^^^^^^^^^^
  File "C:\Users\acer\AppData\Local\Programs\Python\Python314\Lib\site-packages\pandas\core\indexing.py", line 1378, in _getitem_iterable
    keyarr, indexer = self._get_listlike_indexer(key, axis)
                      ~~~~~~~~~~~~~~~~~~~~~~~~~~^^^^^^^^^^^
  File "C:\Users\acer\AppData\Local\Programs\Python\Python314\Lib\site-packages\pandas\core\indexing.py", line 1576, in _get_listlike_indexer
    keyarr, indexer = ax._get_indexer_strict(key, axis_name)
                      ~~~~~~~~~~~~~~~~~~~~~~^^^^^^^^^^^^^^^^
  File "C:\Users\acer\AppData\Local\Programs\Python\Python314\Lib\site-packages\pandas\core\indexes\base.py", line 6302, in _get_indexer_strict
    self._raise_if_missing(keyarr, indexer, axis_name)
    ~~~~~~~~~~~~~~~~~~~~~~^^^^^^^^^^^^^^^^^^^^^^^^^^^^
  File "C:\Users\acer\AppData\Local\Programs\Python\Python314\Lib\site-packages\pandas\core\indexes\base.py", line 6355, in _raise_if_missing
    raise KeyError(f"{not_found} not in index")
KeyError: "['e4309eeca1cfe3c6df5a187c38817a5cuihiuj'] not in index"
2026-09-20 17:42:35,714 - INFO - Loading MLflow model from URI: models:/olist-classifier@champion
2026-09-20 17:42:41,409 - INFO - Loading pickle artifact: models\transformers\imputer.pkl
2026-09-20 17:42:41,411 - INFO - Loading feature list: feature_list.txt
2026-09-20 17:42:41,411 - INFO - Feature list loaded with 117 columns
2026-09-20 17:42:44,732 - INFO - Loading MLflow model from URI: models:/olist-classifier@champion
2026-09-20 17:42:50,456 - INFO - Loading pickle artifact: models\transformers\imputer.pkl
2026-09-20 17:42:50,457 - INFO - Loading feature list: feature_list.txt
2026-09-20 17:42:50,458 - INFO - Feature list loaded with 117 columns
2026-09-20 17:43:12,170 - INFO - Loading MLflow model from URI: models:/olist-classifier@champion
2026-09-20 17:43:18,495 - INFO - Loading pickle artifact: models\transformers\imputer.pkl
2026-09-20 17:43:18,496 - INFO - Loading feature list: feature_list.txt
2026-09-20 17:43:18,497 - INFO - Feature list loaded with 117 columns
2026-09-20 17:43:21,874 - INFO - Loading MLflow model from URI: models:/olist-classifier@champion
2026-09-20 17:43:28,037 - INFO - Loading pickle artifact: models\transformers\imputer.pkl
2026-09-20 17:43:28,038 - INFO - Loading feature list: feature_list.txt
2026-09-20 17:43:28,039 - INFO - Feature list loaded with 117 columns
2026-09-20 17:43:31,432 - INFO - Loading MLflow model from URI: models:/olist-classifier@champion
2026-09-20 17:43:37,426 - INFO - Loading pickle artifact: models\transformers\imputer.pkl
2026-09-20 17:43:37,427 - INFO - Loading feature list: feature_list.txt
2026-09-20 17:43:37,427 - INFO - Feature list loaded with 117 columns
2026-09-20 17:43:40,881 - INFO - Loading MLflow model from URI: models:/olist-classifier@champion
2026-09-20 17:43:46,883 - INFO - Loading pickle artifact: models\transformers\imputer.pkl
2026-09-20 17:43:46,884 - INFO - Loading feature list: feature_list.txt
2026-09-20 17:43:46,885 - INFO - Feature list loaded with 117 columns
2026-09-20 17:43:49,243 - INFO - Prediction request Received
2026-09-20 17:43:49,243 - INFO - Preparing features for prediction
2026-09-20 17:43:49,243 - INFO - Building order features for order_id=d7c663de1470a2d3671791d3f093991c, e4309eeca1cfe3c6df5a187c38817a5cuihiuj, e4309eeca1cfe3c6df5a187c38817a5c
2026-09-20 17:43:49,574 - ERROR - Failed to build order features for order_id=d7c663de1470a2d3671791d3f093991c, e4309eeca1cfe3c6df5a187c38817a5cuihiuj, e4309eeca1cfe3c6df5a187c38817a5c
Traceback (most recent call last):
  File "D:\MlOps_tasks\task_3\src\data_access.py", line 180, in create_order_features
    orders = orders.set_index('order_id').loc[order_ids].reset_index()# to restore order.
             ~~~~~~~~~~~~~~~~~~~~~~~~~~~~~~~~^^^^^^^^^^^
  File "C:\Users\acer\AppData\Local\Programs\Python\Python314\Lib\site-packages\pandas\core\indexing.py", line 1207, in __getitem__
    return self._getitem_axis(maybe_callable, axis=axis)
           ~~~~~~~~~~~~~~~~~~^^^^^^^^^^^^^^^^^^^^^^^^^^^
  File "C:\Users\acer\AppData\Local\Programs\Python\Python314\Lib\site-packages\pandas\core\indexing.py", line 1438, in _getitem_axis
    return self._getitem_iterable(key, axis=axis)
           ~~~~~~~~~~~~~~~~~~~~~~^^^^^^^^^^^^^^^^
  File "C:\Users\acer\AppData\Local\Programs\Python\Python314\Lib\site-packages\pandas\core\indexing.py", line 1378, in _getitem_iterable
    keyarr, indexer = self._get_listlike_indexer(key, axis)
                      ~~~~~~~~~~~~~~~~~~~~~~~~~~^^^^^^^^^^^
  File "C:\Users\acer\AppData\Local\Programs\Python\Python314\Lib\site-packages\pandas\core\indexing.py", line 1576, in _get_listlike_indexer
    keyarr, indexer = ax._get_indexer_strict(key, axis_name)
                      ~~~~~~~~~~~~~~~~~~~~~~^^^^^^^^^^^^^^^^
  File "C:\Users\acer\AppData\Local\Programs\Python\Python314\Lib\site-packages\pandas\core\indexes\base.py", line 6302, in _get_indexer_strict
    self._raise_if_missing(keyarr, indexer, axis_name)
    ~~~~~~~~~~~~~~~~~~~~~~^^^^^^^^^^^^^^^^^^^^^^^^^^^^
  File "C:\Users\acer\AppData\Local\Programs\Python\Python314\Lib\site-packages\pandas\core\indexes\base.py", line 6355, in _raise_if_missing
    raise KeyError(f"{not_found} not in index")
KeyError: "['e4309eeca1cfe3c6df5a187c38817a5cuihiuj'] not in index"
2026-09-20 17:43:49,577 - ERROR - Prediction failed: "['e4309eeca1cfe3c6df5a187c38817a5cuihiuj'] not in index"
Traceback (most recent call last):
  File "D:\MlOps_tasks\task_3\src\pipeline.py", line 51, in predict
    features = self.prepare_features(order_ids)
  File "D:\MlOps_tasks\task_3\src\pipeline.py", line 30, in prepare_features
    data=create_order_features(order_ids)
  File "D:\MlOps_tasks\task_3\src\data_access.py", line 180, in create_order_features
    orders = orders.set_index('order_id').loc[order_ids].reset_index()# to restore order.
             ~~~~~~~~~~~~~~~~~~~~~~~~~~~~~~~~^^^^^^^^^^^
  File "C:\Users\acer\AppData\Local\Programs\Python\Python314\Lib\site-packages\pandas\core\indexing.py", line 1207, in __getitem__
    return self._getitem_axis(maybe_callable, axis=axis)
           ~~~~~~~~~~~~~~~~~~^^^^^^^^^^^^^^^^^^^^^^^^^^^
  File "C:\Users\acer\AppData\Local\Programs\Python\Python314\Lib\site-packages\pandas\core\indexing.py", line 1438, in _getitem_axis
    return self._getitem_iterable(key, axis=axis)
           ~~~~~~~~~~~~~~~~~~~~~~^^^^^^^^^^^^^^^^
  File "C:\Users\acer\AppData\Local\Programs\Python\Python314\Lib\site-packages\pandas\core\indexing.py", line 1378, in _getitem_iterable
    keyarr, indexer = self._get_listlike_indexer(key, axis)
                      ~~~~~~~~~~~~~~~~~~~~~~~~~~^^^^^^^^^^^
  File "C:\Users\acer\AppData\Local\Programs\Python\Python314\Lib\site-packages\pandas\core\indexing.py", line 1576, in _get_listlike_indexer
    keyarr, indexer = ax._get_indexer_strict(key, axis_name)
                      ~~~~~~~~~~~~~~~~~~~~~~^^^^^^^^^^^^^^^^
  File "C:\Users\acer\AppData\Local\Programs\Python\Python314\Lib\site-packages\pandas\core\indexes\base.py", line 6302, in _get_indexer_strict
    self._raise_if_missing(keyarr, indexer, axis_name)
    ~~~~~~~~~~~~~~~~~~~~~~^^^^^^^^^^^^^^^^^^^^^^^^^^^^
  File "C:\Users\acer\AppData\Local\Programs\Python\Python314\Lib\site-packages\pandas\core\indexes\base.py", line 6355, in _raise_if_missing
    raise KeyError(f"{not_found} not in index")
KeyError: "['e4309eeca1cfe3c6df5a187c38817a5cuihiuj'] not in index"
2026-09-20 17:44:07,392 - INFO - Prediction request Received
2026-09-20 17:44:07,392 - INFO - Preparing features for prediction
2026-09-20 17:44:07,393 - INFO - Building order features for order_id=d7c663de1470a2d3671791d3f093991ckkkk
2026-09-20 17:44:07,803 - ERROR - Failed to build order features for order_id=d7c663de1470a2d3671791d3f093991ckkkk
Traceback (most recent call last):
  File "D:\MlOps_tasks\task_3\src\data_access.py", line 180, in create_order_features
    orders = orders.set_index('order_id').loc[order_ids].reset_index()# to restore order.
             ~~~~~~~~~~~~~~~~~~~~~~~~~~~~~~~~^^^^^^^^^^^
  File "C:\Users\acer\AppData\Local\Programs\Python\Python314\Lib\site-packages\pandas\core\indexing.py", line 1207, in __getitem__
    return self._getitem_axis(maybe_callable, axis=axis)
           ~~~~~~~~~~~~~~~~~~^^^^^^^^^^^^^^^^^^^^^^^^^^^
  File "C:\Users\acer\AppData\Local\Programs\Python\Python314\Lib\site-packages\pandas\core\indexing.py", line 1438, in _getitem_axis
    return self._getitem_iterable(key, axis=axis)
           ~~~~~~~~~~~~~~~~~~~~~~^^^^^^^^^^^^^^^^
  File "C:\Users\acer\AppData\Local\Programs\Python\Python314\Lib\site-packages\pandas\core\indexing.py", line 1378, in _getitem_iterable
    keyarr, indexer = self._get_listlike_indexer(key, axis)
                      ~~~~~~~~~~~~~~~~~~~~~~~~~~^^^^^^^^^^^
  File "C:\Users\acer\AppData\Local\Programs\Python\Python314\Lib\site-packages\pandas\core\indexing.py", line 1576, in _get_listlike_indexer
    keyarr, indexer = ax._get_indexer_strict(key, axis_name)
                      ~~~~~~~~~~~~~~~~~~~~~~^^^^^^^^^^^^^^^^
  File "C:\Users\acer\AppData\Local\Programs\Python\Python314\Lib\site-packages\pandas\core\indexes\base.py", line 6302, in _get_indexer_strict
    self._raise_if_missing(keyarr, indexer, axis_name)
    ~~~~~~~~~~~~~~~~~~~~~~^^^^^^^^^^^^^^^^^^^^^^^^^^^^
  File "C:\Users\acer\AppData\Local\Programs\Python\Python314\Lib\site-packages\pandas\core\indexes\base.py", line 6352, in _raise_if_missing
    raise KeyError(f"None of [{key}] are in the [{axis_name}]")
KeyError: "None of [Index(['d7c663de1470a2d3671791d3f093991ckkkk'], dtype='str', name='order_id')] are in the [index]"
2026-09-20 17:44:07,805 - ERROR - Prediction failed: "None of [Index(['d7c663de1470a2d3671791d3f093991ckkkk'], dtype='str', name='order_id')] are in the [index]"
Traceback (most recent call last):
  File "D:\MlOps_tasks\task_3\src\pipeline.py", line 51, in predict
    features = self.prepare_features(order_ids)
  File "D:\MlOps_tasks\task_3\src\pipeline.py", line 30, in prepare_features
    data=create_order_features(order_ids)
  File "D:\MlOps_tasks\task_3\src\data_access.py", line 180, in create_order_features
    orders = orders.set_index('order_id').loc[order_ids].reset_index()# to restore order.
             ~~~~~~~~~~~~~~~~~~~~~~~~~~~~~~~~^^^^^^^^^^^
  File "C:\Users\acer\AppData\Local\Programs\Python\Python314\Lib\site-packages\pandas\core\indexing.py", line 1207, in __getitem__
    return self._getitem_axis(maybe_callable, axis=axis)
           ~~~~~~~~~~~~~~~~~~^^^^^^^^^^^^^^^^^^^^^^^^^^^
  File "C:\Users\acer\AppData\Local\Programs\Python\Python314\Lib\site-packages\pandas\core\indexing.py", line 1438, in _getitem_axis
    return self._getitem_iterable(key, axis=axis)
           ~~~~~~~~~~~~~~~~~~~~~~^^^^^^^^^^^^^^^^
  File "C:\Users\acer\AppData\Local\Programs\Python\Python314\Lib\site-packages\pandas\core\indexing.py", line 1378, in _getitem_iterable
    keyarr, indexer = self._get_listlike_indexer(key, axis)
                      ~~~~~~~~~~~~~~~~~~~~~~~~~~^^^^^^^^^^^
  File "C:\Users\acer\AppData\Local\Programs\Python\Python314\Lib\site-packages\pandas\core\indexing.py", line 1576, in _get_listlike_indexer
    keyarr, indexer = ax._get_indexer_strict(key, axis_name)
                      ~~~~~~~~~~~~~~~~~~~~~~^^^^^^^^^^^^^^^^
  File "C:\Users\acer\AppData\Local\Programs\Python\Python314\Lib\site-packages\pandas\core\indexes\base.py", line 6302, in _get_indexer_strict
    self._raise_if_missing(keyarr, indexer, axis_name)
    ~~~~~~~~~~~~~~~~~~~~~~^^^^^^^^^^^^^^^^^^^^^^^^^^^^
  File "C:\Users\acer\AppData\Local\Programs\Python\Python314\Lib\site-packages\pandas\core\indexes\base.py", line 6352, in _raise_if_missing
    raise KeyError(f"None of [{key}] are in the [{axis_name}]")
KeyError: "None of [Index(['d7c663de1470a2d3671791d3f093991ckkkk'], dtype='str', name='order_id')] are in the [index]"
2026-09-20 17:45:55,173 - INFO - Loading MLflow model from URI: models:/olist-classifier@champion
2026-09-20 17:46:01,202 - INFO - Loading pickle artifact: models\transformers\imputer.pkl
2026-09-20 17:46:01,203 - INFO - Loading feature list: feature_list.txt
2026-09-20 17:46:01,204 - INFO - Feature list loaded with 117 columns
2026-09-20 17:46:04,724 - INFO - Loading MLflow model from URI: models:/olist-classifier@champion
2026-09-20 17:46:10,484 - INFO - Loading pickle artifact: models\transformers\imputer.pkl
2026-09-20 17:46:10,486 - INFO - Loading feature list: feature_list.txt
2026-09-20 17:46:10,486 - INFO - Feature list loaded with 117 columns
2026-09-20 17:46:34,727 - INFO - Prediction request Received
2026-09-20 17:46:34,728 - INFO - Preparing features for prediction
2026-09-20 17:46:34,728 - INFO - Building order features for order_id=d7c663de1470a2d3671791d3f093991ckkkk
2026-09-20 17:46:35,013 - ERROR - Failed to build order features for order_id=d7c663de1470a2d3671791d3f093991ckkkk
Traceback (most recent call last):
  File "D:\MlOps_tasks\task_3\src\data_access.py", line 183, in create_order_features
    raise ValueError(f"NO ORDER with order_id(s): {missing_ids}")
ValueError: NO ORDER with order_id(s): {'d7c663de1470a2d3671791d3f093991ckkkk'}
2026-09-20 17:46:35,014 - ERROR - Prediction failed: NO ORDER with order_id(s): {'d7c663de1470a2d3671791d3f093991ckkkk'}
Traceback (most recent call last):
  File "D:\MlOps_tasks\task_3\src\pipeline.py", line 51, in predict
    features = self.prepare_features(order_ids)
  File "D:\MlOps_tasks\task_3\src\pipeline.py", line 30, in prepare_features
    data=create_order_features(order_ids)
  File "D:\MlOps_tasks\task_3\src\data_access.py", line 183, in create_order_features
    raise ValueError(f"NO ORDER with order_id(s): {missing_ids}")
ValueError: NO ORDER with order_id(s): {'d7c663de1470a2d3671791d3f093991ckkkk'}
2026-09-20 17:46:47,109 - INFO - Prediction request Received
2026-09-20 17:46:47,109 - INFO - Preparing features for prediction
2026-09-20 17:46:47,109 - INFO - Building order features for order_id=d7c663de1470a2d3671791d3f093991c, e4309eeca1cfe3c6df5a187c38817a5cuihiuj, e4309eeca1cfe3c6df5a187c38817a5c
2026-09-20 17:46:47,519 - ERROR - Failed to build order features for order_id=d7c663de1470a2d3671791d3f093991c, e4309eeca1cfe3c6df5a187c38817a5cuihiuj, e4309eeca1cfe3c6df5a187c38817a5c
Traceback (most recent call last):
  File "D:\MlOps_tasks\task_3\src\data_access.py", line 183, in create_order_features
    raise ValueError(f"NO ORDER with order_id(s): {missing_ids}")
ValueError: NO ORDER with order_id(s): {'e4309eeca1cfe3c6df5a187c38817a5cuihiuj'}
2026-09-20 17:46:47,520 - ERROR - Prediction failed: NO ORDER with order_id(s): {'e4309eeca1cfe3c6df5a187c38817a5cuihiuj'}
Traceback (most recent call last):
  File "D:\MlOps_tasks\task_3\src\pipeline.py", line 51, in predict
    features = self.prepare_features(order_ids)
  File "D:\MlOps_tasks\task_3\src\pipeline.py", line 30, in prepare_features
    data=create_order_features(order_ids)
  File "D:\MlOps_tasks\task_3\src\data_access.py", line 183, in create_order_features
    raise ValueError(f"NO ORDER with order_id(s): {missing_ids}")
ValueError: NO ORDER with order_id(s): {'e4309eeca1cfe3c6df5a187c38817a5cuihiuj'}
2026-09-20 17:46:58,403 - INFO - Prediction request Received
2026-09-20 17:46:58,403 - INFO - Preparing features for prediction
2026-09-20 17:46:58,403 - INFO - Building order features for order_id=d7c663de1470a2d3671791d3f093991cugiubj, e4309eeca1cfe3c6df5a187c38817a5cuihiuj, e4309eeca1cfe3c6df5a187c38817a5c
2026-09-20 17:46:58,667 - ERROR - Failed to build order features for order_id=d7c663de1470a2d3671791d3f093991cugiubj, e4309eeca1cfe3c6df5a187c38817a5cuihiuj, e4309eeca1cfe3c6df5a187c38817a5c
Traceback (most recent call last):
  File "D:\MlOps_tasks\task_3\src\data_access.py", line 183, in create_order_features
    raise ValueError(f"NO ORDER with order_id(s): {missing_ids}")
ValueError: NO ORDER with order_id(s): {'d7c663de1470a2d3671791d3f093991cugiubj', 'e4309eeca1cfe3c6df5a187c38817a5cuihiuj'}
2026-09-20 17:46:58,668 - ERROR - Prediction failed: NO ORDER with order_id(s): {'d7c663de1470a2d3671791d3f093991cugiubj', 'e4309eeca1cfe3c6df5a187c38817a5cuihiuj'}
Traceback (most recent call last):
  File "D:\MlOps_tasks\task_3\src\pipeline.py", line 51, in predict
    features = self.prepare_features(order_ids)
  File "D:\MlOps_tasks\task_3\src\pipeline.py", line 30, in prepare_features
    data=create_order_features(order_ids)
  File "D:\MlOps_tasks\task_3\src\data_access.py", line 183, in create_order_features
    raise ValueError(f"NO ORDER with order_id(s): {missing_ids}")
ValueError: NO ORDER with order_id(s): {'d7c663de1470a2d3671791d3f093991cugiubj', 'e4309eeca1cfe3c6df5a187c38817a5cuihiuj'}
2026-09-20 17:47:11,171 - INFO - Prediction request Received
2026-09-20 17:47:11,171 - INFO - Preparing features for prediction
2026-09-20 17:47:11,171 - INFO - Building order features for order_id=
2026-09-20 17:47:11,576 - ERROR - Failed to build order features for order_id=
Traceback (most recent call last):
  File "C:\Users\acer\AppData\Local\Programs\Python\Python314\Lib\site-packages\sqlalchemy\engine\base.py", line 1969, in _exec_single_context
    self.dialect.do_execute(
    ~~~~~~~~~~~~~~~~~~~~~~~^
        cursor, str_statement, effective_parameters, context
        ^^^^^^^^^^^^^^^^^^^^^^^^^^^^^^^^^^^^^^^^^^^^^^^^^^^^
    )
    ^
  File "C:\Users\acer\AppData\Local\Programs\Python\Python314\Lib\site-packages\sqlalchemy\engine\default.py", line 952, in do_execute
    cursor.execute(statement, parameters)
    ~~~~~~~~~~~~~~^^^^^^^^^^^^^^^^^^^^^^^
psycopg2.errors.SyntaxError: syntax error at or near ")"
LINE 1: select * from orders WHERE order_id IN ()
                                                ^


The above exception was the direct cause of the following exception:

Traceback (most recent call last):
  File "C:\Users\acer\AppData\Local\Programs\Python\Python314\Lib\site-packages\pandas\io\sql.py", line 1679, in execute
    return execute_function(sql, *args)
  File "C:\Users\acer\AppData\Local\Programs\Python\Python314\Lib\site-packages\sqlalchemy\engine\base.py", line 1781, in exec_driver_sql
    ret = self._execute_context(
        dialect,
    ...<5 lines>...
        distilled_parameters,
    )
  File "C:\Users\acer\AppData\Local\Programs\Python\Python314\Lib\site-packages\sqlalchemy\engine\base.py", line 1848, in _execute_context
    return self._exec_single_context(
           ~~~~~~~~~~~~~~~~~~~~~~~~~^
        dialect, context, statement, parameters
        ^^^^^^^^^^^^^^^^^^^^^^^^^^^^^^^^^^^^^^^
    )
    ^
  File "C:\Users\acer\AppData\Local\Programs\Python\Python314\Lib\site-packages\sqlalchemy\engine\base.py", line 1988, in _exec_single_context
    self._handle_dbapi_exception(
    ~~~~~~~~~~~~~~~~~~~~~~~~~~~~^
        e, str_statement, effective_parameters, cursor, context
        ^^^^^^^^^^^^^^^^^^^^^^^^^^^^^^^^^^^^^^^^^^^^^^^^^^^^^^^
    )
    ^
  File "C:\Users\acer\AppData\Local\Programs\Python\Python314\Lib\site-packages\sqlalchemy\engine\base.py", line 2365, in _handle_dbapi_exception
    raise sqlalchemy_exception.with_traceback(exc_info[2]) from e
  File "C:\Users\acer\AppData\Local\Programs\Python\Python314\Lib\site-packages\sqlalchemy\engine\base.py", line 1969, in _exec_single_context
    self.dialect.do_execute(
    ~~~~~~~~~~~~~~~~~~~~~~~^
        cursor, str_statement, effective_parameters, context
        ^^^^^^^^^^^^^^^^^^^^^^^^^^^^^^^^^^^^^^^^^^^^^^^^^^^^
    )
    ^
  File "C:\Users\acer\AppData\Local\Programs\Python\Python314\Lib\site-packages\sqlalchemy\engine\default.py", line 952, in do_execute
    cursor.execute(statement, parameters)
    ~~~~~~~~~~~~~~^^^^^^^^^^^^^^^^^^^^^^^
sqlalchemy.exc.ProgrammingError: (psycopg2.errors.SyntaxError) syntax error at or near ")"
LINE 1: select * from orders WHERE order_id IN ()
                                                ^

[SQL: select * from orders WHERE order_id IN ()]
(Background on this error at: https://sqlalche.me/e/20/f405)

The above exception was the direct cause of the following exception:

Traceback (most recent call last):
  File "D:\MlOps_tasks\task_3\src\data_access.py", line 179, in create_order_features
    orders=pd.read_sql(query,engine)
  File "C:\Users\acer\AppData\Local\Programs\Python\Python314\Lib\site-packages\pandas\io\sql.py", line 730, in read_sql
    return pandas_sql.read_query(
           ~~~~~~~~~~~~~~~~~~~~~^
        sql,
        ^^^^
    ...<6 lines>...
        dtype=dtype,
        ^^^^^^^^^^^^
    )
    ^
  File "C:\Users\acer\AppData\Local\Programs\Python\Python314\Lib\site-packages\pandas\io\sql.py", line 1856, in read_query
    result = self.execute(sql, params)
  File "C:\Users\acer\AppData\Local\Programs\Python\Python314\Lib\site-packages\pandas\io\sql.py", line 1681, in execute
    raise DatabaseError(f"Execution failed on sql '{sql}': {exc}") from exc
pandas.errors.DatabaseError: Execution failed on sql 'select * from orders WHERE order_id IN ()': (psycopg2.errors.SyntaxError) syntax error at or near ")"
LINE 1: select * from orders WHERE order_id IN ()
                                                ^

[SQL: select * from orders WHERE order_id IN ()]
(Background on this error at: https://sqlalche.me/e/20/f405)
2026-09-20 17:47:11,595 - ERROR - Prediction failed: Execution failed on sql 'select * from orders WHERE order_id IN ()': (psycopg2.errors.SyntaxError) syntax error at or near ")"
LINE 1: select * from orders WHERE order_id IN ()
                                                ^

[SQL: select * from orders WHERE order_id IN ()]
(Background on this error at: https://sqlalche.me/e/20/f405)
Traceback (most recent call last):
  File "C:\Users\acer\AppData\Local\Programs\Python\Python314\Lib\site-packages\sqlalchemy\engine\base.py", line 1969, in _exec_single_context
    self.dialect.do_execute(
    ~~~~~~~~~~~~~~~~~~~~~~~^
        cursor, str_statement, effective_parameters, context
        ^^^^^^^^^^^^^^^^^^^^^^^^^^^^^^^^^^^^^^^^^^^^^^^^^^^^
    )
    ^
  File "C:\Users\acer\AppData\Local\Programs\Python\Python314\Lib\site-packages\sqlalchemy\engine\default.py", line 952, in do_execute
    cursor.execute(statement, parameters)
    ~~~~~~~~~~~~~~^^^^^^^^^^^^^^^^^^^^^^^
psycopg2.errors.SyntaxError: syntax error at or near ")"
LINE 1: select * from orders WHERE order_id IN ()
                                                ^


The above exception was the direct cause of the following exception:

Traceback (most recent call last):
  File "C:\Users\acer\AppData\Local\Programs\Python\Python314\Lib\site-packages\pandas\io\sql.py", line 1679, in execute
    return execute_function(sql, *args)
  File "C:\Users\acer\AppData\Local\Programs\Python\Python314\Lib\site-packages\sqlalchemy\engine\base.py", line 1781, in exec_driver_sql
    ret = self._execute_context(
        dialect,
    ...<5 lines>...
        distilled_parameters,
    )
  File "C:\Users\acer\AppData\Local\Programs\Python\Python314\Lib\site-packages\sqlalchemy\engine\base.py", line 1848, in _execute_context
    return self._exec_single_context(
           ~~~~~~~~~~~~~~~~~~~~~~~~~^
        dialect, context, statement, parameters
        ^^^^^^^^^^^^^^^^^^^^^^^^^^^^^^^^^^^^^^^
    )
    ^
  File "C:\Users\acer\AppData\Local\Programs\Python\Python314\Lib\site-packages\sqlalchemy\engine\base.py", line 1988, in _exec_single_context
    self._handle_dbapi_exception(
    ~~~~~~~~~~~~~~~~~~~~~~~~~~~~^
        e, str_statement, effective_parameters, cursor, context
        ^^^^^^^^^^^^^^^^^^^^^^^^^^^^^^^^^^^^^^^^^^^^^^^^^^^^^^^
    )
    ^
  File "C:\Users\acer\AppData\Local\Programs\Python\Python314\Lib\site-packages\sqlalchemy\engine\base.py", line 2365, in _handle_dbapi_exception
    raise sqlalchemy_exception.with_traceback(exc_info[2]) from e
  File "C:\Users\acer\AppData\Local\Programs\Python\Python314\Lib\site-packages\sqlalchemy\engine\base.py", line 1969, in _exec_single_context
    self.dialect.do_execute(
    ~~~~~~~~~~~~~~~~~~~~~~~^
        cursor, str_statement, effective_parameters, context
        ^^^^^^^^^^^^^^^^^^^^^^^^^^^^^^^^^^^^^^^^^^^^^^^^^^^^
    )
    ^
  File "C:\Users\acer\AppData\Local\Programs\Python\Python314\Lib\site-packages\sqlalchemy\engine\default.py", line 952, in do_execute
    cursor.execute(statement, parameters)
    ~~~~~~~~~~~~~~^^^^^^^^^^^^^^^^^^^^^^^
sqlalchemy.exc.ProgrammingError: (psycopg2.errors.SyntaxError) syntax error at or near ")"
LINE 1: select * from orders WHERE order_id IN ()
                                                ^

[SQL: select * from orders WHERE order_id IN ()]
(Background on this error at: https://sqlalche.me/e/20/f405)

The above exception was the direct cause of the following exception:

Traceback (most recent call last):
  File "D:\MlOps_tasks\task_3\src\pipeline.py", line 51, in predict
    features = self.prepare_features(order_ids)
  File "D:\MlOps_tasks\task_3\src\pipeline.py", line 30, in prepare_features
    data=create_order_features(order_ids)
  File "D:\MlOps_tasks\task_3\src\data_access.py", line 179, in create_order_features
    orders=pd.read_sql(query,engine)
  File "C:\Users\acer\AppData\Local\Programs\Python\Python314\Lib\site-packages\pandas\io\sql.py", line 730, in read_sql
    return pandas_sql.read_query(
           ~~~~~~~~~~~~~~~~~~~~~^
        sql,
        ^^^^
    ...<6 lines>...
        dtype=dtype,
        ^^^^^^^^^^^^
    )
    ^
  File "C:\Users\acer\AppData\Local\Programs\Python\Python314\Lib\site-packages\pandas\io\sql.py", line 1856, in read_query
    result = self.execute(sql, params)
  File "C:\Users\acer\AppData\Local\Programs\Python\Python314\Lib\site-packages\pandas\io\sql.py", line 1681, in execute
    raise DatabaseError(f"Execution failed on sql '{sql}': {exc}") from exc
pandas.errors.DatabaseError: Execution failed on sql 'select * from orders WHERE order_id IN ()': (psycopg2.errors.SyntaxError) syntax error at or near ")"
LINE 1: select * from orders WHERE order_id IN ()
                                                ^

[SQL: select * from orders WHERE order_id IN ()]
(Background on this error at: https://sqlalche.me/e/20/f405)
2026-09-20 17:47:31,786 - INFO - Prediction request Received
2026-09-20 17:47:31,786 - INFO - Preparing features for prediction
2026-09-20 17:47:31,786 - INFO - Building order features for order_id=d7c663de1470a2d3671791d3f093991c, e4309eeca1cfe3c6df5a187c38817a5c
2026-09-20 17:47:33,489 - INFO - Order feature creation completed for order_id=d7c663de1470a2d3671791d3f093991c, e4309eeca1cfe3c6df5a187c38817a5c
2026-09-20 17:47:33,497 - INFO - Dropping unused columns from the dataset
2026-09-20 17:47:33,503 - INFO - Adding date features
2026-09-20 17:47:33,506 - INFO - Calculating haversine distance
2026-09-20 17:47:33,507 - INFO - Calculating haversine distance
2026-09-20 17:47:33,508 - INFO - Creating missing value indicators for specific columns
2026-09-20 17:47:33,521 - INFO - Applying imputer to missing values
2026-09-20 17:47:33,538 - INFO - Aligning features to match model's expected input
2026-09-20 17:47:33,624 - INFO - Validating input data for required columns and non-empty DataFrame
2026-09-20 17:47:33,624 - INFO - Making predictions using the provided model
2026-09-20 17:47:33,661 - INFO - Prediction request: input=   num_sellers  num_items  total_price  ...  pay_voucher_missing  customer_lat_missing  customer_lng_missing
0          1.0        1.0         55.0  ...                    0                     0                     0
1          1.0        1.0        114.9  ...                    0                     0                     0

[2 rows x 117 columns] output=[{'prediction': 0, 'probability': 0.17072728276252747}, {'prediction': 1, 'probability': 0.5412375926971436}] latency=1.875s model_version=1
2026-09-20 17:48:39,971 - INFO - Loading MLflow model from URI: models:/olist-classifier@champion
2026-09-20 17:48:46,010 - INFO - Loading pickle artifact: models\transformers\imputer.pkl
2026-09-20 17:48:46,011 - INFO - Loading feature list: feature_list.txt
2026-09-20 17:48:46,011 - INFO - Feature list loaded with 117 columns
2026-09-20 19:54:00,146 - INFO - Project root resolved to: D:\MlOps_tasks\task_3
2026-09-20 19:54:04,943 - INFO - Project root resolved to: D:\MlOps_tasks\task_3
2026-09-20 19:58:19,853 - INFO - Adding date features
2026-09-20 19:58:19,853 - INFO - Calculating haversine distance
2026-09-20 19:58:19,865 - INFO - Calculating haversine distance
2026-09-20 19:58:19,865 - INFO - Calculating haversine distance
2026-09-20 19:58:19,868 - INFO - Project root resolved to: D:\MlOps_tasks\task_3
2026-09-20 19:58:19,920 - INFO - Loading MLflow model from URI: models:/olist-classifier@champion
2026-09-20 19:58:25,666 - INFO - Loading pickle artifact: models\transformers\imputer.pkl
2026-09-20 19:58:25,668 - INFO - Loading feature list: feature_list.txt
2026-09-20 19:58:25,668 - INFO - Feature list loaded with 117 columns
2026-09-20 19:58:25,668 - INFO - Prediction request Received
2026-09-20 19:58:25,668 - INFO - Preparing features for prediction
2026-09-20 19:58:25,668 - INFO - Building order features for order_id=9e6bc602a2466daa94736f31d1319c5d, 8fb4e4bd46f9802e9179726dd20019a5, 88a78af246c6c2db88e72b384796c98c, d7c663de1470a2d3671791d3f093991c, c0e57db4a4a6ef32aa28911d1c07df81
2026-09-20 19:58:28,093 - INFO - Order feature creation completed for order_id=9e6bc602a2466daa94736f31d1319c5d, 8fb4e4bd46f9802e9179726dd20019a5, 88a78af246c6c2db88e72b384796c98c, d7c663de1470a2d3671791d3f093991c, c0e57db4a4a6ef32aa28911d1c07df81
2026-09-20 19:58:28,157 - INFO - Dropping unused columns from the dataset
2026-09-20 19:58:28,157 - INFO - Adding date features
2026-09-20 19:58:28,157 - INFO - Calculating haversine distance
2026-09-20 19:58:28,157 - INFO - Calculating haversine distance
2026-09-20 19:58:28,157 - INFO - Creating missing value indicators for specific columns
2026-09-20 19:58:28,173 - INFO - Applying imputer to missing values
2026-09-20 19:58:28,189 - INFO - Aligning features to match model's expected input
2026-09-20 19:58:28,252 - INFO - Validating input data for required columns and non-empty DataFrame
2026-09-20 19:58:28,252 - INFO - Making predictions using the provided model
2026-09-20 19:58:28,277 - INFO - Prediction request: input=   num_sellers  num_items  ...  customer_lat_missing  customer_lng_missing
0          2.0        2.0  ...                     0                     0
1          1.0        1.0  ...                     0                     0
2          1.0        1.0  ...                     0                     0
3          1.0        1.0  ...                     0                     0
4          1.0        1.0  ...                     0                     0

[5 rows x 117 columns] output=[{'prediction': 0, 'probability': 0.168917715549469}, {'prediction': 0, 'probability': 0.20972174406051636}, {'prediction': 0, 'probability': 0.246858149766922}, {'prediction': 0, 'probability': 0.17072728276252747}, {'prediction': 0, 'probability': 0.17624437808990479}] latency=2.609s model_version=1
2026-09-20 19:58:28,482 - INFO - Prediction request Received
2026-09-20 19:58:28,482 - INFO - Preparing features for prediction
2026-09-20 19:58:28,482 - INFO - Building order features for order_id=e4309eeca1cfe3c6df5a187c38817a5c
2026-09-20 19:58:30,835 - INFO - Order feature creation completed for order_id=e4309eeca1cfe3c6df5a187c38817a5c
2026-09-20 19:58:30,901 - INFO - Dropping unused columns from the dataset
2026-09-20 19:58:30,901 - INFO - Adding date features
2026-09-20 19:58:30,901 - INFO - Calculating haversine distance
2026-09-20 19:58:30,901 - INFO - Calculating haversine distance
2026-09-20 19:58:30,901 - INFO - Creating missing value indicators for specific columns
2026-09-20 19:58:30,908 - INFO - Applying imputer to missing values
2026-09-20 19:58:30,908 - INFO - Aligning features to match model's expected input
2026-09-20 19:58:30,982 - INFO - Validating input data for required columns and non-empty DataFrame
2026-09-20 19:58:30,982 - INFO - Making predictions using the provided model
2026-09-20 19:58:31,005 - INFO - Prediction request: input=   num_sellers  num_items  ...  customer_lat_missing  customer_lng_missing
0          1.0        1.0  ...                     0                     0

[1 rows x 117 columns] output=[{'prediction': 1, 'probability': 0.5412375926971436}] latency=2.523s model_version=1
2026-09-20 19:58:31,193 - INFO - Project root resolved to: D:\MlOps_tasks\task_3
2026-09-20 19:58:31,204 - INFO - Loading MLflow model from URI: models:/olist-classifier@champion
2026-09-20 19:58:31,284 - INFO - Loading pickle artifact: models\transformers\imputer.pkl
2026-09-20 19:58:31,284 - INFO - Loading feature list: feature_list.txt
2026-09-20 19:58:31,284 - INFO - Feature list loaded with 117 columns
2026-09-20 19:58:31,284 - INFO - Prediction request Received
2026-09-20 19:58:31,284 - INFO - Preparing features for prediction
2026-09-20 19:58:31,285 - INFO - Building order features for order_id=test-order-001
2026-09-20 19:58:31,663 - ERROR - Failed to build order features for order_id=test-order-001
Traceback (most recent call last):
  File "D:\MlOps_tasks\task_3\src\data_access.py", line 188, in create_order_features
    raise ValueError(f"NO ORDER with order_id(s): {missing_ids}")
ValueError: NO ORDER with order_id(s): {'test-order-001'}
2026-09-20 19:58:31,663 - ERROR - Prediction failed: NO ORDER with order_id(s): {'test-order-001'}
Traceback (most recent call last):
  File "D:\MlOps_tasks\task_3\src\pipeline.py", line 51, in predict
    features = self.prepare_features(order_ids)
               ^^^^^^^^^^^^^^^^^^^^^^^^^^^^^^^^
  File "D:\MlOps_tasks\task_3\src\pipeline.py", line 30, in prepare_features
    data=create_order_features(order_ids)
         ^^^^^^^^^^^^^^^^^^^^^^^^^^^^^^^^
  File "D:\MlOps_tasks\task_3\src\data_access.py", line 188, in create_order_features
    raise ValueError(f"NO ORDER with order_id(s): {missing_ids}")
ValueError: NO ORDER with order_id(s): {'test-order-001'}
2026-09-20 19:58:31,685 - INFO - Creating missing value indicators for specific columns
2026-09-20 19:58:31,687 - WARNING - Missing values found in column 'avg_seller_lat'. Created indicator column 'avg_seller_lat_missing'.
2026-09-20 19:58:31,687 - WARNING - Missing values found in column 'distance_km'. Created indicator column 'distance_km_missing'.
2026-09-20 19:58:31,689 - WARNING - Missing values found in column 'max_product_length_cm'. Created indicator column 'max_product_length_cm_missing'.
2026-09-20 19:58:31,691 - WARNING - Missing values found in column 'avg_product_description_length'. Created indicator column 'avg_product_description_length_missing'.
2026-09-20 19:58:31,691 - WARNING - Missing values found in column 'num_payments'. Created indicator column 'num_payments_missing'.
2026-09-20 19:58:31,693 - WARNING - Missing values found in column 'total_payment_value'. Created indicator column 'total_payment_value_missing'.
2026-09-20 19:58:31,695 - WARNING - Missing values found in column 'customer_lat'. Created indicator column 'customer_lat_missing'.
2026-09-20 19:58:31,698 - INFO - Aligning features to match model's expected input
2026-09-20 21:20:43,492 - INFO - Project root resolved to: D:\MlOps_tasks\task_3
2026-09-20 21:20:43,506 - INFO - Project root resolved to: D:\MlOps_tasks\task_3
2026-09-20 21:24:35,685 - INFO - Project root resolved to: D:\MlOps_tasks\task_3
2026-09-20 21:29:51,245 - INFO - Project root resolved to: D:\MlOps_tasks\task_3
2026-09-20 21:29:51,285 - INFO - Project root resolved to: D:\MlOps_tasks\task_3
2026-09-20 21:29:52,379 - INFO - Project root resolved to: D:\MlOps_tasks\task_3
2026-09-20 21:31:12,115 - INFO - Project root resolved to: D:\MlOps_tasks\task_3
2026-09-20 21:33:13,297 - INFO - Project root resolved to: D:\MlOps_tasks\task_3
2026-09-20 21:47:39,517 - INFO - Project root resolved to: D:\MlOps_tasks\task_3
2026-09-20 21:47:39,553 - INFO - Project root resolved to: D:\MlOps_tasks\task_3
2026-09-20 21:47:40,764 - INFO - Project root resolved to: D:\MlOps_tasks\task_3
2026-09-20 21:49:55,415 - INFO - Project root resolved to: D:\MlOps_tasks\task_3
2026-09-20 21:57:27,284 - INFO - Adding date features
2026-09-20 21:57:27,300 - INFO - Calculating haversine distance
2026-09-20 21:57:27,302 - INFO - Calculating haversine distance
2026-09-20 21:57:27,302 - INFO - Calculating haversine distance
2026-09-20 21:57:27,307 - INFO - Project root resolved to: D:\MlOps_tasks\task_3
2026-09-20 21:57:27,705 - INFO - Project root resolved to: D:\MlOps_tasks\task_3
2026-09-20 21:57:27,709 - INFO - Loading MLflow model from URI: models:/olist-classifier@champion
2026-09-20 21:57:35,834 - INFO - Loading pickle artifact: models\transformers\imputer.pkl
2026-09-20 21:57:35,834 - INFO - Loading feature list: feature_list.txt
2026-09-20 21:57:35,836 - INFO - Feature list loaded with 117 columns
2026-09-20 21:57:35,836 - INFO - Prediction request Received
2026-09-20 21:57:35,836 - INFO - Preparing features for prediction
2026-09-20 21:57:35,836 - INFO - Building order features for order_id=test-order-001
2026-09-20 21:57:39,957 - ERROR - Failed to build order features for order_id=test-order-001
Traceback (most recent call last):
  File "C:\Users\acer\AppData\Local\Programs\Python\Python312\Lib\site-packages\sqlalchemy\engine\base.py", line 146, in __init__
    self._dbapi_connection = engine.raw_connection()
                             ^^^^^^^^^^^^^^^^^^^^^^^
  File "C:\Users\acer\AppData\Local\Programs\Python\Python312\Lib\site-packages\sqlalchemy\engine\base.py", line 3302, in raw_connection
    return self.pool.connect()
           ^^^^^^^^^^^^^^^^^^^
  File "C:\Users\acer\AppData\Local\Programs\Python\Python312\Lib\site-packages\sqlalchemy\pool\base.py", line 449, in connect
    return _ConnectionFairy._checkout(self)
           ^^^^^^^^^^^^^^^^^^^^^^^^^^^^^^^^
  File "C:\Users\acer\AppData\Local\Programs\Python\Python312\Lib\site-packages\sqlalchemy\pool\base.py", line 1263, in _checkout
    fairy = _ConnectionRecord.checkout(pool)
            ^^^^^^^^^^^^^^^^^^^^^^^^^^^^^^^^
  File "C:\Users\acer\AppData\Local\Programs\Python\Python312\Lib\site-packages\sqlalchemy\pool\base.py", line 712, in checkout
    rec = pool._do_get()
          ^^^^^^^^^^^^^^
  File "C:\Users\acer\AppData\Local\Programs\Python\Python312\Lib\site-packages\sqlalchemy\pool\impl.py", line 179, in _do_get
    with util.safe_reraise():
         ^^^^^^^^^^^^^^^^^^^
  File "C:\Users\acer\AppData\Local\Programs\Python\Python312\Lib\site-packages\sqlalchemy\util\langhelpers.py", line 146, in __exit__
    raise exc_value.with_traceback(exc_tb)
  File "C:\Users\acer\AppData\Local\Programs\Python\Python312\Lib\site-packages\sqlalchemy\pool\impl.py", line 177, in _do_get
    return self._create_connection()
           ^^^^^^^^^^^^^^^^^^^^^^^^^
  File "C:\Users\acer\AppData\Local\Programs\Python\Python312\Lib\site-packages\sqlalchemy\pool\base.py", line 390, in _create_connection
    return _ConnectionRecord(self)
           ^^^^^^^^^^^^^^^^^^^^^^^
  File "C:\Users\acer\AppData\Local\Programs\Python\Python312\Lib\site-packages\sqlalchemy\pool\base.py", line 674, in __init__
    self.__connect()
  File "C:\Users\acer\AppData\Local\Programs\Python\Python312\Lib\site-packages\sqlalchemy\pool\base.py", line 900, in __connect
    with util.safe_reraise():
         ^^^^^^^^^^^^^^^^^^^
  File "C:\Users\acer\AppData\Local\Programs\Python\Python312\Lib\site-packages\sqlalchemy\util\langhelpers.py", line 146, in __exit__
    raise exc_value.with_traceback(exc_tb)
  File "C:\Users\acer\AppData\Local\Programs\Python\Python312\Lib\site-packages\sqlalchemy\pool\base.py", line 896, in __connect
    self.dbapi_connection = connection = pool._invoke_creator(self)
                                         ^^^^^^^^^^^^^^^^^^^^^^^^^^
  File "C:\Users\acer\AppData\Local\Programs\Python\Python312\Lib\site-packages\sqlalchemy\engine\create.py", line 643, in connect
    return dialect.connect(*cargs, **cparams)
           ^^^^^^^^^^^^^^^^^^^^^^^^^^^^^^^^^^
  File "C:\Users\acer\AppData\Local\Programs\Python\Python312\Lib\site-packages\sqlalchemy\engine\default.py", line 621, in connect
    return self.loaded_dbapi.connect(*cargs, **cparams)
           ^^^^^^^^^^^^^^^^^^^^^^^^^^^^^^^^^^^^^^^^^^^^
  File "C:\Users\acer\AppData\Local\Programs\Python\Python312\Lib\site-packages\psycopg2\__init__.py", line 122, in connect
    conn = _connect(dsn, connection_factory=connection_factory, **kwasync)
           ^^^^^^^^^^^^^^^^^^^^^^^^^^^^^^^^^^^^^^^^^^^^^^^^^^^^^^^^^^^^^^^
psycopg2.OperationalError: connection to server at "localhost" (::1), port 5432 failed: Connection refused (0x0000274D/10061)
	Is the server running on that host and accepting TCP/IP connections?
connection to server at "localhost" (127.0.0.1), port 5432 failed: Connection refused (0x0000274D/10061)
	Is the server running on that host and accepting TCP/IP connections?


The above exception was the direct cause of the following exception:

Traceback (most recent call last):
  File "D:\MlOps_tasks\task_3\src\data_access.py", line 182, in create_order_features
    customers=pd.read_sql(query,engine)
              ^^^^^^^^^^^^^^^^^^^^^^^^^
  File "C:\Users\acer\AppData\Local\Programs\Python\Python312\Lib\site-packages\pandas\io\sql.py", line 704, in read_sql
    with pandasSQL_builder(con) as pandas_sql:
         ^^^^^^^^^^^^^^^^^^^^^^
  File "C:\Users\acer\AppData\Local\Programs\Python\Python312\Lib\site-packages\pandas\io\sql.py", line 906, in pandasSQL_builder
    return SQLDatabase(con, schema, need_transaction)
           ^^^^^^^^^^^^^^^^^^^^^^^^^^^^^^^^^^^^^^^^^^
  File "C:\Users\acer\AppData\Local\Programs\Python\Python312\Lib\site-packages\pandas\io\sql.py", line 1636, in __init__
    con = self.exit_stack.enter_context(con.connect())
                                        ^^^^^^^^^^^^^
  File "C:\Users\acer\AppData\Local\Programs\Python\Python312\Lib\site-packages\sqlalchemy\engine\base.py", line 3278, in connect
    return self._connection_cls(self)
           ^^^^^^^^^^^^^^^^^^^^^^^^^^
  File "C:\Users\acer\AppData\Local\Programs\Python\Python312\Lib\site-packages\sqlalchemy\engine\base.py", line 148, in __init__
    Connection._handle_dbapi_exception_noconnection(
  File "C:\Users\acer\AppData\Local\Programs\Python\Python312\Lib\site-packages\sqlalchemy\engine\base.py", line 2442, in _handle_dbapi_exception_noconnection
    raise sqlalchemy_exception.with_traceback(exc_info[2]) from e
  File "C:\Users\acer\AppData\Local\Programs\Python\Python312\Lib\site-packages\sqlalchemy\engine\base.py", line 146, in __init__
    self._dbapi_connection = engine.raw_connection()
                             ^^^^^^^^^^^^^^^^^^^^^^^
  File "C:\Users\acer\AppData\Local\Programs\Python\Python312\Lib\site-packages\sqlalchemy\engine\base.py", line 3302, in raw_connection
    return self.pool.connect()
           ^^^^^^^^^^^^^^^^^^^
  File "C:\Users\acer\AppData\Local\Programs\Python\Python312\Lib\site-packages\sqlalchemy\pool\base.py", line 449, in connect
    return _ConnectionFairy._checkout(self)
           ^^^^^^^^^^^^^^^^^^^^^^^^^^^^^^^^
  File "C:\Users\acer\AppData\Local\Programs\Python\Python312\Lib\site-packages\sqlalchemy\pool\base.py", line 1263, in _checkout
    fairy = _ConnectionRecord.checkout(pool)
            ^^^^^^^^^^^^^^^^^^^^^^^^^^^^^^^^
  File "C:\Users\acer\AppData\Local\Programs\Python\Python312\Lib\site-packages\sqlalchemy\pool\base.py", line 712, in checkout
    rec = pool._do_get()
          ^^^^^^^^^^^^^^
  File "C:\Users\acer\AppData\Local\Programs\Python\Python312\Lib\site-packages\sqlalchemy\pool\impl.py", line 179, in _do_get
    with util.safe_reraise():
         ^^^^^^^^^^^^^^^^^^^
  File "C:\Users\acer\AppData\Local\Programs\Python\Python312\Lib\site-packages\sqlalchemy\util\langhelpers.py", line 146, in __exit__
    raise exc_value.with_traceback(exc_tb)
  File "C:\Users\acer\AppData\Local\Programs\Python\Python312\Lib\site-packages\sqlalchemy\pool\impl.py", line 177, in _do_get
    return self._create_connection()
           ^^^^^^^^^^^^^^^^^^^^^^^^^
  File "C:\Users\acer\AppData\Local\Programs\Python\Python312\Lib\site-packages\sqlalchemy\pool\base.py", line 390, in _create_connection
    return _ConnectionRecord(self)
           ^^^^^^^^^^^^^^^^^^^^^^^
  File "C:\Users\acer\AppData\Local\Programs\Python\Python312\Lib\site-packages\sqlalchemy\pool\base.py", line 674, in __init__
    self.__connect()
  File "C:\Users\acer\AppData\Local\Programs\Python\Python312\Lib\site-packages\sqlalchemy\pool\base.py", line 900, in __connect
    with util.safe_reraise():
         ^^^^^^^^^^^^^^^^^^^
  File "C:\Users\acer\AppData\Local\Programs\Python\Python312\Lib\site-packages\sqlalchemy\util\langhelpers.py", line 146, in __exit__
    raise exc_value.with_traceback(exc_tb)
  File "C:\Users\acer\AppData\Local\Programs\Python\Python312\Lib\site-packages\sqlalchemy\pool\base.py", line 896, in __connect
    self.dbapi_connection = connection = pool._invoke_creator(self)
                                         ^^^^^^^^^^^^^^^^^^^^^^^^^^
  File "C:\Users\acer\AppData\Local\Programs\Python\Python312\Lib\site-packages\sqlalchemy\engine\create.py", line 643, in connect
    return dialect.connect(*cargs, **cparams)
           ^^^^^^^^^^^^^^^^^^^^^^^^^^^^^^^^^^
  File "C:\Users\acer\AppData\Local\Programs\Python\Python312\Lib\site-packages\sqlalchemy\engine\default.py", line 621, in connect
    return self.loaded_dbapi.connect(*cargs, **cparams)
           ^^^^^^^^^^^^^^^^^^^^^^^^^^^^^^^^^^^^^^^^^^^^
  File "C:\Users\acer\AppData\Local\Programs\Python\Python312\Lib\site-packages\psycopg2\__init__.py", line 122, in connect
    conn = _connect(dsn, connection_factory=connection_factory, **kwasync)
           ^^^^^^^^^^^^^^^^^^^^^^^^^^^^^^^^^^^^^^^^^^^^^^^^^^^^^^^^^^^^^^^
sqlalchemy.exc.OperationalError: (psycopg2.OperationalError) connection to server at "localhost" (::1), port 5432 failed: Connection refused (0x0000274D/10061)
	Is the server running on that host and accepting TCP/IP connections?
connection to server at "localhost" (127.0.0.1), port 5432 failed: Connection refused (0x0000274D/10061)
	Is the server running on that host and accepting TCP/IP connections?

(Background on this error at: https://sqlalche.me/e/20/e3q8)
2026-09-20 21:57:39,975 - ERROR - Prediction failed: (psycopg2.OperationalError) connection to server at "localhost" (::1), port 5432 failed: Connection refused (0x0000274D/10061)
	Is the server running on that host and accepting TCP/IP connections?
connection to server at "localhost" (127.0.0.1), port 5432 failed: Connection refused (0x0000274D/10061)
	Is the server running on that host and accepting TCP/IP connections?

(Background on this error at: https://sqlalche.me/e/20/e3q8)
Traceback (most recent call last):
  File "C:\Users\acer\AppData\Local\Programs\Python\Python312\Lib\site-packages\sqlalchemy\engine\base.py", line 146, in __init__
    self._dbapi_connection = engine.raw_connection()
                             ^^^^^^^^^^^^^^^^^^^^^^^
  File "C:\Users\acer\AppData\Local\Programs\Python\Python312\Lib\site-packages\sqlalchemy\engine\base.py", line 3302, in raw_connection
    return self.pool.connect()
           ^^^^^^^^^^^^^^^^^^^
  File "C:\Users\acer\AppData\Local\Programs\Python\Python312\Lib\site-packages\sqlalchemy\pool\base.py", line 449, in connect
    return _ConnectionFairy._checkout(self)
           ^^^^^^^^^^^^^^^^^^^^^^^^^^^^^^^^
  File "C:\Users\acer\AppData\Local\Programs\Python\Python312\Lib\site-packages\sqlalchemy\pool\base.py", line 1263, in _checkout
    fairy = _ConnectionRecord.checkout(pool)
            ^^^^^^^^^^^^^^^^^^^^^^^^^^^^^^^^
  File "C:\Users\acer\AppData\Local\Programs\Python\Python312\Lib\site-packages\sqlalchemy\pool\base.py", line 712, in checkout
    rec = pool._do_get()
          ^^^^^^^^^^^^^^
  File "C:\Users\acer\AppData\Local\Programs\Python\Python312\Lib\site-packages\sqlalchemy\pool\impl.py", line 179, in _do_get
    with util.safe_reraise():
         ^^^^^^^^^^^^^^^^^^^
  File "C:\Users\acer\AppData\Local\Programs\Python\Python312\Lib\site-packages\sqlalchemy\util\langhelpers.py", line 146, in __exit__
    raise exc_value.with_traceback(exc_tb)
  File "C:\Users\acer\AppData\Local\Programs\Python\Python312\Lib\site-packages\sqlalchemy\pool\impl.py", line 177, in _do_get
    return self._create_connection()
           ^^^^^^^^^^^^^^^^^^^^^^^^^
  File "C:\Users\acer\AppData\Local\Programs\Python\Python312\Lib\site-packages\sqlalchemy\pool\base.py", line 390, in _create_connection
    return _ConnectionRecord(self)
           ^^^^^^^^^^^^^^^^^^^^^^^
  File "C:\Users\acer\AppData\Local\Programs\Python\Python312\Lib\site-packages\sqlalchemy\pool\base.py", line 674, in __init__
    self.__connect()
  File "C:\Users\acer\AppData\Local\Programs\Python\Python312\Lib\site-packages\sqlalchemy\pool\base.py", line 900, in __connect
    with util.safe_reraise():
         ^^^^^^^^^^^^^^^^^^^
  File "C:\Users\acer\AppData\Local\Programs\Python\Python312\Lib\site-packages\sqlalchemy\util\langhelpers.py", line 146, in __exit__
    raise exc_value.with_traceback(exc_tb)
  File "C:\Users\acer\AppData\Local\Programs\Python\Python312\Lib\site-packages\sqlalchemy\pool\base.py", line 896, in __connect
    self.dbapi_connection = connection = pool._invoke_creator(self)
                                         ^^^^^^^^^^^^^^^^^^^^^^^^^^
  File "C:\Users\acer\AppData\Local\Programs\Python\Python312\Lib\site-packages\sqlalchemy\engine\create.py", line 643, in connect
    return dialect.connect(*cargs, **cparams)
           ^^^^^^^^^^^^^^^^^^^^^^^^^^^^^^^^^^
  File "C:\Users\acer\AppData\Local\Programs\Python\Python312\Lib\site-packages\sqlalchemy\engine\default.py", line 621, in connect
    return self.loaded_dbapi.connect(*cargs, **cparams)
           ^^^^^^^^^^^^^^^^^^^^^^^^^^^^^^^^^^^^^^^^^^^^
  File "C:\Users\acer\AppData\Local\Programs\Python\Python312\Lib\site-packages\psycopg2\__init__.py", line 122, in connect
    conn = _connect(dsn, connection_factory=connection_factory, **kwasync)
           ^^^^^^^^^^^^^^^^^^^^^^^^^^^^^^^^^^^^^^^^^^^^^^^^^^^^^^^^^^^^^^^
psycopg2.OperationalError: connection to server at "localhost" (::1), port 5432 failed: Connection refused (0x0000274D/10061)
	Is the server running on that host and accepting TCP/IP connections?
connection to server at "localhost" (127.0.0.1), port 5432 failed: Connection refused (0x0000274D/10061)
	Is the server running on that host and accepting TCP/IP connections?


The above exception was the direct cause of the following exception:

Traceback (most recent call last):
  File "D:\MlOps_tasks\task_3\src\pipeline.py", line 51, in predict
    features = self.prepare_features(order_ids)
               ^^^^^^^^^^^^^^^^^^^^^^^^^^^^^^^^
  File "D:\MlOps_tasks\task_3\src\pipeline.py", line 30, in prepare_features
    data=create_order_features(order_ids)
         ^^^^^^^^^^^^^^^^^^^^^^^^^^^^^^^^
  File "D:\MlOps_tasks\task_3\src\data_access.py", line 182, in create_order_features
    customers=pd.read_sql(query,engine)
              ^^^^^^^^^^^^^^^^^^^^^^^^^
  File "C:\Users\acer\AppData\Local\Programs\Python\Python312\Lib\site-packages\pandas\io\sql.py", line 704, in read_sql
    with pandasSQL_builder(con) as pandas_sql:
         ^^^^^^^^^^^^^^^^^^^^^^
  File "C:\Users\acer\AppData\Local\Programs\Python\Python312\Lib\site-packages\pandas\io\sql.py", line 906, in pandasSQL_builder
    return SQLDatabase(con, schema, need_transaction)
           ^^^^^^^^^^^^^^^^^^^^^^^^^^^^^^^^^^^^^^^^^^
  File "C:\Users\acer\AppData\Local\Programs\Python\Python312\Lib\site-packages\pandas\io\sql.py", line 1636, in __init__
    con = self.exit_stack.enter_context(con.connect())
                                        ^^^^^^^^^^^^^
  File "C:\Users\acer\AppData\Local\Programs\Python\Python312\Lib\site-packages\sqlalchemy\engine\base.py", line 3278, in connect
    return self._connection_cls(self)
           ^^^^^^^^^^^^^^^^^^^^^^^^^^
  File "C:\Users\acer\AppData\Local\Programs\Python\Python312\Lib\site-packages\sqlalchemy\engine\base.py", line 148, in __init__
    Connection._handle_dbapi_exception_noconnection(
  File "C:\Users\acer\AppData\Local\Programs\Python\Python312\Lib\site-packages\sqlalchemy\engine\base.py", line 2442, in _handle_dbapi_exception_noconnection
    raise sqlalchemy_exception.with_traceback(exc_info[2]) from e
  File "C:\Users\acer\AppData\Local\Programs\Python\Python312\Lib\site-packages\sqlalchemy\engine\base.py", line 146, in __init__
    self._dbapi_connection = engine.raw_connection()
                             ^^^^^^^^^^^^^^^^^^^^^^^
  File "C:\Users\acer\AppData\Local\Programs\Python\Python312\Lib\site-packages\sqlalchemy\engine\base.py", line 3302, in raw_connection
    return self.pool.connect()
           ^^^^^^^^^^^^^^^^^^^
  File "C:\Users\acer\AppData\Local\Programs\Python\Python312\Lib\site-packages\sqlalchemy\pool\base.py", line 449, in connect
    return _ConnectionFairy._checkout(self)
           ^^^^^^^^^^^^^^^^^^^^^^^^^^^^^^^^
  File "C:\Users\acer\AppData\Local\Programs\Python\Python312\Lib\site-packages\sqlalchemy\pool\base.py", line 1263, in _checkout
    fairy = _ConnectionRecord.checkout(pool)
            ^^^^^^^^^^^^^^^^^^^^^^^^^^^^^^^^
  File "C:\Users\acer\AppData\Local\Programs\Python\Python312\Lib\site-packages\sqlalchemy\pool\base.py", line 712, in checkout
    rec = pool._do_get()
          ^^^^^^^^^^^^^^
  File "C:\Users\acer\AppData\Local\Programs\Python\Python312\Lib\site-packages\sqlalchemy\pool\impl.py", line 179, in _do_get
    with util.safe_reraise():
         ^^^^^^^^^^^^^^^^^^^
  File "C:\Users\acer\AppData\Local\Programs\Python\Python312\Lib\site-packages\sqlalchemy\util\langhelpers.py", line 146, in __exit__
    raise exc_value.with_traceback(exc_tb)
  File "C:\Users\acer\AppData\Local\Programs\Python\Python312\Lib\site-packages\sqlalchemy\pool\impl.py", line 177, in _do_get
    return self._create_connection()
           ^^^^^^^^^^^^^^^^^^^^^^^^^
  File "C:\Users\acer\AppData\Local\Programs\Python\Python312\Lib\site-packages\sqlalchemy\pool\base.py", line 390, in _create_connection
    return _ConnectionRecord(self)
           ^^^^^^^^^^^^^^^^^^^^^^^
  File "C:\Users\acer\AppData\Local\Programs\Python\Python312\Lib\site-packages\sqlalchemy\pool\base.py", line 674, in __init__
    self.__connect()
  File "C:\Users\acer\AppData\Local\Programs\Python\Python312\Lib\site-packages\sqlalchemy\pool\base.py", line 900, in __connect
    with util.safe_reraise():
         ^^^^^^^^^^^^^^^^^^^
  File "C:\Users\acer\AppData\Local\Programs\Python\Python312\Lib\site-packages\sqlalchemy\util\langhelpers.py", line 146, in __exit__
    raise exc_value.with_traceback(exc_tb)
  File "C:\Users\acer\AppData\Local\Programs\Python\Python312\Lib\site-packages\sqlalchemy\pool\base.py", line 896, in __connect
    self.dbapi_connection = connection = pool._invoke_creator(self)
                                         ^^^^^^^^^^^^^^^^^^^^^^^^^^
  File "C:\Users\acer\AppData\Local\Programs\Python\Python312\Lib\site-packages\sqlalchemy\engine\create.py", line 643, in connect
    return dialect.connect(*cargs, **cparams)
           ^^^^^^^^^^^^^^^^^^^^^^^^^^^^^^^^^^
  File "C:\Users\acer\AppData\Local\Programs\Python\Python312\Lib\site-packages\sqlalchemy\engine\default.py", line 621, in connect
    return self.loaded_dbapi.connect(*cargs, **cparams)
           ^^^^^^^^^^^^^^^^^^^^^^^^^^^^^^^^^^^^^^^^^^^^
  File "C:\Users\acer\AppData\Local\Programs\Python\Python312\Lib\site-packages\psycopg2\__init__.py", line 122, in connect
    conn = _connect(dsn, connection_factory=connection_factory, **kwasync)
           ^^^^^^^^^^^^^^^^^^^^^^^^^^^^^^^^^^^^^^^^^^^^^^^^^^^^^^^^^^^^^^^
sqlalchemy.exc.OperationalError: (psycopg2.OperationalError) connection to server at "localhost" (::1), port 5432 failed: Connection refused (0x0000274D/10061)
	Is the server running on that host and accepting TCP/IP connections?
connection to server at "localhost" (127.0.0.1), port 5432 failed: Connection refused (0x0000274D/10061)
	Is the server running on that host and accepting TCP/IP connections?

(Background on this error at: https://sqlalche.me/e/20/e3q8)
2026-09-20 21:57:40,700 - INFO - Creating missing value indicators for specific columns
2026-09-20 21:57:40,701 - WARNING - Missing values found in column 'avg_seller_lat'. Created indicator column 'avg_seller_lat_missing'.
2026-09-20 21:57:40,702 - WARNING - Missing values found in column 'distance_km'. Created indicator column 'distance_km_missing'.
2026-09-20 21:57:40,703 - WARNING - Missing values found in column 'max_product_length_cm'. Created indicator column 'max_product_length_cm_missing'.
2026-09-20 21:57:40,705 - WARNING - Missing values found in column 'avg_product_description_length'. Created indicator column 'avg_product_description_length_missing'.
2026-09-20 21:57:40,706 - WARNING - Missing values found in column 'num_payments'. Created indicator column 'num_payments_missing'.
2026-09-20 21:57:40,707 - WARNING - Missing values found in column 'total_payment_value'. Created indicator column 'total_payment_value_missing'.
2026-09-20 21:57:40,709 - WARNING - Missing values found in column 'customer_lat'. Created indicator column 'customer_lat_missing'.
2026-09-20 21:57:40,712 - INFO - Aligning features to match model's expected input
2026-09-20 22:39:32,253 - INFO - Project root resolved to: D:\MlOps_tasks\task_3
2026-09-20 22:54:07,448 - INFO - Project root resolved to: D:\MlOps_tasks\task_3
2026-09-20 22:54:32,433 - INFO - Project root resolved to: D:\MlOps_tasks\task_3
2026-09-20 22:56:21,660 - INFO - Project root resolved to: D:\MlOps_tasks\task_3
2026-09-20 22:56:23,434 - INFO - Project root resolved to: D:\MlOps_tasks\task_3
2026-09-20 22:56:52,807 - INFO - Project root resolved to: D:\MlOps_tasks\task_3
2026-09-20 23:04:56,146 - INFO - Loading MLflow model from URI: models:/olist-classifier@champion
2026-09-20 23:05:02,266 - INFO - Loading pickle artifact: models\transformers\imputer.pkl
2026-09-20 23:05:02,267 - INFO - Loading feature list: feature_list.txt
2026-09-20 23:05:02,268 - INFO - Feature list loaded with 117 columns
2026-09-20 23:05:02,357 - INFO - Prediction request Received
2026-09-20 23:05:02,357 - INFO - Preparing features for prediction
2026-09-20 23:05:02,357 - INFO - Building order features for order_id=9e6bc602a2466daa94736f31d1319c5d
2026-09-20 23:05:04,936 - INFO - Order feature creation completed for order_id=9e6bc602a2466daa94736f31d1319c5d
2026-09-20 23:05:04,990 - INFO - Dropping unused columns from the dataset
2026-09-20 23:05:04,993 - INFO - Adding date features
2026-09-20 23:05:05,011 - INFO - Calculating haversine distance
2026-09-20 23:05:05,012 - INFO - Calculating haversine distance
2026-09-20 23:05:05,016 - INFO - Creating missing value indicators for specific columns
2026-09-20 23:05:05,025 - INFO - Applying imputer to missing values
2026-09-20 23:05:05,045 - INFO - Aligning features to match model's expected input
2026-09-20 23:05:05,110 - INFO - Validating input data for required columns and non-empty DataFrame
2026-09-20 23:05:05,111 - INFO - Making predictions using the provided model
2026-09-20 23:05:05,143 - INFO - Prediction request: input=   num_sellers  num_items  ...  customer_lat_missing  customer_lng_missing
0          2.0        2.0  ...                     0                     0

[1 rows x 117 columns] output=[{'prediction': 0, 'probability': 0.168917715549469}] latency=2.785s model_version=1
2026-09-20 23:05:05,365 - INFO - Prediction request Received
2026-09-20 23:05:05,365 - INFO - Preparing features for prediction
2026-09-20 23:05:05,365 - INFO - Building order features for order_id=9e6bc602a2466daa94736f31d1319c5d, c0e57db4a4a6ef32aa28911d1c07df81
2026-09-20 23:05:07,809 - INFO - Order feature creation completed for order_id=9e6bc602a2466daa94736f31d1319c5d, c0e57db4a4a6ef32aa28911d1c07df81
2026-09-20 23:05:07,862 - INFO - Dropping unused columns from the dataset
2026-09-20 23:05:07,864 - INFO - Adding date features
2026-09-20 23:05:07,866 - INFO - Calculating haversine distance
2026-09-20 23:05:07,866 - INFO - Calculating haversine distance
2026-09-20 23:05:07,867 - INFO - Creating missing value indicators for specific columns
2026-09-20 23:05:07,875 - INFO - Applying imputer to missing values
2026-09-20 23:05:07,878 - INFO - Aligning features to match model's expected input
2026-09-20 23:05:07,938 - INFO - Validating input data for required columns and non-empty DataFrame
2026-09-20 23:05:07,938 - INFO - Making predictions using the provided model
2026-09-20 23:05:07,964 - INFO - Prediction request: input=   num_sellers  num_items  ...  customer_lat_missing  customer_lng_missing
0          2.0        2.0  ...                     0                     0
1          1.0        1.0  ...                     0                     0

[2 rows x 117 columns] output=[{'prediction': 0, 'probability': 0.168917715549469}, {'prediction': 0, 'probability': 0.17624437808990479}] latency=2.599s model_version=1
2026-09-20 23:05:08,173 - INFO - Adding date features
2026-09-20 23:05:08,181 - INFO - Calculating haversine distance
2026-09-20 23:05:08,183 - INFO - Calculating haversine distance
2026-09-20 23:05:08,184 - INFO - Calculating haversine distance
2026-09-20 23:05:08,188 - INFO - Project root resolved to: D:\MlOps_tasks\task_3
2026-09-20 23:05:08,809 - INFO - Project root resolved to: D:\MlOps_tasks\task_3
2026-09-20 23:05:08,812 - INFO - Loading MLflow model from URI: models:/olist-classifier@champion
2026-09-20 23:05:08,944 - INFO - Loading pickle artifact: models\transformers\imputer.pkl
2026-09-20 23:05:08,945 - INFO - Loading feature list: feature_list.txt
2026-09-20 23:05:08,945 - INFO - Feature list loaded with 117 columns
2026-09-20 23:05:08,945 - INFO - Prediction request Received
2026-09-20 23:05:08,945 - INFO - Preparing features for prediction
2026-09-20 23:05:08,945 - INFO - Building order features for order_id=test-order-001
2026-09-20 23:05:09,301 - ERROR - Failed to build order features for order_id=test-order-001
Traceback (most recent call last):
  File "D:\MlOps_tasks\task_3\src\data_access.py", line 214, in create_order_features
    raise ValueError(f"NO ORDER with order_id(s): {missing_ids}")
ValueError: NO ORDER with order_id(s): {'test-order-001'}
2026-09-20 23:05:09,301 - ERROR - Prediction failed: NO ORDER with order_id(s): {'test-order-001'}
Traceback (most recent call last):
  File "D:\MlOps_tasks\task_3\src\pipeline.py", line 51, in predict
    features = self.prepare_features(order_ids)
               ^^^^^^^^^^^^^^^^^^^^^^^^^^^^^^^^
  File "D:\MlOps_tasks\task_3\src\pipeline.py", line 30, in prepare_features
    data=create_order_features(order_ids)
         ^^^^^^^^^^^^^^^^^^^^^^^^^^^^^^^^
  File "D:\MlOps_tasks\task_3\src\data_access.py", line 214, in create_order_features
    raise ValueError(f"NO ORDER with order_id(s): {missing_ids}")
ValueError: NO ORDER with order_id(s): {'test-order-001'}
2026-09-20 23:05:09,318 - INFO - Creating missing value indicators for specific columns
2026-09-20 23:05:09,319 - WARNING - Missing values found in column 'avg_seller_lat'. Created indicator column 'avg_seller_lat_missing'.
2026-09-20 23:05:09,320 - WARNING - Missing values found in column 'distance_km'. Created indicator column 'distance_km_missing'.
2026-09-20 23:05:09,321 - WARNING - Missing values found in column 'max_product_length_cm'. Created indicator column 'max_product_length_cm_missing'.
2026-09-20 23:05:09,323 - WARNING - Missing values found in column 'avg_product_description_length'. Created indicator column 'avg_product_description_length_missing'.
2026-09-20 23:05:09,325 - WARNING - Missing values found in column 'num_payments'. Created indicator column 'num_payments_missing'.
2026-09-20 23:05:09,325 - WARNING - Missing values found in column 'total_payment_value'. Created indicator column 'total_payment_value_missing'.
2026-09-20 23:05:09,328 - WARNING - Missing values found in column 'customer_lat'. Created indicator column 'customer_lat_missing'.
2026-09-20 23:05:09,331 - INFO - Aligning features to match model's expected input
2026-09-20 23:05:39,390 - INFO - Loading MLflow model from URI: models:/olist-classifier@champion
2026-09-20 23:05:44,637 - INFO - Loading pickle artifact: models\transformers\imputer.pkl
2026-09-20 23:05:44,638 - INFO - Loading feature list: feature_list.txt
2026-09-20 23:05:44,638 - INFO - Feature list loaded with 117 columns
2026-09-20 23:05:44,733 - INFO - Prediction request Received
2026-09-20 23:05:44,733 - INFO - Preparing features for prediction
2026-09-20 23:05:44,733 - INFO - Building order features for order_id=9e6bc602a2466daa94736f31d1319c5d
2026-09-20 23:05:47,217 - INFO - Order feature creation completed for order_id=9e6bc602a2466daa94736f31d1319c5d
2026-09-20 23:05:47,272 - INFO - Dropping unused columns from the dataset
2026-09-20 23:05:47,275 - INFO - Adding date features
2026-09-20 23:05:47,277 - INFO - Calculating haversine distance
2026-09-20 23:05:47,278 - INFO - Calculating haversine distance
2026-09-20 23:05:47,279 - INFO - Creating missing value indicators for specific columns
2026-09-20 23:05:47,286 - INFO - Applying imputer to missing values
2026-09-20 23:05:47,299 - INFO - Aligning features to match model's expected input
2026-09-20 23:05:47,361 - INFO - Validating input data for required columns and non-empty DataFrame
2026-09-20 23:05:47,361 - INFO - Making predictions using the provided model
2026-09-20 23:05:47,386 - INFO - Prediction request: input=   num_sellers  num_items  ...  customer_lat_missing  customer_lng_missing
0          2.0        2.0  ...                     0                     0

[1 rows x 117 columns] output=[{'prediction': 0, 'probability': 0.168917715549469}] latency=2.653s model_version=1
2026-09-20 23:05:47,597 - INFO - Prediction request Received
2026-09-20 23:05:47,598 - INFO - Preparing features for prediction
2026-09-20 23:05:47,598 - INFO - Building order features for order_id=9e6bc602a2466daa94736f31d1319c5d, c0e57db4a4a6ef32aa28911d1c07df81
2026-09-20 23:05:50,033 - INFO - Order feature creation completed for order_id=9e6bc602a2466daa94736f31d1319c5d, c0e57db4a4a6ef32aa28911d1c07df81
2026-09-20 23:05:50,086 - INFO - Dropping unused columns from the dataset
2026-09-20 23:05:50,089 - INFO - Adding date features
2026-09-20 23:05:50,092 - INFO - Calculating haversine distance
2026-09-20 23:05:50,092 - INFO - Calculating haversine distance
2026-09-20 23:05:50,094 - INFO - Creating missing value indicators for specific columns
2026-09-20 23:05:50,100 - INFO - Applying imputer to missing values
2026-09-20 23:05:50,103 - INFO - Aligning features to match model's expected input
2026-09-20 23:05:50,163 - INFO - Validating input data for required columns and non-empty DataFrame
2026-09-20 23:05:50,163 - INFO - Making predictions using the provided model
2026-09-20 23:05:50,190 - INFO - Prediction request: input=   num_sellers  num_items  ...  customer_lat_missing  customer_lng_missing
0          2.0        2.0  ...                     0                     0
1          1.0        1.0  ...                     0                     0

[2 rows x 117 columns] output=[{'prediction': 0, 'probability': 0.168917715549469}, {'prediction': 0, 'probability': 0.17624437808990479}] latency=2.592s model_version=1
2026-09-20 23:05:50,403 - INFO - Adding date features
2026-09-20 23:05:50,408 - INFO - Calculating haversine distance
2026-09-20 23:05:50,409 - INFO - Calculating haversine distance
2026-09-20 23:05:50,410 - INFO - Calculating haversine distance
2026-09-20 23:05:50,413 - INFO - Project root resolved to: D:\MlOps_tasks\task_3
2026-09-20 23:05:50,415 - INFO - Loading MLflow model from URI: models:/olist-classifier@champion
2026-09-20 23:05:50,491 - INFO - Loading pickle artifact: models\transformers\imputer.pkl
2026-09-20 23:05:50,492 - INFO - Loading feature list: feature_list.txt
2026-09-20 23:05:50,492 - INFO - Feature list loaded with 117 columns
2026-09-20 23:05:50,492 - INFO - Prediction request Received
2026-09-20 23:05:50,492 - INFO - Preparing features for prediction
2026-09-20 23:05:50,492 - INFO - Building order features for order_id=9e6bc602a2466daa94736f31d1319c5d, 8fb4e4bd46f9802e9179726dd20019a5, 88a78af246c6c2db88e72b384796c98c, d7c663de1470a2d3671791d3f093991c, c0e57db4a4a6ef32aa28911d1c07df81
2026-09-20 23:05:53,000 - INFO - Order feature creation completed for order_id=9e6bc602a2466daa94736f31d1319c5d, 8fb4e4bd46f9802e9179726dd20019a5, 88a78af246c6c2db88e72b384796c98c, d7c663de1470a2d3671791d3f093991c, c0e57db4a4a6ef32aa28911d1c07df81
2026-09-20 23:05:53,051 - INFO - Dropping unused columns from the dataset
2026-09-20 23:05:53,054 - INFO - Adding date features
2026-09-20 23:05:53,055 - INFO - Calculating haversine distance
2026-09-20 23:05:53,055 - INFO - Calculating haversine distance
2026-09-20 23:05:53,057 - INFO - Creating missing value indicators for specific columns
2026-09-20 23:05:53,063 - INFO - Applying imputer to missing values
2026-09-20 23:05:53,066 - INFO - Aligning features to match model's expected input
2026-09-20 23:05:53,128 - INFO - Validating input data for required columns and non-empty DataFrame
2026-09-20 23:05:53,130 - INFO - Making predictions using the provided model
2026-09-20 23:05:53,156 - INFO - Prediction request: input=   num_sellers  num_items  ...  customer_lat_missing  customer_lng_missing
0          2.0        2.0  ...                     0                     0
1          1.0        1.0  ...                     0                     0
2          1.0        1.0  ...                     0                     0
3          1.0        1.0  ...                     0                     0
4          1.0        1.0  ...                     0                     0

[5 rows x 117 columns] output=[{'prediction': 0, 'probability': 0.168917715549469}, {'prediction': 0, 'probability': 0.20972174406051636}, {'prediction': 0, 'probability': 0.246858149766922}, {'prediction': 0, 'probability': 0.17072728276252747}, {'prediction': 0, 'probability': 0.17624437808990479}] latency=2.663s model_version=1
2026-09-20 23:05:53,389 - INFO - Prediction request Received
2026-09-20 23:05:53,389 - INFO - Preparing features for prediction
2026-09-20 23:05:53,389 - INFO - Building order features for order_id=e4309eeca1cfe3c6df5a187c38817a5c
2026-09-20 23:05:55,904 - INFO - Order feature creation completed for order_id=e4309eeca1cfe3c6df5a187c38817a5c
2026-09-20 23:05:55,956 - INFO - Dropping unused columns from the dataset
2026-09-20 23:05:55,958 - INFO - Adding date features
2026-09-20 23:05:55,961 - INFO - Calculating haversine distance
2026-09-20 23:05:55,961 - INFO - Calculating haversine distance
2026-09-20 23:05:55,962 - INFO - Creating missing value indicators for specific columns
2026-09-20 23:05:55,969 - INFO - Applying imputer to missing values
2026-09-20 23:05:55,972 - INFO - Aligning features to match model's expected input
2026-09-20 23:05:56,041 - INFO - Validating input data for required columns and non-empty DataFrame
2026-09-20 23:05:56,041 - INFO - Making predictions using the provided model
2026-09-20 23:05:56,065 - INFO - Prediction request: input=   num_sellers  num_items  ...  customer_lat_missing  customer_lng_missing
0          1.0        1.0  ...                     0                     0

[1 rows x 117 columns] output=[{'prediction': 1, 'probability': 0.5412375926971436}] latency=2.676s model_version=1
2026-09-20 23:05:56,285 - INFO - Project root resolved to: D:\MlOps_tasks\task_3
2026-09-20 23:05:56,287 - INFO - Loading MLflow model from URI: models:/olist-classifier@champion
2026-09-20 23:05:56,363 - INFO - Loading pickle artifact: models\transformers\imputer.pkl
2026-09-20 23:05:56,364 - INFO - Loading feature list: feature_list.txt
2026-09-20 23:05:56,364 - INFO - Feature list loaded with 117 columns
2026-09-20 23:05:56,365 - INFO - Prediction request Received
2026-09-20 23:05:56,365 - INFO - Preparing features for prediction
2026-09-20 23:05:56,365 - INFO - Building order features for order_id=test-order-001
2026-09-20 23:05:56,719 - ERROR - Failed to build order features for order_id=test-order-001
Traceback (most recent call last):
  File "D:\MlOps_tasks\task_3\src\data_access.py", line 214, in create_order_features
    raise ValueError(f"NO ORDER with order_id(s): {missing_ids}")
ValueError: NO ORDER with order_id(s): {'test-order-001'}
2026-09-20 23:05:56,719 - ERROR - Prediction failed: NO ORDER with order_id(s): {'test-order-001'}
Traceback (most recent call last):
  File "D:\MlOps_tasks\task_3\src\pipeline.py", line 51, in predict
    features = self.prepare_features(order_ids)
               ^^^^^^^^^^^^^^^^^^^^^^^^^^^^^^^^
  File "D:\MlOps_tasks\task_3\src\pipeline.py", line 30, in prepare_features
    data=create_order_features(order_ids)
         ^^^^^^^^^^^^^^^^^^^^^^^^^^^^^^^^
  File "D:\MlOps_tasks\task_3\src\data_access.py", line 214, in create_order_features
    raise ValueError(f"NO ORDER with order_id(s): {missing_ids}")
ValueError: NO ORDER with order_id(s): {'test-order-001'}
2026-09-20 23:05:56,738 - INFO - Creating missing value indicators for specific columns
2026-09-20 23:05:56,738 - WARNING - Missing values found in column 'avg_seller_lat'. Created indicator column 'avg_seller_lat_missing'.
2026-09-20 23:05:56,739 - WARNING - Missing values found in column 'distance_km'. Created indicator column 'distance_km_missing'.
2026-09-20 23:05:56,740 - WARNING - Missing values found in column 'max_product_length_cm'. Created indicator column 'max_product_length_cm_missing'.
2026-09-20 23:05:56,742 - WARNING - Missing values found in column 'avg_product_description_length'. Created indicator column 'avg_product_description_length_missing'.
2026-09-20 23:05:56,743 - WARNING - Missing values found in column 'num_payments'. Created indicator column 'num_payments_missing'.
2026-09-20 23:05:56,743 - WARNING - Missing values found in column 'total_payment_value'. Created indicator column 'total_payment_value_missing'.
2026-09-20 23:05:56,746 - WARNING - Missing values found in column 'customer_lat'. Created indicator column 'customer_lat_missing'.
2026-09-20 23:05:56,748 - INFO - Aligning features to match model's expected input
2026-09-20 23:06:52,603 - INFO - Loading MLflow model from URI: models:/olist-classifier@champion
2026-09-20 23:06:57,911 - INFO - Loading pickle artifact: models\transformers\imputer.pkl
2026-09-20 23:06:57,912 - INFO - Loading feature list: feature_list.txt
2026-09-20 23:06:57,912 - INFO - Feature list loaded with 117 columns
2026-09-20 23:06:58,010 - INFO - Prediction request Received
2026-09-20 23:06:58,010 - INFO - Preparing features for prediction
2026-09-20 23:06:58,010 - INFO - Building order features for order_id=9e6bc602a2466daa94736f31d1319c5d
2026-09-20 23:07:00,496 - INFO - Order feature creation completed for order_id=9e6bc602a2466daa94736f31d1319c5d
2026-09-20 23:07:00,549 - INFO - Dropping unused columns from the dataset
2026-09-20 23:07:00,552 - INFO - Adding date features
2026-09-20 23:07:00,555 - INFO - Calculating haversine distance
2026-09-20 23:07:00,555 - INFO - Calculating haversine distance
2026-09-20 23:07:00,556 - INFO - Creating missing value indicators for specific columns
2026-09-20 23:07:00,562 - INFO - Applying imputer to missing values
2026-09-20 23:07:00,577 - INFO - Aligning features to match model's expected input
2026-09-20 23:07:00,641 - INFO - Validating input data for required columns and non-empty DataFrame
2026-09-20 23:07:00,642 - INFO - Making predictions using the provided model
2026-09-20 23:07:00,670 - INFO - Prediction request: input=   num_sellers  num_items  ...  customer_lat_missing  customer_lng_missing
0          2.0        2.0  ...                     0                     0

[1 rows x 117 columns] output=[{'prediction': 0, 'probability': 0.168917715549469}] latency=2.660s model_version=1
2026-09-20 23:07:00,881 - INFO - Prediction request Received
2026-09-20 23:07:00,882 - INFO - Preparing features for prediction
2026-09-20 23:07:00,882 - INFO - Building order features for order_id=9e6bc602a2466daa94736f31d1319c5d, c0e57db4a4a6ef32aa28911d1c07df81
2026-09-20 23:07:03,333 - INFO - Order feature creation completed for order_id=9e6bc602a2466daa94736f31d1319c5d, c0e57db4a4a6ef32aa28911d1c07df81
2026-09-20 23:07:03,388 - INFO - Dropping unused columns from the dataset
2026-09-20 23:07:03,391 - INFO - Adding date features
2026-09-20 23:07:03,392 - INFO - Calculating haversine distance
2026-09-20 23:07:03,393 - INFO - Calculating haversine distance
2026-09-20 23:07:03,394 - INFO - Creating missing value indicators for specific columns
2026-09-20 23:07:03,402 - INFO - Applying imputer to missing values
2026-09-20 23:07:03,404 - INFO - Aligning features to match model's expected input
2026-09-20 23:07:03,464 - INFO - Validating input data for required columns and non-empty DataFrame
2026-09-20 23:07:03,464 - INFO - Making predictions using the provided model
2026-09-20 23:07:03,490 - INFO - Prediction request: input=   num_sellers  num_items  ...  customer_lat_missing  customer_lng_missing
0          2.0        2.0  ...                     0                     0
1          1.0        1.0  ...                     0                     0

[2 rows x 117 columns] output=[{'prediction': 0, 'probability': 0.168917715549469}, {'prediction': 0, 'probability': 0.17624437808990479}] latency=2.608s model_version=1
2026-09-20 23:07:03,699 - INFO - Adding date features
2026-09-20 23:07:03,706 - INFO - Calculating haversine distance
2026-09-20 23:07:03,708 - INFO - Calculating haversine distance
2026-09-20 23:07:03,709 - INFO - Calculating haversine distance
2026-09-20 23:07:03,713 - INFO - Project root resolved to: D:\MlOps_tasks\task_3
2026-09-20 23:07:03,716 - INFO - Loading MLflow model from URI: models:/olist-classifier@champion
2026-09-20 23:07:03,792 - INFO - Loading pickle artifact: models\transformers\imputer.pkl
2026-09-20 23:07:03,793 - INFO - Loading feature list: feature_list.txt
2026-09-20 23:07:03,793 - INFO - Feature list loaded with 117 columns
2026-09-20 23:07:03,794 - INFO - Prediction request Received
2026-09-20 23:07:03,794 - INFO - Preparing features for prediction
2026-09-20 23:07:03,794 - INFO - Building order features for order_id=9e6bc602a2466daa94736f31d1319c5d, 8fb4e4bd46f9802e9179726dd20019a5, 88a78af246c6c2db88e72b384796c98c, d7c663de1470a2d3671791d3f093991c, c0e57db4a4a6ef32aa28911d1c07df81
2026-09-20 23:07:06,273 - INFO - Order feature creation completed for order_id=9e6bc602a2466daa94736f31d1319c5d, 8fb4e4bd46f9802e9179726dd20019a5, 88a78af246c6c2db88e72b384796c98c, d7c663de1470a2d3671791d3f093991c, c0e57db4a4a6ef32aa28911d1c07df81
2026-09-20 23:07:06,326 - INFO - Dropping unused columns from the dataset
2026-09-20 23:07:06,329 - INFO - Adding date features
2026-09-20 23:07:06,332 - INFO - Calculating haversine distance
2026-09-20 23:07:06,332 - INFO - Calculating haversine distance
2026-09-20 23:07:06,334 - INFO - Creating missing value indicators for specific columns
2026-09-20 23:07:06,341 - INFO - Applying imputer to missing values
2026-09-20 23:07:06,343 - INFO - Aligning features to match model's expected input
2026-09-20 23:07:06,404 - INFO - Validating input data for required columns and non-empty DataFrame
2026-09-20 23:07:06,404 - INFO - Making predictions using the provided model
2026-09-20 23:07:06,429 - INFO - Prediction request: input=   num_sellers  num_items  ...  customer_lat_missing  customer_lng_missing
0          2.0        2.0  ...                     0                     0
1          1.0        1.0  ...                     0                     0
2          1.0        1.0  ...                     0                     0
3          1.0        1.0  ...                     0                     0
4          1.0        1.0  ...                     0                     0

[5 rows x 117 columns] output=[{'prediction': 0, 'probability': 0.168917715549469}, {'prediction': 0, 'probability': 0.20972174406051636}, {'prediction': 0, 'probability': 0.246858149766922}, {'prediction': 0, 'probability': 0.17072728276252747}, {'prediction': 0, 'probability': 0.17624437808990479}] latency=2.634s model_version=1
2026-09-20 23:07:06,647 - INFO - Prediction request Received
2026-09-20 23:07:06,648 - INFO - Preparing features for prediction
2026-09-20 23:07:06,648 - INFO - Building order features for order_id=e4309eeca1cfe3c6df5a187c38817a5c
2026-09-20 23:07:09,251 - INFO - Order feature creation completed for order_id=e4309eeca1cfe3c6df5a187c38817a5c
2026-09-20 23:07:09,304 - INFO - Dropping unused columns from the dataset
2026-09-20 23:07:09,307 - INFO - Adding date features
2026-09-20 23:07:09,309 - INFO - Calculating haversine distance
2026-09-20 23:07:09,309 - INFO - Calculating haversine distance
2026-09-20 23:07:09,310 - INFO - Creating missing value indicators for specific columns
2026-09-20 23:07:09,317 - INFO - Applying imputer to missing values
2026-09-20 23:07:09,320 - INFO - Aligning features to match model's expected input
2026-09-20 23:07:09,391 - INFO - Validating input data for required columns and non-empty DataFrame
2026-09-20 23:07:09,391 - INFO - Making predictions using the provided model
2026-09-20 23:07:09,415 - INFO - Prediction request: input=   num_sellers  num_items  ...  customer_lat_missing  customer_lng_missing
0          1.0        1.0  ...                     0                     0

[1 rows x 117 columns] output=[{'prediction': 1, 'probability': 0.5412375926971436}] latency=2.768s model_version=1
2026-09-20 23:07:09,623 - INFO - Project root resolved to: D:\MlOps_tasks\task_3
2026-09-20 23:07:09,625 - INFO - Loading MLflow model from URI: models:/olist-classifier@champion
2026-09-20 23:07:09,701 - INFO - Loading pickle artifact: models\transformers\imputer.pkl
2026-09-20 23:07:09,702 - INFO - Loading feature list: feature_list.txt
2026-09-20 23:07:09,702 - INFO - Feature list loaded with 117 columns
2026-09-20 23:07:09,702 - INFO - Prediction request Received
2026-09-20 23:07:09,703 - INFO - Preparing features for prediction
2026-09-20 23:07:09,703 - INFO - Building order features for order_id=test-order-001
2026-09-20 23:07:10,058 - ERROR - Failed to build order features for order_id=test-order-001
Traceback (most recent call last):
  File "D:\MlOps_tasks\task_3\src\data_access.py", line 214, in create_order_features
    raise ValueError(f"NO ORDER with order_id(s): {missing_ids}")
ValueError: NO ORDER with order_id(s): {'test-order-001'}
2026-09-20 23:07:10,059 - ERROR - Prediction failed: NO ORDER with order_id(s): {'test-order-001'}
Traceback (most recent call last):
  File "D:\MlOps_tasks\task_3\src\pipeline.py", line 51, in predict
    features = self.prepare_features(order_ids)
               ^^^^^^^^^^^^^^^^^^^^^^^^^^^^^^^^
  File "D:\MlOps_tasks\task_3\src\pipeline.py", line 30, in prepare_features
    data=create_order_features(order_ids)
         ^^^^^^^^^^^^^^^^^^^^^^^^^^^^^^^^
  File "D:\MlOps_tasks\task_3\src\data_access.py", line 214, in create_order_features
    raise ValueError(f"NO ORDER with order_id(s): {missing_ids}")
ValueError: NO ORDER with order_id(s): {'test-order-001'}
2026-09-20 23:07:10,076 - INFO - Creating missing value indicators for specific columns
2026-09-20 23:07:10,077 - WARNING - Missing values found in column 'avg_seller_lat'. Created indicator column 'avg_seller_lat_missing'.
2026-09-20 23:07:10,078 - WARNING - Missing values found in column 'distance_km'. Created indicator column 'distance_km_missing'.
2026-09-20 23:07:10,079 - WARNING - Missing values found in column 'max_product_length_cm'. Created indicator column 'max_product_length_cm_missing'.
2026-09-20 23:07:10,080 - WARNING - Missing values found in column 'avg_product_description_length'. Created indicator column 'avg_product_description_length_missing'.
2026-09-20 23:07:10,081 - WARNING - Missing values found in column 'num_payments'. Created indicator column 'num_payments_missing'.
2026-09-20 23:07:10,082 - WARNING - Missing values found in column 'total_payment_value'. Created indicator column 'total_payment_value_missing'.
2026-09-20 23:07:10,084 - WARNING - Missing values found in column 'customer_lat'. Created indicator column 'customer_lat_missing'.
2026-09-20 23:07:10,087 - INFO - Aligning features to match model's expected input
2026-09-20 23:08:17,705 - INFO - Loading MLflow model from URI: models:/olist-classifier@champion
2026-09-20 23:08:22,974 - INFO - Loading pickle artifact: models\transformers\imputer.pkl
2026-09-20 23:08:22,975 - INFO - Loading feature list: feature_list.txt
2026-09-20 23:08:22,975 - INFO - Feature list loaded with 117 columns
2026-09-20 23:08:23,059 - INFO - Prediction request Received
2026-09-20 23:08:23,060 - INFO - Preparing features for prediction
2026-09-20 23:08:23,060 - INFO - Building order features for order_id=9e6bc602a2466daa94736f31d1319c5d
2026-09-20 23:08:25,439 - INFO - Order feature creation completed for order_id=9e6bc602a2466daa94736f31d1319c5d
2026-09-20 23:08:25,498 - INFO - Dropping unused columns from the dataset
2026-09-20 23:08:25,500 - INFO - Adding date features
2026-09-20 23:08:25,503 - INFO - Calculating haversine distance
2026-09-20 23:08:25,503 - INFO - Calculating haversine distance
2026-09-20 23:08:25,505 - INFO - Creating missing value indicators for specific columns
2026-09-20 23:08:25,511 - INFO - Applying imputer to missing values
2026-09-20 23:08:25,526 - INFO - Aligning features to match model's expected input
2026-09-20 23:08:25,587 - INFO - Validating input data for required columns and non-empty DataFrame
2026-09-20 23:08:25,587 - INFO - Making predictions using the provided model
2026-09-20 23:08:25,613 - INFO - Prediction request: input=   num_sellers  num_items  ...  customer_lat_missing  customer_lng_missing
0          2.0        2.0  ...                     0                     0

[1 rows x 117 columns] output=[{'prediction': 0, 'probability': 0.168917715549469}] latency=2.554s model_version=1
2026-09-20 23:08:25,820 - INFO - Prediction request Received
2026-09-20 23:08:25,820 - INFO - Preparing features for prediction
2026-09-20 23:08:25,821 - INFO - Building order features for order_id=9e6bc602a2466daa94736f31d1319c5d, c0e57db4a4a6ef32aa28911d1c07df81
2026-09-20 23:08:28,244 - INFO - Order feature creation completed for order_id=9e6bc602a2466daa94736f31d1319c5d, c0e57db4a4a6ef32aa28911d1c07df81
2026-09-20 23:08:28,297 - INFO - Dropping unused columns from the dataset
2026-09-20 23:08:28,299 - INFO - Adding date features
2026-09-20 23:08:28,302 - INFO - Calculating haversine distance
2026-09-20 23:08:28,302 - INFO - Calculating haversine distance
2026-09-20 23:08:28,303 - INFO - Creating missing value indicators for specific columns
2026-09-20 23:08:28,310 - INFO - Applying imputer to missing values
2026-09-20 23:08:28,313 - INFO - Aligning features to match model's expected input
2026-09-20 23:08:28,372 - INFO - Validating input data for required columns and non-empty DataFrame
2026-09-20 23:08:28,372 - INFO - Making predictions using the provided model
2026-09-20 23:08:28,399 - INFO - Prediction request: input=   num_sellers  num_items  ...  customer_lat_missing  customer_lng_missing
0          2.0        2.0  ...                     0                     0
1          1.0        1.0  ...                     0                     0

[2 rows x 117 columns] output=[{'prediction': 0, 'probability': 0.168917715549469}, {'prediction': 0, 'probability': 0.17624437808990479}] latency=2.579s model_version=1
2026-09-20 23:08:28,612 - INFO - Adding date features
2026-09-20 23:08:28,617 - INFO - Calculating haversine distance
2026-09-20 23:08:28,618 - INFO - Calculating haversine distance
2026-09-20 23:08:28,619 - INFO - Calculating haversine distance
2026-09-20 23:08:28,622 - INFO - Project root resolved to: D:\MlOps_tasks\task_3
2026-09-20 23:08:28,625 - INFO - Loading MLflow model from URI: models:/olist-classifier@champion
2026-09-20 23:08:28,702 - INFO - Loading pickle artifact: models\transformers\imputer.pkl
2026-09-20 23:08:28,703 - INFO - Loading feature list: feature_list.txt
2026-09-20 23:08:28,703 - INFO - Feature list loaded with 117 columns
2026-09-20 23:08:28,704 - INFO - Prediction request Received
2026-09-20 23:08:28,704 - INFO - Preparing features for prediction
2026-09-20 23:08:28,704 - INFO - Building order features for order_id=9e6bc602a2466daa94736f31d1319c5d, 8fb4e4bd46f9802e9179726dd20019a5, 88a78af246c6c2db88e72b384796c98c, d7c663de1470a2d3671791d3f093991c, c0e57db4a4a6ef32aa28911d1c07df81
2026-09-20 23:08:31,179 - INFO - Order feature creation completed for order_id=9e6bc602a2466daa94736f31d1319c5d, 8fb4e4bd46f9802e9179726dd20019a5, 88a78af246c6c2db88e72b384796c98c, d7c663de1470a2d3671791d3f093991c, c0e57db4a4a6ef32aa28911d1c07df81
2026-09-20 23:08:31,231 - INFO - Dropping unused columns from the dataset
2026-09-20 23:08:31,234 - INFO - Adding date features
2026-09-20 23:08:31,236 - INFO - Calculating haversine distance
2026-09-20 23:08:31,237 - INFO - Calculating haversine distance
2026-09-20 23:08:31,238 - INFO - Creating missing value indicators for specific columns
2026-09-20 23:08:31,245 - INFO - Applying imputer to missing values
2026-09-20 23:08:31,248 - INFO - Aligning features to match model's expected input
2026-09-20 23:08:31,339 - INFO - Validating input data for required columns and non-empty DataFrame
2026-09-20 23:08:31,339 - INFO - Making predictions using the provided model
2026-09-20 23:08:31,364 - INFO - Prediction request: input=   num_sellers  num_items  ...  customer_lat_missing  customer_lng_missing
0          2.0        2.0  ...                     0                     0
1          1.0        1.0  ...                     0                     0
2          1.0        1.0  ...                     0                     0
3          1.0        1.0  ...                     0                     0
4          1.0        1.0  ...                     0                     0

[5 rows x 117 columns] output=[{'prediction': 0, 'probability': 0.168917715549469}, {'prediction': 0, 'probability': 0.20972174406051636}, {'prediction': 0, 'probability': 0.246858149766922}, {'prediction': 0, 'probability': 0.17072728276252747}, {'prediction': 0, 'probability': 0.17624437808990479}] latency=2.660s model_version=1
2026-09-20 23:08:31,585 - INFO - Prediction request Received
2026-09-20 23:08:31,586 - INFO - Preparing features for prediction
2026-09-20 23:08:31,586 - INFO - Building order features for order_id=e4309eeca1cfe3c6df5a187c38817a5c
2026-09-20 23:08:34,174 - INFO - Order feature creation completed for order_id=e4309eeca1cfe3c6df5a187c38817a5c
2026-09-20 23:08:34,227 - INFO - Dropping unused columns from the dataset
2026-09-20 23:08:34,230 - INFO - Adding date features
2026-09-20 23:08:34,231 - INFO - Calculating haversine distance
2026-09-20 23:08:34,232 - INFO - Calculating haversine distance
2026-09-20 23:08:34,233 - INFO - Creating missing value indicators for specific columns
2026-09-20 23:08:34,240 - INFO - Applying imputer to missing values
2026-09-20 23:08:34,243 - INFO - Aligning features to match model's expected input
2026-09-20 23:08:34,313 - INFO - Validating input data for required columns and non-empty DataFrame
2026-09-20 23:08:34,313 - INFO - Making predictions using the provided model
2026-09-20 23:08:34,337 - INFO - Prediction request: input=   num_sellers  num_items  ...  customer_lat_missing  customer_lng_missing
0          1.0        1.0  ...                     0                     0

[1 rows x 117 columns] output=[{'prediction': 1, 'probability': 0.5412375926971436}] latency=2.751s model_version=1
2026-09-20 23:08:34,543 - INFO - Project root resolved to: D:\MlOps_tasks\task_3
2026-09-20 23:08:34,546 - INFO - Loading MLflow model from URI: models:/olist-classifier@champion
2026-09-20 23:08:34,624 - INFO - Loading pickle artifact: models\transformers\imputer.pkl
2026-09-20 23:08:34,625 - INFO - Loading feature list: feature_list.txt
2026-09-20 23:08:34,625 - INFO - Feature list loaded with 117 columns
2026-09-20 23:08:34,625 - INFO - Prediction request Received
2026-09-20 23:08:34,626 - INFO - Preparing features for prediction
2026-09-20 23:08:34,626 - INFO - Building order features for order_id=test-order-001
2026-09-20 23:08:34,981 - ERROR - Failed to build order features for order_id=test-order-001
Traceback (most recent call last):
  File "D:\MlOps_tasks\task_3\src\data_access.py", line 214, in create_order_features
    raise ValueError(f"NO ORDER with order_id(s): {missing_ids}")
ValueError: NO ORDER with order_id(s): {'test-order-001'}
2026-09-20 23:08:34,982 - ERROR - Prediction failed: NO ORDER with order_id(s): {'test-order-001'}
Traceback (most recent call last):
  File "D:\MlOps_tasks\task_3\src\pipeline.py", line 51, in predict
    features = self.prepare_features(order_ids)
               ^^^^^^^^^^^^^^^^^^^^^^^^^^^^^^^^
  File "D:\MlOps_tasks\task_3\src\pipeline.py", line 30, in prepare_features
    data=create_order_features(order_ids)
         ^^^^^^^^^^^^^^^^^^^^^^^^^^^^^^^^
  File "D:\MlOps_tasks\task_3\src\data_access.py", line 214, in create_order_features
    raise ValueError(f"NO ORDER with order_id(s): {missing_ids}")
ValueError: NO ORDER with order_id(s): {'test-order-001'}
2026-09-20 23:08:34,996 - INFO - Creating missing value indicators for specific columns
2026-09-20 23:08:34,997 - WARNING - Missing values found in column 'avg_seller_lat'. Created indicator column 'avg_seller_lat_missing'.
2026-09-20 23:08:34,998 - WARNING - Missing values found in column 'distance_km'. Created indicator column 'distance_km_missing'.
2026-09-20 23:08:34,999 - WARNING - Missing values found in column 'max_product_length_cm'. Created indicator column 'max_product_length_cm_missing'.
2026-09-20 23:08:35,001 - WARNING - Missing values found in column 'avg_product_description_length'. Created indicator column 'avg_product_description_length_missing'.
2026-09-20 23:08:35,002 - WARNING - Missing values found in column 'num_payments'. Created indicator column 'num_payments_missing'.
2026-09-20 23:08:35,004 - WARNING - Missing values found in column 'total_payment_value'. Created indicator column 'total_payment_value_missing'.
2026-09-20 23:08:35,006 - WARNING - Missing values found in column 'customer_lat'. Created indicator column 'customer_lat_missing'.
2026-09-20 23:08:35,008 - INFO - Aligning features to match model's expected input
2026-09-20 23:09:25,149 - INFO - Loading MLflow model from URI: models:/olist-classifier@champion
2026-09-20 23:09:30,502 - INFO - Loading pickle artifact: models\transformers\imputer.pkl
2026-09-20 23:09:30,502 - INFO - Loading feature list: feature_list.txt
2026-09-20 23:09:30,504 - INFO - Feature list loaded with 117 columns
2026-09-20 23:09:30,594 - INFO - Prediction request Received
2026-09-20 23:09:30,595 - INFO - Preparing features for prediction
2026-09-20 23:09:30,595 - INFO - Building order features for order_id=9e6bc602a2466daa94736f31d1319c5d
2026-09-20 23:09:33,287 - INFO - Order feature creation completed for order_id=9e6bc602a2466daa94736f31d1319c5d
2026-09-20 23:09:33,338 - INFO - Dropping unused columns from the dataset
2026-09-20 23:09:33,338 - INFO - Adding date features
2026-09-20 23:09:33,338 - INFO - Calculating haversine distance
2026-09-20 23:09:33,338 - INFO - Calculating haversine distance
2026-09-20 23:09:33,355 - INFO - Creating missing value indicators for specific columns
2026-09-20 23:09:33,355 - INFO - Applying imputer to missing values
2026-09-20 23:09:33,375 - INFO - Aligning features to match model's expected input
2026-09-20 23:09:33,442 - INFO - Validating input data for required columns and non-empty DataFrame
2026-09-20 23:09:33,442 - INFO - Making predictions using the provided model
2026-09-20 23:09:33,480 - INFO - Prediction request: input=   num_sellers  num_items  ...  customer_lat_missing  customer_lng_missing
0          2.0        2.0  ...                     0                     0

[1 rows x 117 columns] output=[{'prediction': 0, 'probability': 0.168917715549469}] latency=2.885s model_version=1
2026-09-20 23:09:33,696 - INFO - Prediction request Received
2026-09-20 23:09:33,696 - INFO - Preparing features for prediction
2026-09-20 23:09:33,696 - INFO - Building order features for order_id=9e6bc602a2466daa94736f31d1319c5d, c0e57db4a4a6ef32aa28911d1c07df81
2026-09-20 23:09:36,214 - INFO - Order feature creation completed for order_id=9e6bc602a2466daa94736f31d1319c5d, c0e57db4a4a6ef32aa28911d1c07df81
2026-09-20 23:09:36,278 - INFO - Dropping unused columns from the dataset
2026-09-20 23:09:36,278 - INFO - Adding date features
2026-09-20 23:09:36,278 - INFO - Calculating haversine distance
2026-09-20 23:09:36,278 - INFO - Calculating haversine distance
2026-09-20 23:09:36,278 - INFO - Creating missing value indicators for specific columns
2026-09-20 23:09:36,293 - INFO - Applying imputer to missing values
2026-09-20 23:09:36,293 - INFO - Aligning features to match model's expected input
2026-09-20 23:09:36,356 - INFO - Validating input data for required columns and non-empty DataFrame
2026-09-20 23:09:36,356 - INFO - Making predictions using the provided model
2026-09-20 23:09:36,383 - INFO - Prediction request: input=   num_sellers  num_items  ...  customer_lat_missing  customer_lng_missing
0          2.0        2.0  ...                     0                     0
1          1.0        1.0  ...                     0                     0

[2 rows x 117 columns] output=[{'prediction': 0, 'probability': 0.168917715549469}, {'prediction': 0, 'probability': 0.17624437808990479}] latency=2.687s model_version=1
2026-09-20 23:09:36,594 - INFO - Adding date features
2026-09-20 23:09:36,594 - INFO - Calculating haversine distance
2026-09-20 23:09:36,602 - INFO - Calculating haversine distance
2026-09-20 23:09:36,602 - INFO - Calculating haversine distance
2026-09-20 23:09:36,605 - INFO - Project root resolved to: D:\MlOps_tasks\task_3
2026-09-20 23:09:36,610 - INFO - Loading MLflow model from URI: models:/olist-classifier@champion
2026-09-20 23:09:36,726 - INFO - Loading pickle artifact: models\transformers\imputer.pkl
2026-09-20 23:09:36,727 - INFO - Loading feature list: feature_list.txt
2026-09-20 23:09:36,727 - INFO - Feature list loaded with 117 columns
2026-09-20 23:09:36,727 - INFO - Prediction request Received
2026-09-20 23:09:36,727 - INFO - Preparing features for prediction
2026-09-20 23:09:36,728 - INFO - Building order features for order_id=9e6bc602a2466daa94736f31d1319c5d, 8fb4e4bd46f9802e9179726dd20019a5, 88a78af246c6c2db88e72b384796c98c, d7c663de1470a2d3671791d3f093991c, c0e57db4a4a6ef32aa28911d1c07df81
2026-09-20 23:09:39,225 - INFO - Order feature creation completed for order_id=9e6bc602a2466daa94736f31d1319c5d, 8fb4e4bd46f9802e9179726dd20019a5, 88a78af246c6c2db88e72b384796c98c, d7c663de1470a2d3671791d3f093991c, c0e57db4a4a6ef32aa28911d1c07df81
2026-09-20 23:09:39,274 - INFO - Dropping unused columns from the dataset
2026-09-20 23:09:39,283 - INFO - Adding date features
2026-09-20 23:09:39,285 - INFO - Calculating haversine distance
2026-09-20 23:09:39,286 - INFO - Calculating haversine distance
2026-09-20 23:09:39,287 - INFO - Creating missing value indicators for specific columns
2026-09-20 23:09:39,295 - INFO - Applying imputer to missing values
2026-09-20 23:09:39,298 - INFO - Aligning features to match model's expected input
2026-09-20 23:09:39,347 - INFO - Validating input data for required columns and non-empty DataFrame
2026-09-20 23:09:39,347 - INFO - Making predictions using the provided model
2026-09-20 23:09:39,384 - INFO - Prediction request: input=   num_sellers  num_items  ...  customer_lat_missing  customer_lng_missing
0          2.0        2.0  ...                     0                     0
1          1.0        1.0  ...                     0                     0
2          1.0        1.0  ...                     0                     0
3          1.0        1.0  ...                     0                     0
4          1.0        1.0  ...                     0                     0

[5 rows x 117 columns] output=[{'prediction': 0, 'probability': 0.168917715549469}, {'prediction': 0, 'probability': 0.20972174406051636}, {'prediction': 0, 'probability': 0.246858149766922}, {'prediction': 0, 'probability': 0.17072728276252747}, {'prediction': 0, 'probability': 0.17624437808990479}] latency=2.657s model_version=1
2026-09-20 23:09:39,601 - INFO - Prediction request Received
2026-09-20 23:09:39,601 - INFO - Preparing features for prediction
2026-09-20 23:09:39,601 - INFO - Building order features for order_id=e4309eeca1cfe3c6df5a187c38817a5c
2026-09-20 23:09:42,146 - INFO - Order feature creation completed for order_id=e4309eeca1cfe3c6df5a187c38817a5c
2026-09-20 23:09:42,201 - INFO - Dropping unused columns from the dataset
2026-09-20 23:09:42,205 - INFO - Adding date features
2026-09-20 23:09:42,207 - INFO - Calculating haversine distance
2026-09-20 23:09:42,207 - INFO - Calculating haversine distance
2026-09-20 23:09:42,207 - INFO - Creating missing value indicators for specific columns
2026-09-20 23:09:42,216 - INFO - Applying imputer to missing values
2026-09-20 23:09:42,219 - INFO - Aligning features to match model's expected input
2026-09-20 23:09:42,280 - INFO - Validating input data for required columns and non-empty DataFrame
2026-09-20 23:09:42,280 - INFO - Making predictions using the provided model
2026-09-20 23:09:42,332 - INFO - Prediction request: input=   num_sellers  num_items  ...  customer_lat_missing  customer_lng_missing
0          1.0        1.0  ...                     0                     0

[1 rows x 117 columns] output=[{'prediction': 1, 'probability': 0.5412375926971436}] latency=2.731s model_version=1
2026-09-20 23:09:42,528 - INFO - Project root resolved to: D:\MlOps_tasks\task_3
2026-09-20 23:09:42,540 - INFO - Loading MLflow model from URI: models:/olist-classifier@champion
2026-09-20 23:09:42,617 - INFO - Loading pickle artifact: models\transformers\imputer.pkl
2026-09-20 23:09:42,619 - INFO - Loading feature list: feature_list.txt
2026-09-20 23:09:42,619 - INFO - Feature list loaded with 117 columns
2026-09-20 23:09:42,619 - INFO - Prediction request Received
2026-09-20 23:09:42,619 - INFO - Preparing features for prediction
2026-09-20 23:09:42,619 - INFO - Building order features for order_id=test-order-001
2026-09-20 23:09:42,964 - ERROR - Failed to build order features for order_id=test-order-001
Traceback (most recent call last):
  File "D:\MlOps_tasks\task_3\src\data_access.py", line 214, in create_order_features
    raise ValueError(f"NO ORDER with order_id(s): {missing_ids}")
ValueError: NO ORDER with order_id(s): {'test-order-001'}
2026-09-20 23:09:42,964 - ERROR - Prediction failed: NO ORDER with order_id(s): {'test-order-001'}
Traceback (most recent call last):
  File "D:\MlOps_tasks\task_3\src\pipeline.py", line 51, in predict
    features = self.prepare_features(order_ids)
               ^^^^^^^^^^^^^^^^^^^^^^^^^^^^^^^^
  File "D:\MlOps_tasks\task_3\src\pipeline.py", line 30, in prepare_features
    data=create_order_features(order_ids)
         ^^^^^^^^^^^^^^^^^^^^^^^^^^^^^^^^
  File "D:\MlOps_tasks\task_3\src\data_access.py", line 214, in create_order_features
    raise ValueError(f"NO ORDER with order_id(s): {missing_ids}")
ValueError: NO ORDER with order_id(s): {'test-order-001'}
2026-09-20 23:09:42,988 - INFO - Creating missing value indicators for specific columns
2026-09-20 23:09:42,989 - WARNING - Missing values found in column 'avg_seller_lat'. Created indicator column 'avg_seller_lat_missing'.
2026-09-20 23:09:42,989 - WARNING - Missing values found in column 'distance_km'. Created indicator column 'distance_km_missing'.
2026-09-20 23:09:42,991 - WARNING - Missing values found in column 'max_product_length_cm'. Created indicator column 'max_product_length_cm_missing'.
2026-09-20 23:09:42,992 - WARNING - Missing values found in column 'avg_product_description_length'. Created indicator column 'avg_product_description_length_missing'.
2026-09-20 23:09:42,993 - WARNING - Missing values found in column 'num_payments'. Created indicator column 'num_payments_missing'.
2026-09-20 23:09:42,994 - WARNING - Missing values found in column 'total_payment_value'. Created indicator column 'total_payment_value_missing'.
2026-09-20 23:09:42,994 - WARNING - Missing values found in column 'customer_lat'. Created indicator column 'customer_lat_missing'.
2026-09-20 23:09:42,998 - INFO - Aligning features to match model's expected input
2026-09-20 23:10:06,365 - INFO - Loading MLflow model from URI: models:/olist-classifier@champion
2026-09-20 23:10:11,713 - INFO - Loading pickle artifact: models\transformers\imputer.pkl
2026-09-20 23:10:11,715 - INFO - Loading feature list: feature_list.txt
2026-09-20 23:10:11,715 - INFO - Feature list loaded with 117 columns
2026-09-20 23:10:11,797 - INFO - Prediction request Received
2026-09-20 23:10:11,797 - INFO - Preparing features for prediction
2026-09-20 23:10:11,797 - INFO - Building order features for order_id=9e6bc602a2466daa94736f31d1319c5d
2026-09-20 23:10:14,191 - INFO - Order feature creation completed for order_id=9e6bc602a2466daa94736f31d1319c5d
2026-09-20 23:10:14,256 - INFO - Dropping unused columns from the dataset
2026-09-20 23:10:14,260 - INFO - Adding date features
2026-09-20 23:10:14,262 - INFO - Calculating haversine distance
2026-09-20 23:10:14,262 - INFO - Calculating haversine distance
2026-09-20 23:10:14,262 - INFO - Creating missing value indicators for specific columns
2026-09-20 23:10:14,270 - INFO - Applying imputer to missing values
2026-09-20 23:10:14,286 - INFO - Aligning features to match model's expected input
2026-09-20 23:10:14,346 - INFO - Validating input data for required columns and non-empty DataFrame
2026-09-20 23:10:14,346 - INFO - Making predictions using the provided model
2026-09-20 23:10:14,372 - INFO - Prediction request: input=   num_sellers  num_items  ...  customer_lat_missing  customer_lng_missing
0          2.0        2.0  ...                     0                     0

[1 rows x 117 columns] output=[{'prediction': 0, 'probability': 0.168917715549469}] latency=2.575s model_version=1
2026-09-20 23:10:14,566 - INFO - Prediction request Received
2026-09-20 23:10:14,566 - INFO - Preparing features for prediction
2026-09-20 23:10:14,566 - INFO - Building order features for order_id=9e6bc602a2466daa94736f31d1319c5d, c0e57db4a4a6ef32aa28911d1c07df81
2026-09-20 23:10:17,135 - INFO - Order feature creation completed for order_id=9e6bc602a2466daa94736f31d1319c5d, c0e57db4a4a6ef32aa28911d1c07df81
2026-09-20 23:10:17,191 - INFO - Dropping unused columns from the dataset
2026-09-20 23:10:17,194 - INFO - Adding date features
2026-09-20 23:10:17,196 - INFO - Calculating haversine distance
2026-09-20 23:10:17,196 - INFO - Calculating haversine distance
2026-09-20 23:10:17,198 - INFO - Creating missing value indicators for specific columns
2026-09-20 23:10:17,205 - INFO - Applying imputer to missing values
2026-09-20 23:10:17,205 - INFO - Aligning features to match model's expected input
2026-09-20 23:10:17,252 - INFO - Validating input data for required columns and non-empty DataFrame
2026-09-20 23:10:17,252 - INFO - Making predictions using the provided model
2026-09-20 23:10:17,291 - INFO - Prediction request: input=   num_sellers  num_items  ...  customer_lat_missing  customer_lng_missing
0          2.0        2.0  ...                     0                     0
1          1.0        1.0  ...                     0                     0

[2 rows x 117 columns] output=[{'prediction': 0, 'probability': 0.168917715549469}, {'prediction': 0, 'probability': 0.17624437808990479}] latency=2.725s model_version=1
2026-09-20 23:10:17,508 - INFO - Adding date features
2026-09-20 23:10:17,514 - INFO - Calculating haversine distance
2026-09-20 23:10:17,515 - INFO - Calculating haversine distance
2026-09-20 23:10:17,516 - INFO - Calculating haversine distance
2026-09-20 23:10:17,519 - INFO - Project root resolved to: D:\MlOps_tasks\task_3
2026-09-20 23:10:17,523 - INFO - Loading MLflow model from URI: models:/olist-classifier@champion
2026-09-20 23:10:17,603 - INFO - Loading pickle artifact: models\transformers\imputer.pkl
2026-09-20 23:10:17,604 - INFO - Loading feature list: feature_list.txt
2026-09-20 23:10:17,604 - INFO - Feature list loaded with 117 columns
2026-09-20 23:10:17,604 - INFO - Prediction request Received
2026-09-20 23:10:17,604 - INFO - Preparing features for prediction
2026-09-20 23:10:17,605 - INFO - Building order features for order_id=9e6bc602a2466daa94736f31d1319c5d, 8fb4e4bd46f9802e9179726dd20019a5, 88a78af246c6c2db88e72b384796c98c, d7c663de1470a2d3671791d3f093991c, c0e57db4a4a6ef32aa28911d1c07df81
2026-09-20 23:10:20,114 - INFO - Order feature creation completed for order_id=9e6bc602a2466daa94736f31d1319c5d, 8fb4e4bd46f9802e9179726dd20019a5, 88a78af246c6c2db88e72b384796c98c, d7c663de1470a2d3671791d3f093991c, c0e57db4a4a6ef32aa28911d1c07df81
2026-09-20 23:10:20,163 - INFO - Dropping unused columns from the dataset
2026-09-20 23:10:20,163 - INFO - Adding date features
2026-09-20 23:10:20,178 - INFO - Calculating haversine distance
2026-09-20 23:10:20,178 - INFO - Calculating haversine distance
2026-09-20 23:10:20,178 - INFO - Creating missing value indicators for specific columns
2026-09-20 23:10:20,178 - INFO - Applying imputer to missing values
2026-09-20 23:10:20,178 - INFO - Aligning features to match model's expected input
2026-09-20 23:10:20,242 - INFO - Validating input data for required columns and non-empty DataFrame
2026-09-20 23:10:20,242 - INFO - Making predictions using the provided model
2026-09-20 23:10:20,272 - INFO - Prediction request: input=   num_sellers  num_items  ...  customer_lat_missing  customer_lng_missing
0          2.0        2.0  ...                     0                     0
1          1.0        1.0  ...                     0                     0
2          1.0        1.0  ...                     0                     0
3          1.0        1.0  ...                     0                     0
4          1.0        1.0  ...                     0                     0

[5 rows x 117 columns] output=[{'prediction': 0, 'probability': 0.168917715549469}, {'prediction': 0, 'probability': 0.20972174406051636}, {'prediction': 0, 'probability': 0.246858149766922}, {'prediction': 0, 'probability': 0.17072728276252747}, {'prediction': 0, 'probability': 0.17624437808990479}] latency=2.668s model_version=1
2026-09-20 23:10:20,474 - INFO - Prediction request Received
2026-09-20 23:10:20,474 - INFO - Preparing features for prediction
2026-09-20 23:10:20,474 - INFO - Building order features for order_id=e4309eeca1cfe3c6df5a187c38817a5c
2026-09-20 23:10:23,045 - INFO - Order feature creation completed for order_id=e4309eeca1cfe3c6df5a187c38817a5c
2026-09-20 23:10:23,097 - INFO - Dropping unused columns from the dataset
2026-09-20 23:10:23,101 - INFO - Adding date features
2026-09-20 23:10:23,103 - INFO - Calculating haversine distance
2026-09-20 23:10:23,103 - INFO - Calculating haversine distance
2026-09-20 23:10:23,103 - INFO - Creating missing value indicators for specific columns
2026-09-20 23:10:23,112 - INFO - Applying imputer to missing values
2026-09-20 23:10:23,114 - INFO - Aligning features to match model's expected input
2026-09-20 23:10:23,171 - INFO - Validating input data for required columns and non-empty DataFrame
2026-09-20 23:10:23,171 - INFO - Making predictions using the provided model
2026-09-20 23:10:23,206 - INFO - Prediction request: input=   num_sellers  num_items  ...  customer_lat_missing  customer_lng_missing
0          1.0        1.0  ...                     0                     0

[1 rows x 117 columns] output=[{'prediction': 1, 'probability': 0.5412375926971436}] latency=2.732s model_version=1
2026-09-20 23:10:23,410 - INFO - Project root resolved to: D:\MlOps_tasks\task_3
2026-09-20 23:10:23,426 - INFO - Loading MLflow model from URI: models:/olist-classifier@champion
2026-09-20 23:10:23,506 - INFO - Loading pickle artifact: models\transformers\imputer.pkl
2026-09-20 23:10:23,508 - INFO - Loading feature list: feature_list.txt
2026-09-20 23:10:23,508 - INFO - Feature list loaded with 117 columns
2026-09-20 23:10:23,508 - INFO - Prediction request Received
2026-09-20 23:10:23,508 - INFO - Preparing features for prediction
2026-09-20 23:10:23,508 - INFO - Building order features for order_id=test-order-001
2026-09-20 23:10:23,848 - ERROR - Failed to build order features for order_id=test-order-001
Traceback (most recent call last):
  File "D:\MlOps_tasks\task_3\src\data_access.py", line 214, in create_order_features
    raise ValueError(f"NO ORDER with order_id(s): {missing_ids}")
ValueError: NO ORDER with order_id(s): {'test-order-001'}
2026-09-20 23:10:23,848 - ERROR - Prediction failed: NO ORDER with order_id(s): {'test-order-001'}
Traceback (most recent call last):
  File "D:\MlOps_tasks\task_3\src\pipeline.py", line 51, in predict
    features = self.prepare_features(order_ids)
               ^^^^^^^^^^^^^^^^^^^^^^^^^^^^^^^^
  File "D:\MlOps_tasks\task_3\src\pipeline.py", line 30, in prepare_features
    data=create_order_features(order_ids)
         ^^^^^^^^^^^^^^^^^^^^^^^^^^^^^^^^
  File "D:\MlOps_tasks\task_3\src\data_access.py", line 214, in create_order_features
    raise ValueError(f"NO ORDER with order_id(s): {missing_ids}")
ValueError: NO ORDER with order_id(s): {'test-order-001'}
2026-09-20 23:10:23,877 - INFO - Creating missing value indicators for specific columns
2026-09-20 23:10:23,879 - WARNING - Missing values found in column 'avg_seller_lat'. Created indicator column 'avg_seller_lat_missing'.
2026-09-20 23:10:23,880 - WARNING - Missing values found in column 'distance_km'. Created indicator column 'distance_km_missing'.
2026-09-20 23:10:23,881 - WARNING - Missing values found in column 'max_product_length_cm'. Created indicator column 'max_product_length_cm_missing'.
2026-09-20 23:10:23,882 - WARNING - Missing values found in column 'avg_product_description_length'. Created indicator column 'avg_product_description_length_missing'.
2026-09-20 23:10:23,885 - WARNING - Missing values found in column 'num_payments'. Created indicator column 'num_payments_missing'.
2026-09-20 23:10:23,886 - WARNING - Missing values found in column 'total_payment_value'. Created indicator column 'total_payment_value_missing'.
2026-09-20 23:10:23,888 - WARNING - Missing values found in column 'customer_lat'. Created indicator column 'customer_lat_missing'.
2026-09-20 23:10:23,890 - INFO - Aligning features to match model's expected input
2026-09-20 23:12:18,200 - INFO - Loading MLflow model from URI: models:/olist-classifier@champion
2026-09-20 23:12:26,046 - INFO - Loading pickle artifact: models\transformers\imputer.pkl
2026-09-20 23:12:26,048 - INFO - Loading feature list: feature_list.txt
2026-09-20 23:12:26,048 - INFO - Feature list loaded with 117 columns
2026-09-20 23:12:26,261 - INFO - Prediction request Received
2026-09-20 23:12:26,261 - INFO - Preparing features for prediction
2026-09-20 23:12:26,262 - INFO - Building order features for order_id=9e6bc602a2466daa94736f31d1319c5d
2026-09-20 23:12:28,111 - INFO - Order feature creation completed for order_id=9e6bc602a2466daa94736f31d1319c5d
2026-09-20 23:12:28,117 - INFO - Dropping unused columns from the dataset
2026-09-20 23:12:28,122 - INFO - Adding date features
2026-09-20 23:12:28,126 - INFO - Calculating haversine distance
2026-09-20 23:12:28,127 - INFO - Calculating haversine distance
2026-09-20 23:12:28,128 - INFO - Creating missing value indicators for specific columns
2026-09-20 23:12:28,138 - INFO - Applying imputer to missing values
2026-09-20 23:12:28,161 - INFO - Aligning features to match model's expected input
2026-09-20 23:12:28,234 - INFO - Validating input data for required columns and non-empty DataFrame
2026-09-20 23:12:28,234 - INFO - Making predictions using the provided model
2026-09-20 23:12:28,281 - INFO - Prediction request: input=   num_sellers  num_items  ...  customer_lat_missing  customer_lng_missing
0          2.0        2.0  ...                     0                     0

[1 rows x 117 columns] output=[{'prediction': 0, 'probability': 0.168917715549469}] latency=2.020s model_version=1
2026-09-20 23:12:28,540 - INFO - Prediction request Received
2026-09-20 23:12:28,541 - INFO - Preparing features for prediction
2026-09-20 23:12:28,541 - INFO - Building order features for order_id=9e6bc602a2466daa94736f31d1319c5d, c0e57db4a4a6ef32aa28911d1c07df81
2026-09-20 23:12:30,277 - INFO - Order feature creation completed for order_id=9e6bc602a2466daa94736f31d1319c5d, c0e57db4a4a6ef32aa28911d1c07df81
2026-09-20 23:12:30,284 - INFO - Dropping unused columns from the dataset
2026-09-20 23:12:30,289 - INFO - Adding date features
2026-09-20 23:12:30,292 - INFO - Calculating haversine distance
2026-09-20 23:12:30,293 - INFO - Calculating haversine distance
2026-09-20 23:12:30,294 - INFO - Creating missing value indicators for specific columns
2026-09-20 23:12:30,303 - INFO - Applying imputer to missing values
2026-09-20 23:12:30,307 - INFO - Aligning features to match model's expected input
2026-09-20 23:12:30,374 - INFO - Validating input data for required columns and non-empty DataFrame
2026-09-20 23:12:30,375 - INFO - Making predictions using the provided model
2026-09-20 23:12:30,408 - INFO - Prediction request: input=   num_sellers  num_items  ...  customer_lat_missing  customer_lng_missing
0          2.0        2.0  ...                     0                     0
1          1.0        1.0  ...                     0                     0

[2 rows x 117 columns] output=[{'prediction': 0, 'probability': 0.168917715549469}, {'prediction': 0, 'probability': 0.17624437808990479}] latency=1.868s model_version=1
2026-09-20 23:12:30,636 - INFO - Adding date features
2026-09-20 23:12:30,659 - INFO - Calculating haversine distance
2026-09-20 23:12:30,660 - INFO - Calculating haversine distance
2026-09-20 23:12:30,661 - INFO - Calculating haversine distance
2026-09-20 23:12:30,664 - INFO - Project root resolved to: D:\MlOps_tasks\task_3
2026-09-20 23:12:30,667 - INFO - Loading MLflow model from URI: models:/olist-classifier@champion
2026-09-20 23:12:30,746 - INFO - Loading pickle artifact: models\transformers\imputer.pkl
2026-09-20 23:12:30,747 - INFO - Loading feature list: feature_list.txt
2026-09-20 23:12:30,747 - INFO - Feature list loaded with 117 columns
2026-09-20 23:12:30,747 - INFO - Prediction request Received
2026-09-20 23:12:30,747 - INFO - Preparing features for prediction
2026-09-20 23:12:30,748 - INFO - Building order features for order_id=9e6bc602a2466daa94736f31d1319c5d, 8fb4e4bd46f9802e9179726dd20019a5, 88a78af246c6c2db88e72b384796c98c, d7c663de1470a2d3671791d3f093991c, c0e57db4a4a6ef32aa28911d1c07df81
2026-09-20 23:12:32,480 - INFO - Order feature creation completed for order_id=9e6bc602a2466daa94736f31d1319c5d, 8fb4e4bd46f9802e9179726dd20019a5, 88a78af246c6c2db88e72b384796c98c, d7c663de1470a2d3671791d3f093991c, c0e57db4a4a6ef32aa28911d1c07df81
2026-09-20 23:12:32,487 - INFO - Dropping unused columns from the dataset
2026-09-20 23:12:32,491 - INFO - Adding date features
2026-09-20 23:12:32,493 - INFO - Calculating haversine distance
2026-09-20 23:12:32,493 - INFO - Calculating haversine distance
2026-09-20 23:12:32,495 - INFO - Creating missing value indicators for specific columns
2026-09-20 23:12:32,504 - INFO - Applying imputer to missing values
2026-09-20 23:12:32,508 - INFO - Aligning features to match model's expected input
2026-09-20 23:12:32,577 - INFO - Validating input data for required columns and non-empty DataFrame
2026-09-20 23:12:32,578 - INFO - Making predictions using the provided model
2026-09-20 23:12:32,610 - INFO - Prediction request: input=   num_sellers  num_items  ...  customer_lat_missing  customer_lng_missing
0          2.0        2.0  ...                     0                     0
1          1.0        1.0  ...                     0                     0
2          1.0        1.0  ...                     0                     0
3          1.0        1.0  ...                     0                     0
4          1.0        1.0  ...                     0                     0

[5 rows x 117 columns] output=[{'prediction': 0, 'probability': 0.168917715549469}, {'prediction': 0, 'probability': 0.20972174406051636}, {'prediction': 0, 'probability': 0.246858149766922}, {'prediction': 0, 'probability': 0.17072728276252747}, {'prediction': 0, 'probability': 0.17624437808990479}] latency=1.863s model_version=1
2026-09-20 23:12:32,856 - INFO - Prediction request Received
2026-09-20 23:12:32,856 - INFO - Preparing features for prediction
2026-09-20 23:12:32,856 - INFO - Building order features for order_id=e4309eeca1cfe3c6df5a187c38817a5c
2026-09-20 23:12:34,459 - INFO - Order feature creation completed for order_id=e4309eeca1cfe3c6df5a187c38817a5c
2026-09-20 23:12:34,465 - INFO - Dropping unused columns from the dataset
2026-09-20 23:12:34,469 - INFO - Adding date features
2026-09-20 23:12:34,472 - INFO - Calculating haversine distance
2026-09-20 23:12:34,472 - INFO - Calculating haversine distance
2026-09-20 23:12:34,473 - INFO - Creating missing value indicators for specific columns
2026-09-20 23:12:34,483 - INFO - Applying imputer to missing values
2026-09-20 23:12:34,486 - INFO - Aligning features to match model's expected input
2026-09-20 23:12:34,563 - INFO - Validating input data for required columns and non-empty DataFrame
2026-09-20 23:12:34,563 - INFO - Making predictions using the provided model
2026-09-20 23:12:34,596 - INFO - Prediction request: input=   num_sellers  num_items  ...  customer_lat_missing  customer_lng_missing
0          1.0        1.0  ...                     0                     0

[1 rows x 117 columns] output=[{'prediction': 1, 'probability': 0.5412375926971436}] latency=1.740s model_version=1
2026-09-20 23:12:34,835 - INFO - Project root resolved to: D:\MlOps_tasks\task_3
2026-09-20 23:12:34,838 - INFO - Loading MLflow model from URI: models:/olist-classifier@champion
2026-09-20 23:12:34,908 - INFO - Loading pickle artifact: models\transformers\imputer.pkl
2026-09-20 23:12:34,909 - INFO - Loading feature list: feature_list.txt
2026-09-20 23:12:34,909 - INFO - Feature list loaded with 117 columns
2026-09-20 23:12:34,909 - INFO - Prediction request Received
2026-09-20 23:12:34,909 - INFO - Preparing features for prediction
2026-09-20 23:12:34,909 - INFO - Building order features for order_id=test-order-001
2026-09-20 23:12:35,312 - ERROR - Failed to build order features for order_id=test-order-001
Traceback (most recent call last):
  File "D:\MlOps_tasks\task_3\src\data_access.py", line 214, in create_order_features
    raise ValueError(f"NO ORDER with order_id(s): {missing_ids}")
ValueError: NO ORDER with order_id(s): {'test-order-001'}
2026-09-20 23:12:35,312 - ERROR - Prediction failed: NO ORDER with order_id(s): {'test-order-001'}
Traceback (most recent call last):
  File "D:\MlOps_tasks\task_3\src\pipeline.py", line 51, in predict
    features = self.prepare_features(order_ids)
  File "D:\MlOps_tasks\task_3\src\pipeline.py", line 30, in prepare_features
    data=create_order_features(order_ids)
  File "D:\MlOps_tasks\task_3\src\data_access.py", line 214, in create_order_features
    raise ValueError(f"NO ORDER with order_id(s): {missing_ids}")
ValueError: NO ORDER with order_id(s): {'test-order-001'}
2026-09-20 23:12:35,316 - INFO - Creating missing value indicators for specific columns
2026-09-20 23:12:35,317 - WARNING - Missing values found in column 'avg_seller_lat'. Created indicator column 'avg_seller_lat_missing'.
2026-09-20 23:12:35,318 - WARNING - Missing values found in column 'distance_km'. Created indicator column 'distance_km_missing'.
2026-09-20 23:12:35,319 - WARNING - Missing values found in column 'max_product_length_cm'. Created indicator column 'max_product_length_cm_missing'.
2026-09-20 23:12:35,321 - WARNING - Missing values found in column 'avg_product_description_length'. Created indicator column 'avg_product_description_length_missing'.
2026-09-20 23:12:35,322 - WARNING - Missing values found in column 'num_payments'. Created indicator column 'num_payments_missing'.
2026-09-20 23:12:35,323 - WARNING - Missing values found in column 'total_payment_value'. Created indicator column 'total_payment_value_missing'.
2026-09-20 23:12:35,326 - WARNING - Missing values found in column 'customer_lat'. Created indicator column 'customer_lat_missing'.
2026-09-20 23:12:35,328 - INFO - Aligning features to match model's expected input
